trades,win_rate,mean_R,total_R,profit_factor,max_drawdown_R,losing_streak,avg_holding_bars,window,hypothesis,direction,barrier,horizon
230,0.6260869565217392,-0.010923913043478261,-2.5125,0.9644373673036093,-13.8,5,2.3130434782608695,1,S1_LONG_CONTINUATION,long,0.50R,5
229,0.62882096069869,-0.026801310043668126,-6.137500000000001,0.9204084940833198,-12.625,6,2.8253275109170306,1,S1_LONG_CONTINUATION,long,0.50R,10
228,0.6359649122807017,-0.04100877192982456,-9.35,0.8843179709248375,-14.0125,6,3.043859649122807,1,S1_LONG_CONTINUATION,long,0.50R,15
219,0.5707762557077626,-0.02162100456621004,-4.7349999999999985,0.9379016393442625,-10.295000000000002,5,2.712328767123288,1,S1_LONG_CONTINUATION,long,0.67R,5
218,0.5642201834862385,-0.039174311926605504,-8.54,0.9010141987829615,-13.210000000000004,6,3.555045871559633,1,S1_LONG_CONTINUATION,long,0.67R,10
217,0.5714285714285714,-0.04923963133640554,-10.685000000000002,0.8818684355997789,-14.587500000000006,6,3.9400921658986174,1,S1_LONG_CONTINUATION,long,0.67R,15
216,0.5555555555555556,-0.008275462962962967,-1.787500000000001,0.9768795472918351,-8.5625,6,2.800925925925926,1,S1_LONG_CONTINUATION,long,0.75R,5
215,0.5441860465116279,-0.03796511627906977,-8.1625,0.9085690282833939,-10.625,8,3.7209302325581395,1,S1_LONG_CONTINUATION,long,0.75R,10
214,0.5467289719626168,-0.0467873831775701,-10.012500000000001,0.8933564105977899,-11.9375,8,4.158878504672897,1,S1_LONG_CONTINUATION,long,0.75R,15
206,0.5242718446601942,0.009708737864077673,2.0000000000000004,1.0257069408740362,-10.425,6,3.1941747572815533,1,S1_LONG_CONTINUATION,long,1.00R,5
204,0.5098039215686274,-0.001960784313725491,-0.40000000000000013,0.9954904171364148,-9.425,8,4.490196078431373,1,S1_LONG_CONTINUATION,long,1.00R,10
203,0.5024630541871922,-0.0063423645320197074,-1.2875000000000005,0.9865324267782426,-11.0,8,5.201970443349754,1,S1_LONG_CONTINUATION,long,1.00R,15
262,0.6450381679389313,0.04923664122137404,12.899999999999999,1.1941309255079002,-6.812500000000001,3,2.4236641221374047,1,S1_LONG_CONTINUATION_15,long,0.50R,5
261,0.6475095785440613,0.02399425287356322,6.2625,1.081107333657115,-11.7125,3,3.1264367816091956,1,S1_LONG_CONTINUATION_15,long,0.50R,10
260,0.6653846153846154,0.02254807692307692,5.8625,1.0739164696611507,-11.4,3,3.473076923076923,1,S1_LONG_CONTINUATION_15,long,0.50R,15
247,0.5910931174089069,0.0402834008097166,9.950000000000001,1.1304490331039,-10.430000000000001,4,2.8097165991902835,1,S1_LONG_CONTINUATION_15,long,0.67R,5
244,0.5901639344262295,0.021772540983606547,5.312499999999997,1.0605154492382172,-12.990000000000002,6,3.6434426229508197,1,S1_LONG_CONTINUATION_15,long,0.67R,10
243,0.5925925925925926,0.014660493827160486,3.5624999999999982,1.0391375995605603,-14.307500000000005,6,4.061728395061729,1,S1_LONG_CONTINUATION_15,long,0.67R,15
241,0.5767634854771784,0.05321576763485478,12.825000000000001,1.1667750325097528,-7.774999999999999,4,2.9419087136929463,1,S1_LONG_CONTINUATION_15,long,0.75R,5
238,0.5714285714285714,0.03051470588235294,7.2625,1.0811679240011178,-12.1,6,3.861344537815126,1,S1_LONG_CONTINUATION_15,long,0.75R,10
237,0.569620253164557,0.024789029535864975,5.874999999999999,1.0630618542868644,-13.8125,6,4.345991561181434,1,S1_LONG_CONTINUATION_15,long,0.75R,15
227,0.5374449339207048,0.07610132158590308,17.275,1.2235160925117259,-8.0,7,3.2731277533039647,1,S1_LONG_CONTINUATION_15,long,1.00R,5
221,0.5339366515837104,0.06374434389140271,14.087499999999999,1.1584868513570528,-8.0,7,4.570135746606335,1,S1_LONG_CONTINUATION_15,long,1.00R,10
220,0.5227272727272727,0.06335227272727272,13.937499999999998,1.1488850313793566,-8.250000000000002,7,5.340909090909091,1,S1_LONG_CONTINUATION_15,long,1.00R,15
712,0.6699438202247191,0.027141853932584267,19.325,1.0921554601812113,-12.025,5,2.181179775280899,1,S2_LONG_CONTINUATION,long,0.50R,5
695,0.6776978417266187,0.02737410071942446,19.025,1.0887101474616776,-12.2375,5,2.464748201438849,1,S2_LONG_CONTINUATION,long,0.50R,10
695,0.6762589928057554,0.026384892086330932,18.3375,1.0848172987974098,-12.5,5,2.5841726618705034,1,S2_LONG_CONTINUATION,long,0.50R,15
669,0.5919282511210763,0.0018572496263079272,1.2425000000000033,1.0051502590673576,-20.652500000000007,6,2.5739910313901344,1,S2_LONG_CONTINUATION,long,0.67R,5
646,0.586687306501548,-0.011667956656346751,-7.537500000000001,0.970442625361502,-22.620000000000008,6,3.01702786377709,1,S2_LONG_CONTINUATION,long,0.67R,10
645,0.5844961240310077,-0.012503875968992245,-8.064999999999998,0.9688143457876166,-21.65750000000001,7,3.2,1,S2_LONG_CONTINUATION,long,0.67R,15
657,0.563165905631659,-0.007134703196347023,-4.687499999999994,0.9814264487369985,-21.437500000000004,6,2.7031963470319633,1,S2_LONG_CONTINUATION,long,0.75R,5
630,0.5587301587301587,-0.018650793650793654,-11.750000000000002,0.9557272042200454,-24.7,6,3.2111111111111112,1,S2_LONG_CONTINUATION,long,0.75R,10
626,0.5559105431309904,-0.014796325878594248,-9.2625,0.9654319835790258,-24.35,7,3.3945686900958467,1,S2_LONG_CONTINUATION,long,0.75R,15
609,0.5205254515599343,0.007101806239737273,4.324999999999999,1.0172559972071216,-16.6125,7,3.0788177339901477,1,S2_LONG_CONTINUATION,long,1.00R,5
572,0.4965034965034965,-0.00939685314685315,-5.375000000000002,0.9800806040672627,-21.5125,7,3.8374125874125875,1,S2_LONG_CONTINUATION,long,1.00R,10
564,0.4946808510638298,-0.004609929078014187,-2.6000000000000014,0.990510515990693,-19.6875,7,4.154255319148936,1,S2_LONG_CONTINUATION,long,1.00R,15
615,0.6536585365853659,0.024451219512195123,15.037500000000001,1.0851681415929204,-17.900000000000002,6,2.3983739837398375,1,S2_LONG_CONTINUATION_30,long,0.50R,5
587,0.6695059625212947,0.025702725724020443,15.0875,1.0841525482813916,-20.0,6,2.8091993185689947,1,S2_LONG_CONTINUATION_30,long,0.50R,10
582,0.6769759450171822,0.024463058419243983,14.237499999999997,1.0787472345132745,-20.6375,6,2.957044673539519,1,S2_LONG_CONTINUATION_30,long,0.50R,15
562,0.6067615658362989,0.03979537366548043,22.365000000000002,1.12493540953844,-14.21,8,2.832740213523132,1,S2_LONG_CONTINUATION_30,long,0.67R,5
522,0.6015325670498084,0.026896551724137935,14.040000000000003,1.073865579376562,-19.057500000000005,8,3.4636015325670497,1,S2_LONG_CONTINUATION_30,long,0.67R,10
512,0.619140625,0.03780761718749999,19.357499999999995,1.1028013807753585,-16.115000000000002,8,3.630859375,1,S2_LONG_CONTINUATION_30,long,0.67R,15
548,0.5711678832116789,0.028010948905109488,15.35,1.0823277017967285,-14.700000000000001,8,2.968978102189781,1,S2_LONG_CONTINUATION_30,long,0.75R,5
506,0.5810276679841897,0.033498023715415014,16.949999999999996,1.087772671370315,-16.35,8,3.685770750988142,1,S2_LONG_CONTINUATION_30,long,0.75R,10
497,0.5915492957746479,0.038958752515090546,19.3625,1.099409575150815,-15.5375,8,3.915492957746479,1,S2_LONG_CONTINUATION_30,long,0.75R,15
512,0.51953125,0.023632812499999996,12.099999999999998,1.0620393514067807,-14.675,8,3.3359375,1,S2_LONG_CONTINUATION_30,long,1.00R,5
463,0.5140388768898488,0.024757019438444928,11.462500000000002,1.0565316564946674,-16.9875,9,4.365010799136069,1,S2_LONG_CONTINUATION_30,long,1.00R,10
449,0.5256124721603563,0.041230512249443206,18.5125,1.0906531186876416,-14.65,9,4.712694877505568,1,S2_LONG_CONTINUATION_30,long,1.00R,15
450,0.6088888888888889,-0.043777777777777784,-19.700000000000003,0.8710205417791962,-27.5,6,1.9955555555555555,1,S1_SHORT_CONTINUATION,short,0.50R,5
448,0.6205357142857143,-0.039090401785714275,-17.512499999999996,0.886319376825706,-27.087500000000002,6,2.40625,1,S1_SHORT_CONTINUATION,short,0.50R,10
446,0.6233183856502242,-0.04616031390134529,-20.5875,0.8700694225307669,-28.7875,6,2.6278026905829597,1,S1_SHORT_CONTINUATION,short,0.50R,15
428,0.5630841121495327,-0.0211857476635514,-9.067499999999999,0.9435442446883027,-25.250000000000007,6,2.2733644859813085,1,S1_SHORT_CONTINUATION,short,0.67R,5
424,0.5731132075471698,-0.018832547169811323,-7.985,0.9516280478570349,-24.697500000000005,6,2.813679245283019,1,S1_SHORT_CONTINUATION,short,0.67R,10
422,0.5687203791469194,-0.030035545023696677,-12.674999999999997,0.9257958287596048,-26.397500000000004,6,3.1113744075829386,1,S1_SHORT_CONTINUATION,short,0.67R,15
419,0.5584725536992841,0.008114558472553697,3.3999999999999986,1.0215873015873014,-21.087500000000002,7,2.389021479713604,1,S1_SHORT_CONTINUATION,short,0.75R,5
415,0.563855421686747,0.010813253012048187,4.487499999999998,1.027417137620284,-20.8375,7,3.0096385542168673,1,S1_SHORT_CONTINUATION,short,0.75R,10
413,0.5617433414043583,0.00021186440677965757,0.08749999999999858,1.0005147815855273,-22.5375,6,3.351089588377724,1,S1_SHORT_CONTINUATION,short,0.75R,15
399,0.5288220551378446,0.04812030075187971,19.200000000000003,1.1207357333752554,-16.075000000000003,7,2.699248120300752,1,S1_SHORT_CONTINUATION,short,1.00R,5
390,0.5102564102564102,0.029519230769230773,11.512500000000001,1.0677305486100896,-20.674999999999997,8,3.6,1,S1_SHORT_CONTINUATION,short,1.00R,10
388,0.5103092783505154,0.028704896907216497,11.137500000000001,1.0626538218128119,-23.012500000000003,10,4.131443298969073,1,S1_SHORT_CONTINUATION,short,1.00R,15
520,0.6384615384615384,-0.008365384615384618,-4.350000000000001,0.9737080689029919,-23.3875,5,1.9653846153846153,1,S1_SHORT_CONTINUATION_15,short,0.50R,5
516,0.6531007751937985,0.003657945736434107,1.8874999999999993,1.0113945064895864,-22.65,5,2.2771317829457365,1,S1_SHORT_CONTINUATION_15,short,0.50R,10
515,0.6640776699029126,0.0034951456310679625,1.8000000000000007,1.0106951871657754,-23.1625,5,2.436893203883495,1,S1_SHORT_CONTINUATION_15,short,0.50R,15
497,0.5895372233400402,0.01766096579476862,8.777500000000003,1.0498261548286383,-19.519999999999907,6,2.2132796780684103,1,S1_SHORT_CONTINUATION_15,short,0.67R,5
492,0.5955284552845529,0.02226117886178862,10.9525,1.0600589485228595,-19.137499999999903,6,2.6747967479674797,1,S1_SHORT_CONTINUATION_15,short,0.67R,10
491,0.6069246435845214,0.020168024439918532,9.9025,1.0531000737314833,-18.974999999999902,6,2.9246435845213847,1,S1_SHORT_CONTINUATION_15,short,0.67R,15
487,0.5811088295687885,0.0445841889117043,21.712499999999995,1.1242400400543595,-17.674999999999997,6,2.3018480492813143,1,S1_SHORT_CONTINUATION_15,short,0.75R,5
481,0.577962577962578,0.03916320166320166,18.8375,1.102259618646943,-16.8375,6,2.8503118503118503,1,S1_SHORT_CONTINUATION_15,short,0.75R,10
480,0.5916666666666667,0.03666666666666667,17.6,1.0928147659854976,-16.674999999999997,6,3.1645833333333333,1,S1_SHORT_CONTINUATION_15,short,0.75R,15
460,0.5434782608695652,0.0763858695652174,35.1375,1.1933952528379772,-20.937499999999996,5,2.582608695652174,1,S1_SHORT_CONTINUATION_15,short,1.00R,5
454,0.5198237885462555,0.060490088105726876,27.462500000000002,1.1407160699417154,-21.575,8,3.3259911894273126,1,S1_SHORT_CONTINUATION_15,short,1.00R,10
452,0.5398230088495575,0.07563606194690266,34.1875,1.1713873919037474,-20.150000000000002,8,3.7411504424778763,1,S1_SHORT_CONTINUATION_15,short,1.00R,15
729,0.6488340192043895,0.005075445816186556,3.6999999999999993,1.0163130338936346,-28.375000000000004,4,1.8847736625514404,1,S2_SHORT_CONTINUATION,short,0.50R,5
717,0.6624825662482566,0.0073396094839609525,5.262500000000003,1.0227370922445451,-32.55,5,2.115760111576011,1,S2_SHORT_CONTINUATION,short,0.50R,10
714,0.6680672268907563,0.00891106442577031,6.362500000000001,1.0274867696295498,-32.125,5,2.165266106442577,1,S2_SHORT_CONTINUATION,short,0.50R,15
678,0.5722713864306784,-0.007345132743362827,-4.979999999999997,0.9802341734471127,-27.33999999999987,6,2.213864306784661,1,S2_SHORT_CONTINUATION,short,0.67R,5
656,0.5823170731707317,-0.008422256097560973,-5.524999999999999,0.9786370227162882,-35.324999999999854,6,2.580792682926829,1,S2_SHORT_CONTINUATION,short,0.67R,10
653,0.5880551301684533,-0.00926493108728943,-6.049999999999997,0.9768498588989335,-36.21499999999985,6,2.693721286370597,1,S2_SHORT_CONTINUATION,short,0.67R,15
664,0.5406626506024096,-0.014401355421686747,-9.5625,0.9635053907069937,-32.787499999999994,7,2.3237951807228914,1,S2_SHORT_CONTINUATION,short,0.75R,5
642,0.5498442367601246,-0.018730529595015585,-12.025000000000006,0.9557456987763362,-36.75,6,2.7383177570093458,1,S2_SHORT_CONTINUATION,short,0.75R,10
638,0.5517241379310345,-0.026234326018808773,-16.737499999999997,0.9398661696681189,-40.8625,6,2.871473354231975,1,S2_SHORT_CONTINUATION,short,0.75R,15
621,0.4943639291465378,0.008615136876006443,5.350000000000001,1.0200308887536855,-19.875,8,2.6618357487922704,1,S2_SHORT_CONTINUATION,short,1.00R,5
592,0.49324324324324326,0.0028082770270270296,1.6625000000000014,1.0059625212947187,-27.949999999999996,9,3.277027027027027,1,S2_SHORT_CONTINUATION,short,1.00R,10
587,0.4957410562180579,-0.002363713798977852,-1.3874999999999993,0.9951596023024595,-26.587500000000002,7,3.5059625212947187,1,S2_SHORT_CONTINUATION,short,1.00R,15
751,0.62982689747004,-0.02463382157123835,-18.5,0.9259703881552621,-29.962500000000002,5,1.8721704394141145,1,S2_SHORT_CONTINUATION_30,short,0.50R,5
737,0.6390773405698779,-0.023982360922659436,-17.675000000000004,0.9298054011119937,-29.249999999999996,5,2.101763907734057,1,S2_SHORT_CONTINUATION_30,short,0.50R,10
731,0.6443228454172366,-0.02267441860465116,-16.575,0.9342457601904196,-29.1625,5,2.1354309165526675,1,S2_SHORT_CONTINUATION_30,short,0.50R,15
703,0.5817923186344239,0.0035064011379800876,2.4650000000000016,1.0094322475725834,-18.82999999999993,8,2.126600284495021,1,S2_SHORT_CONTINUATION_30,short,0.67R,5
689,0.5863570391872278,-0.003984034833091428,-2.744999999999994,0.9898092718919673,-19.945000000000007,8,2.4281567489114657,1,S2_SHORT_CONTINUATION_30,short,0.67R,10
682,0.5909090909090909,-0.004446480938416418,-3.032499999999997,0.9888279990789778,-21.770000000000003,8,2.497067448680352,1,S2_SHORT_CONTINUATION_30,short,0.67R,15
679,0.5640648011782032,0.016384388807069213,11.124999999999996,1.0424375357619684,-15.749999999999995,8,2.2547864506627393,1,S2_SHORT_CONTINUATION_30,short,0.75R,5
660,0.5696969696969697,0.01174242424242424,7.749999999999998,1.0288788485723601,-17.9625,8,2.596969696969697,1,S2_SHORT_CONTINUATION_30,short,0.75R,10
653,0.5727411944869831,0.010011485451761101,6.5375,1.0240980509606967,-19.1,8,2.6952526799387444,1,S2_SHORT_CONTINUATION_30,short,0.75R,15
626,0.5159744408945687,0.052056709265175714,32.5875,1.1251740529120853,-12.4875,6,2.6070287539936103,1,S2_SHORT_CONTINUATION_30,short,1.00R,5
593,0.5109612141652614,0.03370573355817875,19.987499999999997,1.073931940077677,-12.912500000000001,7,3.136593591905565,1,S2_SHORT_CONTINUATION_30,short,1.00R,10
583,0.516295025728988,0.03698542024013723,21.562500000000004,1.0788823852204135,-13.600000000000001,7,3.30188679245283,1,S2_SHORT_CONTINUATION_30,short,1.00R,15
360,0.575,-0.0032986111111111085,-1.1874999999999991,0.986869384934347,-9.6375,4,3.4722222222222223,2,S1_LONG_CONTINUATION,long,0.50R,5
347,0.6253602305475504,-0.004719020172910661,-1.6374999999999993,0.9845737164390014,-16.262499999999996,4,4.789625360230548,2,S1_LONG_CONTINUATION,long,0.50R,10
345,0.6463768115942029,-0.0038405797101449253,-1.3249999999999993,0.9881099270891756,-16.375,4,5.315942028985507,2,S1_LONG_CONTINUATION,long,0.50R,15
337,0.5133531157270029,-0.020348664688427293,-6.857499999999998,0.9268728339109569,-17.3225,5,3.949554896142433,2,S1_LONG_CONTINUATION,long,0.67R,5
318,0.550314465408805,-0.03380503144654085,-10.749999999999991,0.9072476272648835,-25.707500000000003,8,5.767295597484277,2,S1_LONG_CONTINUATION,long,0.67R,10
315,0.5619047619047619,-0.039499999999999987,-12.442499999999995,0.898923639317628,-28.300000000000004,7,6.701587301587302,2,S1_LONG_CONTINUATION,long,0.67R,15
329,0.49848024316109424,-0.025797872340425534,-8.4875,0.9094425180048014,-18.0375,5,4.109422492401216,2,S1_LONG_CONTINUATION,long,0.75R,5
307,0.5309446254071661,-0.03648208469055375,-11.200000000000001,0.904058250348003,-26.862499999999997,8,6.159609120521172,2,S1_LONG_CONTINUATION,long,0.75R,10
304,0.5361842105263158,-0.04206414473684211,-12.787500000000001,0.8969373362885351,-29.099999999999998,7,7.213815789473684,2,S1_LONG_CONTINUATION,long,0.75R,15
315,0.48253968253968255,-0.032420634920634926,-10.212500000000002,0.8898327939590076,-14.537499999999998,5,4.431746031746032,2,S1_LONG_CONTINUATION,long,1.00R,5
279,0.5053763440860215,-0.0050179211469534,-1.3999999999999986,0.9870370370370369,-18.775,8,7.014336917562724,2,S1_LONG_CONTINUATION,long,1.00R,10
273,0.4945054945054945,-0.032783882783882785,-8.950000000000001,0.9259565667011378,-23.025,6,8.457875457875458,2,S1_LONG_CONTINUATION,long,1.00R,15
355,0.5746478873239437,-0.02447183098591549,-8.6875,0.908068783068783,-13.937499999999996,6,3.4309859154929576,2,S1_LONG_CONTINUATION_15,long,0.50R,5
330,0.6303030303030303,-0.0022727272727272713,-0.7499999999999996,0.9924242424242424,-12.725000000000001,9,4.781818181818182,2,S1_LONG_CONTINUATION_15,long,0.50R,10
326,0.6380368098159509,-0.013420245398773002,-4.374999999999998,0.9589779653070792,-13.875,5,5.346625766871166,2,S1_LONG_CONTINUATION_15,long,0.50R,15
329,0.5197568389057751,-0.04488601823708207,-14.7675,0.8500190427827852,-22.1525,6,3.8662613981762917,2,S1_LONG_CONTINUATION_15,long,0.67R,5
298,0.5503355704697986,-0.032139261744966445,-9.5775,0.9096355702323385,-20.220000000000006,9,5.75503355704698,2,S1_LONG_CONTINUATION_15,long,0.67R,10
290,0.5551724137931034,-0.044698275862068954,-12.962499999999997,0.8865674907022534,-24.0375,5,6.679310344827586,2,S1_LONG_CONTINUATION_15,long,0.67R,15
321,0.5109034267912772,-0.024104361370716518,-7.7375000000000025,0.9180566587238549,-15.225000000000001,7,3.9937694704049846,2,S1_LONG_CONTINUATION_15,long,0.75R,5
288,0.5416666666666666,-0.008637152777777777,-2.4875,0.9757907542579074,-14.662499999999998,9,6.027777777777778,2,S1_LONG_CONTINUATION_15,long,0.75R,10
279,0.5412186379928315,-0.024865591397849458,-6.937499999999998,0.9378081577767816,-17.5,5,7.111111111111111,2,S1_LONG_CONTINUATION_15,long,0.75R,15
309,0.5016181229773463,-0.0343042071197411,-10.600000000000001,0.8852348084991203,-19.4375,7,4.26537216828479,2,S1_LONG_CONTINUATION_15,long,1.00R,5
260,0.5076923076923077,0.009230769230769225,2.3999999999999986,1.0243284338570702,-13.225000000000001,9,6.796153846153846,2,S1_LONG_CONTINUATION_15,long,1.00R,10
250,0.5,-0.009349999999999999,-2.3375,0.9781235376696302,-14.55,5,8.312,2,S1_LONG_CONTINUATION_15,long,1.00R,15
197,0.5532994923857868,-0.004187817258883248,-0.825,0.9837157660991855,-6.4,7,3.0609137055837565,2,S2_LONG_CONTINUATION,long,0.50R,5
194,0.6134020618556701,-0.013079896907216497,-2.5375000000000005,0.9567625133120341,-7.375,4,4.407216494845361,2,S2_LONG_CONTINUATION,long,0.50R,10
189,0.6349206349206349,-0.021957671957671964,-4.150000000000001,0.9332260659694287,-7.85,4,5.121693121693122,2,S2_LONG_CONTINUATION,long,0.50R,15
185,0.4918918918918919,-0.01574324324324323,-2.912499999999998,0.9463380930446799,-7.9775,7,3.454054054054054,2,S2_LONG_CONTINUATION,long,0.67R,5
180,0.5111111111111111,-0.052402777777777784,-9.432500000000001,0.8558823529411766,-11.552500000000002,6,5.166666666666667,2,S2_LONG_CONTINUATION,long,0.67R,10
175,0.5485714285714286,-0.06262857142857142,-10.959999999999999,0.8424721523535754,-13.809999999999999,6,6.222857142857142,2,S2_LONG_CONTINUATION,long,0.67R,15
182,0.4835164835164835,-0.002060439560439558,-0.37499999999999956,0.9931444241316271,-7.3375,7,3.543956043956044,2,S2_LONG_CONTINUATION,long,0.75R,5
176,0.5,-0.040909090909090916,-7.200000000000001,0.8899292948595452,-10.5125,6,5.284090909090909,2,S2_LONG_CONTINUATION,long,0.75R,10
171,0.5321637426900585,-0.04700292397660819,-8.037500000000001,0.8846015793251975,-11.325000000000001,6,6.421052631578948,2,S2_LONG_CONTINUATION,long,0.75R,15
177,0.4406779661016949,0.0035310734463276936,0.6250000000000018,1.0108530497069674,-9.524999999999999,7,3.768361581920904,2,S2_LONG_CONTINUATION,long,1.00R,5
168,0.4583333333333333,-0.01168154761904761,-1.9624999999999986,0.9705440900562853,-9.775,7,5.863095238095238,2,S2_LONG_CONTINUATION,long,1.00R,10
163,0.5153374233128835,0.004754601226993872,0.7750000000000012,1.0110359558561766,-9.975,6,7.226993865030675,2,S2_LONG_CONTINUATION,long,1.00R,15
172,0.5872093023255814,0.012427325581395345,2.1374999999999993,1.0486486486486488,-6.6875,5,3.063953488372093,2,S2_LONG_CONTINUATION_30,long,0.50R,5
170,0.6294117647058823,0.003382352941176464,0.5749999999999988,1.01161322898258,-7.0125,5,4.317647058823529,2,S2_LONG_CONTINUATION_30,long,0.50R,10
166,0.6445783132530121,0.004593373493975897,0.7624999999999988,1.0148490749756571,-7.85,7,4.969879518072289,2,S2_LONG_CONTINUATION_30,long,0.50R,15
164,0.5,-0.006493902439024388,-1.0649999999999997,0.9779617175375067,-7.497500000000002,9,3.4390243902439024,2,S2_LONG_CONTINUATION_30,long,0.67R,5
160,0.54375,-0.003812499999999987,-0.6099999999999979,0.9884387585880124,-7.942500000000001,5,5.175,2,S2_LONG_CONTINUATION_30,long,0.67R,10
156,0.5576923076923077,-0.015464743589743576,-2.412499999999998,0.9585302965191236,-8.8275,8,6.205128205128205,2,S2_LONG_CONTINUATION_30,long,0.67R,15
159,0.4968553459119497,0.02311320754716982,3.6750000000000016,1.0792452830188681,-7.137499999999999,9,3.59748427672956,2,S2_LONG_CONTINUATION_30,long,0.75R,5
154,0.538961038961039,0.032061688311688305,4.937499999999999,1.0997726698661279,-8.374999999999998,5,5.461038961038961,2,S2_LONG_CONTINUATION_30,long,0.75R,10
150,0.5666666666666667,0.030833333333333345,4.625000000000002,1.0839573405945087,-8.724999999999998,8,6.6,2,S2_LONG_CONTINUATION_30,long,0.75R,15
150,0.44666666666666666,0.0022500000000000085,0.33750000000000124,1.0069767441860467,-7.675,9,3.9466666666666668,2,S2_LONG_CONTINUATION_30,long,1.00R,5
145,0.47586206896551725,0.01827586206896551,2.649999999999999,1.0493023255813954,-7.125,5,6.172413793103448,2,S2_LONG_CONTINUATION_30,long,1.00R,10
142,0.5,0.028521126760563384,4.050000000000001,1.0682824025289777,-7.487499999999998,8,7.5,2,S2_LONG_CONTINUATION_30,long,1.00R,15
357,0.6162464985994398,0.029306722689075627,10.462499999999999,1.1158798283261804,-8.8125,5,3.0644257703081235,2,S1_SHORT_CONTINUATION,short,0.50R,5
341,0.6539589442815249,0.029912023460410556,10.2,1.1022684546935706,-15.475,6,4.043988269794721,2,S1_SHORT_CONTINUATION,short,0.50R,10
341,0.6686217008797654,0.020564516129032255,7.012499999999999,1.0662494095418047,-18.612499999999997,5,4.378299120234604,2,S1_SHORT_CONTINUATION,short,0.50R,15
341,0.5366568914956011,0.015843108504398833,5.4025000000000025,1.0548825396825396,-9.797500000000008,10,3.536656891495601,2,S1_SHORT_CONTINUATION,short,0.67R,5
320,0.575,0.027203125000000005,8.705000000000002,1.0801934592353752,-11.8275,6,4.853125,2,S1_SHORT_CONTINUATION,short,0.67R,10
317,0.5930599369085173,0.014723974763406953,4.667500000000004,1.0396432742329333,-14.567500000000004,6,5.507886435331231,2,S1_SHORT_CONTINUATION,short,0.67R,15
335,0.5194029850746269,0.003283582089552248,1.1000000000000032,1.0108709079678813,-15.412500000000007,10,3.7134328358208957,2,S1_SHORT_CONTINUATION,short,0.75R,5
306,0.5522875816993464,0.030841503267973844,9.437499999999996,1.0872227356746764,-14.037499999999996,6,5.287581699346405,2,S1_SHORT_CONTINUATION,short,0.75R,10
303,0.5544554455445545,-0.004084158415841587,-1.2375000000000007,0.989911342097218,-20.787499999999998,6,6.0627062706270625,2,S1_SHORT_CONTINUATION,short,0.75R,15
319,0.5109717868338558,0.043965517241379315,14.025000000000002,1.1443272446616928,-9.024999999999999,10,4.006269592476489,2,S1_SHORT_CONTINUATION,short,1.00R,5
279,0.5232974910394266,0.06447132616487455,17.9875,1.1697134096001884,-17.237499999999997,6,5.989247311827957,2,S1_SHORT_CONTINUATION,short,1.00R,10
274,0.5291970802919708,0.05123175182481751,14.037499999999998,1.1187731359069275,-19.337500000000002,6,7.072992700729927,2,S1_SHORT_CONTINUATION,short,1.00R,15
307,0.6123778501628665,0.03713355048859934,11.399999999999999,1.152789411961803,-6.875000000000001,5,3.1237785016286646,2,S1_SHORT_CONTINUATION_15,short,0.50R,5
286,0.6538461538461539,0.04243881118881118,12.137499999999998,1.1511519302615194,-9.9625,5,4.143356643356643,2,S1_SHORT_CONTINUATION_15,short,0.50R,10
285,0.6842105263157895,0.044385964912280695,12.649999999999999,1.151112438405256,-9.125,5,4.491228070175438,2,S1_SHORT_CONTINUATION_15,short,0.50R,15
287,0.5331010452961672,0.007813588850174216,2.2424999999999997,1.0268522676246075,-9.620000000000003,5,3.5993031358885017,2,S1_SHORT_CONTINUATION_15,short,0.67R,5
262,0.5648854961832062,0.01254770992366413,3.2875000000000023,1.0362059471365639,-9.447500000000002,6,5.00763358778626,2,S1_SHORT_CONTINUATION_15,short,0.67R,10
261,0.5938697318007663,0.011005747126436783,2.8725000000000005,1.029450211457132,-10.520000000000003,5,5.593869731800766,2,S1_SHORT_CONTINUATION_15,short,0.67R,15
280,0.5285714285714286,0.010267857142857146,2.875000000000001,1.035114503816794,-9.0,5,3.757142857142857,2,S1_SHORT_CONTINUATION_15,short,0.75R,5
252,0.5515873015873016,0.037301587301587294,9.399999999999999,1.1059304127341876,-8.025,6,5.313492063492063,2,S1_SHORT_CONTINUATION_15,short,0.75R,10
251,0.5737051792828686,0.02186254980079681,5.487499999999999,1.0560449380824717,-10.962499999999999,5,6.0,2,S1_SHORT_CONTINUATION_15,short,0.75R,15
268,0.48507462686567165,0.004057835820895528,1.0875000000000015,1.0126545454545455,-9.575,6,4.082089552238806,2,S1_SHORT_CONTINUATION_15,short,1.00R,5
235,0.4978723404255319,0.027712765957446806,6.512499999999999,1.0696524064171122,-11.8125,6,6.131914893617021,2,S1_SHORT_CONTINUATION_15,short,1.00R,10
230,0.5,0.005543478260869559,1.2749999999999986,1.0123233055454874,-10.637500000000001,5,7.1347826086956525,2,S1_SHORT_CONTINUATION_15,short,1.00R,15
366,0.6721311475409836,0.06396857923497268,23.4125,1.2407145611103971,-8.8125,6,2.122950819672131,2,S2_SHORT_CONTINUATION,short,0.50R,5
357,0.6974789915966386,0.06663165266106442,23.787499999999998,1.241528112704658,-7.5625,6,2.560224089635854,2,S2_SHORT_CONTINUATION,short,0.50R,10
356,0.7106741573033708,0.07282303370786516,25.925,1.2631645730237282,-8.162500000000001,6,2.7668539325842696,2,S2_SHORT_CONTINUATION,short,0.50R,15
342,0.5906432748538012,0.04935672514619883,16.88,1.1505798394290814,-6.542500000000002,6,2.5497076023391814,2,S2_SHORT_CONTINUATION,short,0.67R,5
332,0.6114457831325302,0.045007530120481934,14.942500000000003,1.1282342844883075,-8.0425,6,3.2289156626506026,2,S2_SHORT_CONTINUATION,short,0.67R,10
331,0.622356495468278,0.04716767371601209,15.6125,1.1311974789915968,-8.6425,6,3.5589123867069485,2,S2_SHORT_CONTINUATION,short,0.67R,15
333,0.5675675675675675,0.05942192192192192,19.7875,1.1743200088096026,-7.3125,6,2.6966966966966965,2,S2_SHORT_CONTINUATION,short,0.75R,5
322,0.593167701863354,0.060714285714285714,19.55,1.1659064389519465,-7.5625,6,3.450310559006211,2,S2_SHORT_CONTINUATION,short,0.75R,10
321,0.6043613707165109,0.06518691588785047,20.925,1.1740486587648158,-8.475000000000001,7,3.822429906542056,2,S2_SHORT_CONTINUATION,short,0.75R,15
312,0.5192307692307693,0.08213141025641026,25.625,1.2206198880757642,-11.649999999999999,10,3.08974358974359,2,S2_SHORT_CONTINUATION,short,1.00R,5
299,0.5551839464882943,0.11747491638795987,35.125,1.2916753165870873,-11.787500000000001,7,3.959866220735786,2,S2_SHORT_CONTINUATION,short,1.00R,10
297,0.5589225589225589,0.1183922558922559,35.1625,1.2846877846371825,-13.887500000000003,8,4.437710437710438,2,S2_SHORT_CONTINUATION,short,1.00R,15
312,0.6602564102564102,0.04350961538461538,13.575,1.1556766055045873,-10.2125,5,2.1314102564102564,2,S2_SHORT_CONTINUATION_30,short,0.50R,5
306,0.6895424836601307,0.05898692810457517,18.05,1.2092753623188406,-9.7875,5,2.5751633986928106,2,S2_SHORT_CONTINUATION_30,short,0.50R,10
303,0.7029702970297029,0.06815181518151815,20.650000000000002,1.2429769083688778,-9.525,5,2.8184818481848186,2,S2_SHORT_CONTINUATION_30,short,0.50R,15
288,0.5833333333333334,0.027378472222222228,7.885000000000002,1.0784674710784925,-9.1575,7,2.4965277777777777,2,S2_SHORT_CONTINUATION_30,short,0.67R,5
281,0.608540925266904,0.04920818505338079,13.8275,1.1396893547165048,-10.432500000000001,7,3.110320284697509,2,S2_SHORT_CONTINUATION_30,short,0.67R,10
278,0.6223021582733813,0.06108812949640288,16.9825,1.1737784599641854,-10.02,7,3.402877697841727,2,S2_SHORT_CONTINUATION_30,short,0.67R,15
282,0.5567375886524822,0.017331560283687947,4.887500000000001,1.0459405475267303,-14.575,7,2.648936170212766,2,S2_SHORT_CONTINUATION_30,short,0.75R,5
276,0.572463768115942,0.03614130434782608,9.974999999999998,1.093409809200515,-11.4125,7,3.2753623188405796,2,S2_SHORT_CONTINUATION_30,short,0.75R,10
273,0.5897435897435898,0.05238095238095238,14.3,1.1365481021723562,-11.537500000000001,7,3.586080586080586,2,S2_SHORT_CONTINUATION_30,short,0.75R,15
268,0.5186567164179104,0.055783582089552225,14.949999999999996,1.136998854524628,-9.65,7,2.9029850746268657,2,S2_SHORT_CONTINUATION_30,short,1.00R,5
260,0.5192307692307693,0.06557692307692307,17.05,1.1502202643171806,-10.8125,7,3.6846153846153844,2,S2_SHORT_CONTINUATION_30,short,1.00R,10
256,0.5390625,0.07548828125,19.325,1.1732989575159738,-11.5,7,4.13671875,2,S2_SHORT_CONTINUATION_30,short,1.00R,15
375,0.5626666666666666,-0.024466666666666668,-9.175,0.9015689955746278,-16.849999999999998,10,3.8373333333333335,3,S1_LONG_CONTINUATION,long,0.50R,5
363,0.5730027548209367,-0.03360881542699724,-12.2,0.8861143523920653,-18.449999999999996,6,5.663911845730028,3,S1_LONG_CONTINUATION,long,0.50R,10
363,0.6088154269972452,-0.030681818181818178,-11.1375,0.9020125371164633,-18.112500000000004,6,6.870523415977962,3,S1_LONG_CONTINUATION,long,0.50R,15
359,0.5041782729805014,-0.038983286908078,-13.995000000000003,0.8581168419718667,-21.345000000000002,10,4.217270194986073,3,S1_LONG_CONTINUATION,long,0.67R,5
343,0.5043731778425656,-0.05945335276967929,-20.392499999999995,0.8272919754393394,-24.852499999999978,8,6.559766763848397,3,S1_LONG_CONTINUATION,long,0.67R,10
342,0.5321637426900585,-0.06197368421052632,-21.195,0.8348495178727964,-25.859999999999967,7,8.026315789473685,3,S1_LONG_CONTINUATION,long,0.67R,15
354,0.4971751412429379,-0.04608050847457628,-16.312500000000004,0.8362609786700125,-23.2125,10,4.330508474576271,3,S1_LONG_CONTINUATION,long,0.75R,5
336,0.4880952380952381,-0.06886160714285715,-23.137500000000003,0.8074682754316621,-25.437499999999993,8,6.839285714285714,3,S1_LONG_CONTINUATION,long,0.75R,10
335,0.5194029850746269,-0.06048507462686567,-20.2625,0.8444039162987138,-24.300000000000004,7,8.456716417910448,3,S1_LONG_CONTINUATION,long,0.75R,15
343,0.478134110787172,-0.05830903790087463,-20.0,0.7983108533972015,-27.587500000000006,10,4.565597667638484,3,S1_LONG_CONTINUATION,long,1.00R,5
318,0.46226415094339623,-0.08309748427672957,-26.425000000000004,0.7817468511253356,-31.062499999999993,8,7.522012578616352,3,S1_LONG_CONTINUATION,long,1.00R,10
315,0.4666666666666667,-0.06984126984126984,-22.0,0.8346020110891833,-32.525000000000006,11,9.644444444444444,3,S1_LONG_CONTINUATION,long,1.00R,15
341,0.5601173020527859,-0.008211143695014664,-2.8000000000000007,0.9665371974902897,-12.437500000000002,5,3.7448680351906156,3,S1_LONG_CONTINUATION_15,long,0.50R,5
325,0.6123076923076923,0.008576923076923077,2.7875,1.0304478427089023,-11.762500000000005,5,5.3538461538461535,3,S1_LONG_CONTINUATION_15,long,0.50R,10
324,0.6388888888888888,0.013734567901234566,4.449999999999999,1.0464630644740276,-12.387500000000001,5,6.2253086419753085,3,S1_LONG_CONTINUATION_15,long,0.50R,15
326,0.5276073619631901,-0.006073619631901836,-1.9799999999999986,0.9765159377316532,-13.157500000000006,5,4.125766871165644,3,S1_LONG_CONTINUATION_15,long,0.67R,5
305,0.5606557377049181,0.008040983606557379,2.4525000000000006,1.0256370050960408,-10.270000000000005,8,6.334426229508197,3,S1_LONG_CONTINUATION_15,long,0.67R,10
302,0.5827814569536424,0.014006622516556287,4.229999999999999,1.0409140369967356,-9.182500000000003,8,7.605960264900662,3,S1_LONG_CONTINUATION_15,long,0.67R,15
319,0.5141065830721003,-0.014733542319749222,-4.700000000000002,0.9443869250110928,-14.662500000000001,5,4.275862068965517,3,S1_LONG_CONTINUATION_15,long,0.75R,5
294,0.5374149659863946,-0.003401360544217687,-1.0,0.9897632757517595,-12.3625,8,6.704081632653061,3,S1_LONG_CONTINUATION_15,long,0.75R,10
288,0.5555555555555556,0.007595486111111111,2.1875,1.021214692690023,-12.912500000000001,8,8.180555555555555,3,S1_LONG_CONTINUATION_15,long,0.75R,15
308,0.4772727272727273,-0.02544642857142857,-7.8375,0.9071111111111111,-15.137500000000005,8,4.535714285714286,3,S1_LONG_CONTINUATION_15,long,1.00R,5
273,0.4945054945054945,0.005402930402930402,1.4749999999999996,1.0154672958448028,-12.349999999999998,8,7.443223443223443,3,S1_LONG_CONTINUATION_15,long,1.00R,10
264,0.5075757575757576,0.023058712121212143,6.087500000000006,1.06124245472837,-15.012499999999996,8,9.484848484848484,3,S1_LONG_CONTINUATION_15,long,1.00R,15
377,0.6127320954907162,0.03438328912466843,12.9625,1.1457279370432827,-7.862500000000001,10,3.4456233421750664,3,S2_LONG_CONTINUATION,long,0.50R,5
357,0.6862745098039216,0.054166666666666675,19.337500000000002,1.2019318626811122,-7.5875,4,4.669467787114846,3,S2_LONG_CONTINUATION,long,0.50R,10
355,0.6901408450704225,0.05299295774647887,18.8125,1.18571076011846,-7.9625,4,5.219718309859155,3,S2_LONG_CONTINUATION,long,0.50R,15
360,0.5666666666666667,0.030027777777777764,10.809999999999995,1.115460614152203,-11.032500000000004,10,3.827777777777778,3,S2_LONG_CONTINUATION,long,0.67R,5
333,0.6246246246246246,0.061524024024024036,20.487500000000004,1.2003667481662592,-10.395,6,5.591591591591592,3,S2_LONG_CONTINUATION,long,0.67R,10
328,0.6189024390243902,0.062484756097560976,20.495,1.1871262268888383,-12.504999999999999,6,6.466463414634147,3,S2_LONG_CONTINUATION,long,0.67R,15
349,0.5730659025787965,0.04720630372492836,16.474999999999998,1.1851903892089364,-11.449999999999998,10,4.008595988538682,3,S2_LONG_CONTINUATION,long,0.75R,5
320,0.59375,0.06531250000000001,20.900000000000002,1.2046762149589914,-14.475000000000001,6,5.94375,3,S2_LONG_CONTINUATION,long,0.75R,10
315,0.5968253968253968,0.062341269841269836,19.6375,1.1755307262569832,-12.6875,6,6.914285714285715,3,S2_LONG_CONTINUATION,long,0.75R,15
334,0.5389221556886228,0.04038173652694611,13.4875,1.1534850640113798,-9.412500000000001,10,4.335329341317365,3,S2_LONG_CONTINUATION,long,1.00R,5
293,0.5563139931740614,0.07687713310580206,22.525000000000002,1.2237675400471875,-8.424999999999997,5,6.805460750853243,3,S2_LONG_CONTINUATION,long,1.00R,10
282,0.5460992907801419,0.07952127659574468,22.425,1.2035629184159762,-10.3375,6,8.297872340425531,3,S2_LONG_CONTINUATION,long,1.00R,15
350,0.5657142857142857,-0.005785714285714286,-2.0250000000000004,0.9775840597758405,-11.237500000000002,5,3.6028571428571428,3,S2_LONG_CONTINUATION_30,long,0.50R,5
319,0.6489028213166145,0.0304858934169279,9.725,1.1079955580233203,-9.9375,5,4.77115987460815,3,S2_LONG_CONTINUATION_30,long,0.50R,10
314,0.6560509554140127,0.02746815286624204,8.625,1.0924189659791053,-10.55,4,5.248407643312102,3,S2_LONG_CONTINUATION_30,long,0.50R,15
323,0.5325077399380805,0.003072755417956661,0.9925000000000015,1.0115608619685497,-6.792500000000005,5,4.027863777089784,3,S2_LONG_CONTINUATION_30,long,0.67R,5
283,0.5830388692579506,0.021086572438162542,5.967499999999999,1.064409066378845,-8.797500000000001,5,5.833922261484099,3,S2_LONG_CONTINUATION_30,long,0.67R,10
272,0.5735294117647058,0.01779411764705883,4.840000000000002,1.0501164897747866,-9.505,5,6.716911764705882,3,S2_LONG_CONTINUATION_30,long,0.67R,15
317,0.5205047318611987,-0.0031940063091482657,-1.0125000000000002,0.9885770695247497,-9.274999999999999,5,4.10410094637224,3,S2_LONG_CONTINUATION_30,long,0.75R,5
271,0.5682656826568265,0.026153136531365327,7.087500000000004,1.0774272839000407,-10.2125,5,6.166051660516605,3,S2_LONG_CONTINUATION_30,long,0.75R,10
257,0.5486381322957199,0.03297665369649806,8.475000000000001,1.0906053721769342,-8.975,5,7.175097276264592,3,S2_LONG_CONTINUATION_30,long,0.75R,15
302,0.4966887417218543,-0.015852649006622525,-4.787500000000002,0.9457122608079377,-10.8125,5,4.3907284768211925,3,S2_LONG_CONTINUATION_30,long,1.00R,5
249,0.5180722891566265,0.02133534136546185,5.3125,1.0594904815229562,-13.4,5,6.93574297188755,3,S2_LONG_CONTINUATION_30,long,1.00R,10
231,0.4935064935064935,0.0316017316017316,7.300000000000001,1.0782527133860376,-12.337500000000002,5,8.506493506493506,3,S2_LONG_CONTINUATION_30,long,1.00R,15
439,0.55125284738041,-0.035250569476082,-15.475,0.8737893771026608,-25.524999999999995,7,3.3804100227790435,3,S1_SHORT_CONTINUATION,short,0.50R,5
419,0.5990453460620525,-0.0485381861575179,-20.3375,0.8553777777777778,-30.0875,6,4.684964200477327,3,S1_SHORT_CONTINUATION,short,0.50R,10
418,0.6052631578947368,-0.04853468899521531,-20.2875,0.858352242974341,-31.325000000000003,6,5.351674641148326,3,S1_SHORT_CONTINUATION,short,0.50R,15
424,0.5165094339622641,-0.030501179245283012,-12.932499999999997,0.8986977381768334,-29.10000000000001,8,3.7523584905660377,3,S1_SHORT_CONTINUATION,short,0.67R,5
391,0.5345268542199488,-0.04153452685421993,-16.239999999999995,0.8884328037784456,-32.565,8,5.514066496163683,3,S1_SHORT_CONTINUATION,short,0.67R,10
390,0.5384615384615384,-0.04455128205128204,-17.374999999999996,0.8855307584616653,-36.44000000000001,10,6.464102564102564,3,S1_SHORT_CONTINUATION,short,0.67R,15
417,0.4940047961630695,-0.04859112709832134,-20.2625,0.8457952815829528,-31.537499999999987,8,3.9280575539568345,3,S1_SHORT_CONTINUATION,short,0.75R,5
383,0.5039164490861618,-0.059530026109660565,-22.799999999999997,0.8485301444942703,-36.8375,8,5.9138381201044385,3,S1_SHORT_CONTINUATION,short,0.75R,10
382,0.5026178010471204,-0.061845549738219874,-23.624999999999993,0.8512162481303628,-39.45,10,7.049738219895288,3,S1_SHORT_CONTINUATION,short,0.75R,15
398,0.45979899497487436,-0.054208542713567835,-21.575,0.835100792968377,-32.312499999999986,8,4.2537688442211055,3,S1_SHORT_CONTINUATION,short,1.00R,5
358,0.44972067039106145,-0.07995810055865922,-28.625,0.815797940797941,-36.39999999999999,8,6.687150837988827,3,S1_SHORT_CONTINUATION,short,1.00R,10
356,0.43258426966292135,-0.103125,-36.7125,0.7803455238949968,-46.8375,10,8.154494382022472,3,S1_SHORT_CONTINUATION,short,1.00R,15
435,0.5655172413793104,0.0064080459770115014,2.787500000000003,1.0250787224471434,-14.575000000000003,8,3.2712643678160918,3,S1_SHORT_CONTINUATION_15,short,0.50R,5
419,0.6348448687350835,0.018287589498806676,7.662499999999998,1.0638807836598583,-16.912500000000005,6,4.498806682577565,3,S1_SHORT_CONTINUATION_15,short,0.50R,10
414,0.6570048309178744,0.0169987922705314,7.0375,1.0557205067300077,-18.85,6,5.113526570048309,3,S1_SHORT_CONTINUATION_15,short,0.50R,15
404,0.49257425742574257,-0.009678217821782175,-3.9099999999999984,0.9665561851812253,-19.722499999999997,7,3.754950495049505,3,S1_SHORT_CONTINUATION_15,short,0.67R,5
380,0.5605263157894737,-0.0058157894736842125,-2.210000000000001,0.983065134099617,-20.702500000000008,7,5.457894736842105,3,S1_SHORT_CONTINUATION_15,short,0.67R,10
373,0.5683646112600537,-0.005489276139410186,-2.0474999999999994,0.9851831750339212,-20.012500000000003,5,6.39142091152815,3,S1_SHORT_CONTINUATION_15,short,0.67R,15
394,0.4720812182741117,-0.018813451776649743,-7.412499999999999,0.9376117832719622,-19.424999999999997,7,3.9213197969543145,3,S1_SHORT_CONTINUATION_15,short,0.75R,5
366,0.5300546448087432,-0.010382513661202188,-3.8000000000000007,0.971000667747782,-21.1,7,5.896174863387978,3,S1_SHORT_CONTINUATION_15,short,0.75R,10
359,0.5459610027855153,-0.010132311977715875,-3.6374999999999993,0.9740918803418804,-19.6125,5,6.988857938718663,3,S1_SHORT_CONTINUATION_15,short,0.75R,15
377,0.4350132625994695,-0.03799734748010611,-14.325000000000003,0.8829776370877156,-27.6375,10,4.241379310344827,3,S1_SHORT_CONTINUATION_15,short,1.00R,5
341,0.4662756598240469,-0.0345307917888563,-11.774999999999999,0.9139647456388712,-26.4625,8,6.604105571847508,3,S1_SHORT_CONTINUATION_15,short,1.00R,10
327,0.4801223241590214,-0.02981651376146789,-9.75,0.9322387281730519,-26.775,8,8.033639143730888,3,S1_SHORT_CONTINUATION_15,short,1.00R,15
281,0.5907473309608541,-0.04590747330960854,-12.899999999999999,0.8547092777699563,-20.475,8,2.9288256227758005,3,S2_SHORT_CONTINUATION,short,0.50R,5
272,0.6102941176470589,-0.04186580882352941,-11.3875,0.877619559376679,-19.4875,8,3.625,3,S2_SHORT_CONTINUATION,short,0.50R,10
272,0.6213235294117647,-0.041544117647058815,-11.299999999999997,0.8812869336835193,-20.025,8,3.988970588235294,3,S2_SHORT_CONTINUATION,short,0.50R,15
258,0.5348837209302325,-0.04571705426356589,-11.795,0.8667043367707303,-19.40750000000001,8,3.36046511627907,3,S2_SHORT_CONTINUATION,short,0.67R,5
240,0.575,-0.010135416666666655,-2.4324999999999974,0.9729007102074922,-16.845000000000006,8,4.416666666666667,3,S2_SHORT_CONTINUATION,short,0.67R,10
240,0.5833333333333334,-0.008489583333333339,-2.0375000000000014,0.9779789246149692,-15.605,8,5.0,3,S2_SHORT_CONTINUATION,short,0.67R,15
253,0.5059288537549407,-0.04713438735177866,-11.925,0.8670568561872911,-17.4125,8,3.513833992094862,3,S2_SHORT_CONTINUATION,short,0.75R,5
233,0.5493562231759657,-0.007349785407725323,-1.7125000000000004,0.9812200137080191,-11.9375,8,4.733905579399142,3,S2_SHORT_CONTINUATION,short,0.75R,10
233,0.5407725321888412,-0.02918454935622318,-6.800000000000001,0.9301937636340304,-12.899999999999999,8,5.446351931330472,3,S2_SHORT_CONTINUATION,short,0.75R,15
242,0.47107438016528924,-0.05082644628099173,-12.299999999999997,0.8665762711864405,-18.6375,9,3.871900826446281,3,S2_SHORT_CONTINUATION,short,1.00R,5
219,0.4794520547945205,-0.02294520547945206,-5.025000000000001,0.9475606574484737,-13.787500000000001,9,5.579908675799087,3,S2_SHORT_CONTINUATION,short,1.00R,10
218,0.481651376146789,-0.03778669724770641,-8.237499999999997,0.9199076324744774,-17.962500000000006,9,6.541284403669724,3,S2_SHORT_CONTINUATION,short,1.00R,15
271,0.5977859778597786,-0.01646678966789668,-4.4625,0.9441401971522454,-12.299999999999999,5,2.8154981549815496,3,S2_SHORT_CONTINUATION_30,short,0.50R,5
255,0.6274509803921569,-0.029803921568627448,-7.599999999999999,0.9123793053754146,-12.2375,6,3.3215686274509806,3,S2_SHORT_CONTINUATION_30,short,0.50R,10
254,0.6338582677165354,-0.031446850393700786,-7.987499999999999,0.9094002552105487,-13.3875,6,3.5039370078740157,3,S2_SHORT_CONTINUATION_30,short,0.50R,15
247,0.5425101214574899,-0.01937246963562752,-4.7849999999999975,0.9407797029702972,-15.405000000000006,5,3.3441295546558703,3,S2_SHORT_CONTINUATION_30,short,0.67R,5
220,0.5636363636363636,-0.02879545454545454,-6.334999999999999,0.9262407218745454,-13.6275,6,4.254545454545455,3,S2_SHORT_CONTINUATION_30,short,0.67R,10
217,0.5714285714285714,-0.017695852534562212,-3.84,0.9557476231633535,-13.092500000000005,6,4.622119815668203,3,S2_SHORT_CONTINUATION_30,short,0.67R,15
243,0.522633744855967,-0.018724279835390958,-4.5500000000000025,0.9442145593869731,-15.4125,5,3.51440329218107,3,S2_SHORT_CONTINUATION_30,short,0.75R,5
213,0.5446009389671361,-0.019072769953051644,-4.0625,0.9528780629259099,-13.6125,6,4.60093896713615,3,S2_SHORT_CONTINUATION_30,short,0.75R,10
210,0.5380952380952381,-0.023988095238095235,-5.0375,0.9433829727451531,-14.024999999999999,6,5.076190476190476,3,S2_SHORT_CONTINUATION_30,short,0.75R,15
224,0.5044642857142857,0.012053571428571426,2.6999999999999993,1.0360841964584029,-11.712500000000002,8,3.8392857142857144,3,S2_SHORT_CONTINUATION_30,short,1.00R,5
195,0.48717948717948717,-0.007371794871794867,-1.4374999999999991,0.9831378299120235,-10.05,9,5.374358974358974,3,S2_SHORT_CONTINUATION_30,short,1.00R,10
189,0.5132275132275133,0.03452380952380954,6.525000000000003,1.0779337115556884,-9.8625,9,6.185185185185185,3,S2_SHORT_CONTINUATION_30,short,1.00R,15
247,0.6477732793522267,-0.00303643724696356,-0.7499999999999993,0.9905719673161535,-10.5,5,1.728744939271255,4,S1_LONG_CONTINUATION,long,0.50R,5
244,0.6639344262295082,0.0006147540983606554,0.1499999999999999,1.0018747070770193,-10.5,5,1.959016393442623,4,S1_LONG_CONTINUATION,long,0.50R,10
241,0.6721991701244814,0.013278008298755188,3.2,1.0411311053984575,-9.5,5,1.995850622406639,4,S1_LONG_CONTINUATION,long,0.50R,15
235,0.5872340425531914,0.008308510638297871,1.9524999999999997,1.022307912025136,-12.64,5,2.0425531914893615,4,S1_LONG_CONTINUATION,long,0.67R,5
231,0.6147186147186147,0.02466450216450216,5.697499999999999,1.064938025359738,-13.290000000000001,5,2.294372294372294,4,S1_LONG_CONTINUATION,long,0.67R,10
228,0.618421052631579,0.03623903508771929,8.2625,1.0958804757760372,-12.290000000000001,5,2.3508771929824563,4,S1_LONG_CONTINUATION,long,0.67R,15
233,0.5536480686695279,-0.0017703862660944228,-0.41250000000000053,0.9955680902497986,-13.0,6,2.128755364806867,4,S1_LONG_CONTINUATION,long,0.75R,5
229,0.5851528384279476,0.014192139737991268,3.2500000000000004,1.0346712895052674,-14.0,5,2.467248908296943,4,S1_LONG_CONTINUATION,long,0.75R,10
225,0.5866666666666667,0.025388888888888888,5.7124999999999995,1.0619745050176295,-13.0,5,2.5733333333333333,4,S1_LONG_CONTINUATION,long,0.75R,15
223,0.47533632286995514,-0.02522421524663677,-5.625,0.9462301350221053,-14.0,7,2.4708520179372195,4,S1_LONG_CONTINUATION,long,1.00R,5
219,0.502283105022831,-0.01837899543378995,-4.0249999999999995,0.9626406775728044,-15.0,7,2.9269406392694064,4,S1_LONG_CONTINUATION,long,1.00R,10
215,0.49767441860465117,-0.015406976744186047,-3.3125,0.969092605551668,-14.0,7,3.041860465116279,4,S1_LONG_CONTINUATION,long,1.00R,15
266,0.6578947368421053,0.014896616541353384,3.9625,1.0481397114654518,-7.0,6,1.7593984962406015,4,S1_LONG_CONTINUATION_15,long,0.50R,5
262,0.6717557251908397,0.027051526717557253,7.0875,1.0880981976382844,-7.0,6,1.9465648854961832,4,S1_LONG_CONTINUATION_15,long,0.50R,10
259,0.6795366795366795,0.029391891891891894,7.612500000000001,1.0946975587000467,-7.5,6,2.0733590733590734,4,S1_LONG_CONTINUATION_15,long,0.50R,15
249,0.6224899598393574,0.05390562248995985,13.422500000000003,1.1584710743801654,-7.66,6,2.0803212851405624,4,S1_LONG_CONTINUATION_15,long,0.67R,5
244,0.6311475409836066,0.06977459016393442,17.025,1.200796107916851,-6.5074999999999825,6,2.3811475409836067,4,S1_LONG_CONTINUATION_15,long,0.67R,10
241,0.6390041493775933,0.07680497925311203,18.509999999999998,1.2186973859105008,-6.662499999999984,6,2.5435684647302903,4,S1_LONG_CONTINUATION_15,long,0.67R,15
245,0.5959183673469388,0.05663265306122448,13.874999999999998,1.1560084328882643,-7.1,6,2.1551020408163266,4,S1_LONG_CONTINUATION_15,long,0.75R,5
238,0.6092436974789915,0.078781512605042,18.749999999999996,1.2135839384878255,-6.787499999999998,6,2.4495798319327733,4,S1_LONG_CONTINUATION_15,long,0.75R,10
235,0.6085106382978723,0.07446808510638298,17.5,1.1952307906847024,-7.362500000000001,6,2.6382978723404253,4,S1_LONG_CONTINUATION_15,long,0.75R,15
228,0.5087719298245614,0.03892543859649123,8.875,1.0901129584972713,-8.375,6,2.486842105263158,4,S1_LONG_CONTINUATION_15,long,1.00R,5
219,0.5251141552511416,0.054737442922374424,11.987499999999999,1.1212236126911894,-7.424999999999999,6,2.8858447488584473,4,S1_LONG_CONTINUATION_15,long,1.00R,10
216,0.5231481481481481,0.04809027777777777,10.3875,1.103628881406659,-7.850000000000001,6,3.1018518518518516,4,S1_LONG_CONTINUATION_15,long,1.00R,15
229,0.5633187772925764,-0.030949781659388644,-7.0874999999999995,0.8854545454545456,-9.649999999999999,6,3.506550218340611,4,S2_LONG_CONTINUATION,long,0.50R,5
218,0.6055045871559633,-0.008486238532110096,-1.850000000000001,0.9707278481012659,-9.6125,7,4.862385321100917,4,S2_LONG_CONTINUATION,long,0.50R,10
212,0.6273584905660378,-0.017570754716981135,-3.725000000000001,0.9441738478831023,-10.4875,7,5.806603773584905,4,S2_LONG_CONTINUATION,long,0.50R,15
214,0.5233644859813084,-0.037441588785046734,-8.012500000000001,0.8681883610939751,-10.657499999999999,10,4.009345794392523,4,S2_LONG_CONTINUATION,long,0.67R,5
197,0.5177664974619289,-0.03502538071065989,-6.899999999999998,0.8948170731707318,-11.220000000000002,7,6.182741116751269,4,S2_LONG_CONTINUATION,long,0.67R,10
193,0.533678756476684,-0.06914507772020725,-13.344999999999999,0.817815699658703,-14.550000000000011,8,7.580310880829016,4,S2_LONG_CONTINUATION,long,0.67R,15
207,0.5169082125603864,-0.02795893719806764,-5.787500000000001,0.9033806343906511,-10.8,10,4.1352657004830915,4,S2_LONG_CONTINUATION,long,0.75R,5
193,0.49222797927461137,-0.04740932642487047,-9.15,0.8654659070023893,-11.337499999999999,7,6.44559585492228,4,S2_LONG_CONTINUATION,long,0.75R,10
188,0.5,-0.09222074468085105,-17.3375,0.7750932382033403,-18.262500000000003,8,7.914893617021277,4,S2_LONG_CONTINUATION,long,0.75R,15
201,0.4925373134328358,-0.03277363184079602,-6.5875,0.8920303216553984,-9.299999999999997,10,4.432835820895522,4,S2_LONG_CONTINUATION,long,1.00R,5
188,0.4574468085106383,-0.028125000000000004,-5.2875000000000005,0.9247197010144153,-10.425,7,7.074468085106383,4,S2_LONG_CONTINUATION,long,1.00R,10
179,0.49162011173184356,-0.043924581005586584,-7.862499999999999,0.8964097496706191,-12.737499999999999,8,8.759776536312849,4,S2_LONG_CONTINUATION,long,1.00R,15
195,0.5538461538461539,-0.007948717948717958,-1.5500000000000016,0.967598641233342,-7.950000000000001,4,3.405128205128205,4,S2_LONG_CONTINUATION_30,long,0.50R,5
175,0.6114285714285714,0.007928571428571429,1.3875,1.0280232264579652,-6.8125,4,4.565714285714286,4,S2_LONG_CONTINUATION_30,long,0.50R,10
171,0.6608187134502924,0.009210526315789476,1.5750000000000004,1.0308143800440206,-7.0874999999999995,4,5.4035087719298245,4,S2_LONG_CONTINUATION_30,long,0.50R,15
182,0.510989010989011,-0.01320054945054944,-2.402499999999998,0.949895724713243,-7.797500000000003,4,3.8736263736263736,4,S2_LONG_CONTINUATION_30,long,0.67R,5
160,0.54375,0.01126562500000001,1.8025000000000015,1.0364786238300028,-6.5,4,5.64375,4,S2_LONG_CONTINUATION_30,long,0.67R,10
154,0.6103896103896104,0.027597402597402596,4.25,1.0846613545816737,-7.487499999999999,5,6.753246753246753,4,S2_LONG_CONTINUATION_30,long,0.67R,15
177,0.4971751412429379,0.00268361581920904,0.4750000000000001,1.0103514028874967,-7.312500000000001,4,3.994350282485876,4,S2_LONG_CONTINUATION_30,long,0.75R,5
154,0.5324675324675324,0.020048701298701302,3.0875000000000004,1.0631067961165048,-7.575,4,5.935064935064935,4,S2_LONG_CONTINUATION_30,long,0.75R,10
148,0.581081081081081,0.021875000000000002,3.2375000000000003,1.0625150856867005,-7.4,5,7.29054054054054,4,S2_LONG_CONTINUATION_30,long,0.75R,15
169,0.48520710059171596,0.0029585798816568047,0.5,1.0107845780533837,-5.699999999999999,4,4.295857988165681,4,S2_LONG_CONTINUATION_30,long,1.00R,5
144,0.4513888888888889,-0.01987847222222222,-2.8625,0.9462693571093383,-12.15,4,6.743055555555555,4,S2_LONG_CONTINUATION_30,long,1.00R,10
139,0.5035971223021583,-0.010611510791366907,-1.475,0.9742639040348964,-10.4625,6,8.309352517985612,4,S2_LONG_CONTINUATION_30,long,1.00R,15
373,0.5737265415549598,-0.12493297587131368,-46.6,0.6901853236931771,-48.62499999999999,6,1.581769436997319,4,S1_SHORT_CONTINUATION,short,0.50R,5
367,0.5776566757493188,-0.11961852861035424,-43.900000000000006,0.706452691407556,-46.824999999999996,6,1.7574931880108993,4,S1_SHORT_CONTINUATION,short,0.50R,10
367,0.5831062670299727,-0.11335149863760216,-41.599999999999994,0.7195820694304012,-45.0875,6,1.8610354223433243,4,S1_SHORT_CONTINUATION,short,0.50R,15
358,0.5335195530726257,-0.10324022346368718,-36.96000000000001,0.7660018993352328,-38.16999999999988,6,1.7541899441340782,4,S1_SHORT_CONTINUATION,short,0.67R,5
352,0.5369318181818182,-0.09336647727272726,-32.864999999999995,0.7904351984696318,-34.87749999999993,6,1.9914772727272727,4,S1_SHORT_CONTINUATION,short,0.67R,10
352,0.5340909090909091,-0.09285511363636365,-32.685,0.7934270816874706,-35.499999999999915,6,2.159090909090909,4,S1_SHORT_CONTINUATION,short,0.67R,15
356,0.5280898876404494,-0.07162921348314606,-25.5,0.8390151515151515,-30.749999999999996,6,1.7865168539325842,4,S1_SHORT_CONTINUATION,short,0.75R,5
350,0.5314285714285715,-0.06182142857142858,-21.637500000000003,0.8629019483605258,-27.85,6,2.0342857142857143,4,S1_SHORT_CONTINUATION,short,0.75R,10
350,0.5285714285714286,-0.06032142857142856,-21.112499999999997,0.8674046161092794,-27.737499999999997,6,2.22,4,S1_SHORT_CONTINUATION,short,0.75R,15
340,0.47352941176470587,-0.06573529411764706,-22.349999999999998,0.8676731793960926,-24.000000000000004,9,2.014705882352941,4,S1_SHORT_CONTINUATION,short,1.00R,5
332,0.46987951807228917,-0.05583584337349397,-18.537499999999998,0.8902700702922677,-20.412499999999998,9,2.3403614457831323,4,S1_SHORT_CONTINUATION,short,1.00R,10
331,0.47129909365558914,-0.052001510574018125,-17.2125,0.898876404494382,-18.8375,9,2.580060422960725,4,S1_SHORT_CONTINUATION,short,1.00R,15
426,0.5915492957746479,-0.10325704225352111,-43.9875,0.7383254015466982,-45.112500000000004,9,1.5586854460093897,4,S1_SHORT_CONTINUATION_15,short,0.50R,5
421,0.6009501187648456,-0.09566508313539192,-40.275,0.7573612470818587,-41.925,9,1.6912114014251782,4,S1_SHORT_CONTINUATION_15,short,0.50R,10
420,0.5976190476190476,-0.096875,-40.6875,0.7549499360084317,-42.6625,9,1.7357142857142858,4,S1_SHORT_CONTINUATION_15,short,0.50R,15
412,0.5558252427184466,-0.06904733009708738,-28.4475,0.8386415201361317,-29.5549999999999,9,1.7233009708737863,4,S1_SHORT_CONTINUATION_15,short,0.67R,5
406,0.5615763546798029,-0.06052339901477833,-24.5725,0.8592741069511062,-27.180000000000007,9,1.9187192118226601,4,S1_SHORT_CONTINUATION_15,short,0.67R,10
405,0.5555555555555556,-0.06335185185185185,-25.6575,0.854146237476018,-27.542499999999908,9,2.0,4,S1_SHORT_CONTINUATION_15,short,0.67R,15
407,0.542997542997543,-0.0480036855036855,-19.537499999999998,0.8906993006993007,-22.225000000000005,9,1.7886977886977886,4,S1_SHORT_CONTINUATION_15,short,0.75R,5
401,0.5511221945137157,-0.03547381546134663,-14.225,0.9194564371151532,-18.9625,9,1.9775561097256857,4,S1_SHORT_CONTINUATION_15,short,0.75R,10
400,0.545,-0.0378125,-15.124999999999998,0.9149862994449517,-18.987499999999997,9,2.0725,4,S1_SHORT_CONTINUATION_15,short,0.75R,15
379,0.48284960422163586,-0.05118733509234828,-19.4,0.8972049278050072,-26.7125,9,2.108179419525066,4,S1_SHORT_CONTINUATION_15,short,1.00R,5
373,0.48525469168900803,-0.037097855227882046,-13.837500000000002,0.9264305177111718,-20.775000000000002,9,2.3780160857908847,4,S1_SHORT_CONTINUATION_15,short,1.00R,10
369,0.47696476964769646,-0.04024390243902439,-14.85,0.9218009478672987,-20.3125,9,2.4607046070460705,4,S1_SHORT_CONTINUATION_15,short,1.00R,15
339,0.5811209439528023,-0.05055309734513274,-17.1375,0.8415761497573375,-24.324999999999996,6,2.8466076696165192,4,S2_SHORT_CONTINUATION,short,0.50R,5
324,0.6327160493827161,-0.026041666666666668,-8.4375,0.921246062303115,-18.799999999999997,6,3.567901234567901,4,S2_SHORT_CONTINUATION,short,0.50R,10
322,0.639751552795031,-0.021855590062111796,-7.037499999999999,0.934837962962963,-17.4,6,3.981366459627329,4,S2_SHORT_CONTINUATION,short,0.50R,15
310,0.5193548387096775,-0.05188709677419355,-16.085,0.8536396724294812,-18.890000000000004,6,3.325806451612903,4,S2_SHORT_CONTINUATION,short,0.67R,5
292,0.5582191780821918,-0.036977739726027394,-10.7975,0.9036475181260458,-17.6925,6,4.36986301369863,4,S2_SHORT_CONTINUATION,short,0.67R,10
288,0.5555555555555556,-0.04751736111111111,-13.684999999999999,0.8828715095752647,-18.150000000000006,6,5.038194444444445,4,S2_SHORT_CONTINUATION,short,0.67R,15
306,0.5,-0.04485294117647058,-13.724999999999998,0.8757778029188821,-18.1125,6,3.4607843137254903,4,S2_SHORT_CONTINUATION,short,0.75R,5
286,0.548951048951049,-0.012631118881118888,-3.612500000000002,0.9675463222908479,-15.587499999999999,6,4.56993006993007,4,S2_SHORT_CONTINUATION,short,0.75R,10
282,0.549645390070922,-0.018661347517730496,-5.2625,0.9545699794971403,-15.4875,6,5.301418439716312,4,S2_SHORT_CONTINUATION,short,0.75R,15
293,0.46075085324232085,-0.05307167235494881,-15.55,0.8626021647890435,-20.225000000000005,6,3.7781569965870307,4,S2_SHORT_CONTINUATION,short,1.00R,5
265,0.5056603773584906,0.012311320754716984,3.2625000000000006,1.0288461538461537,-11.5125,6,5.218867924528302,4,S2_SHORT_CONTINUATION,short,1.00R,10
261,0.4904214559386973,-0.010536398467432954,-2.750000000000001,0.9772303870834196,-12.612499999999999,6,6.026819923371647,4,S2_SHORT_CONTINUATION,short,1.00R,15
281,0.6868327402135231,0.05360320284697508,15.062499999999998,1.2051762302060276,-8.399999999999999,4,2.5516014234875444,4,S2_SHORT_CONTINUATION_30,short,0.50R,5
270,0.7074074074074074,0.07902777777777777,21.3375,1.2963027252213155,-8.462499999999999,4,3.0037037037037035,4,S2_SHORT_CONTINUATION_30,short,0.50R,10
267,0.7153558052434457,0.07916666666666666,21.1375,1.2880749574105623,-9.7125,4,3.209737827715356,4,S2_SHORT_CONTINUATION_30,short,0.50R,15
255,0.6274509803921569,0.06621568627450981,16.885,1.2256221813930184,-8.687499999999998,4,3.0470588235294116,4,S2_SHORT_CONTINUATION_30,short,0.67R,5
245,0.6244897959183674,0.07201020408163264,17.6425,1.2193317793317795,-7.557500000000002,6,3.8122448979591836,4,S2_SHORT_CONTINUATION_30,short,0.67R,10
240,0.6416666666666667,0.07764583333333334,18.635,1.2269447404475569,-9.672500000000001,6,4.166666666666667,4,S2_SHORT_CONTINUATION_30,short,0.67R,15
244,0.610655737704918,0.07889344262295081,19.249999999999996,1.2628434886499402,-6.3,4,3.2704918032786887,4,S2_SHORT_CONTINUATION_30,short,0.75R,5
232,0.6120689655172413,0.1027478448275862,23.8375,1.306838294448914,-5.512499999999999,6,4.103448275862069,4,S2_SHORT_CONTINUATION_30,short,0.75R,10
226,0.6371681415929203,0.11631637168141594,26.2875,1.3365338454152667,-6.0,6,4.548672566371682,4,S2_SHORT_CONTINUATION_30,short,0.75R,15
232,0.5818965517241379,0.11508620689655173,26.700000000000003,1.3686572316189163,-6.075,4,3.5517241379310347,4,S2_SHORT_CONTINUATION_30,short,1.00R,5
210,0.5523809523809524,0.12851190476190474,26.987499999999997,1.3348325062034738,-8.8875,6,4.804761904761905,4,S2_SHORT_CONTINUATION_30,short,1.00R,10
204,0.5735294117647058,0.1301470588235294,26.549999999999997,1.3220133414190418,-8.912500000000001,6,5.421568627450981,4,S2_SHORT_CONTINUATION_30,short,1.00R,15
