trades,win_rate,mean_R,total_R,profit_factor,max_drawdown_R,losing_streak,daily_sharpe,window,quantile,barrier,horizon
1210,0.6297520661157024,-0.02527892561983471,-30.5875,0.9242930511725759,-41.38749999999999,8,-2.198736788448666,1,0.7,0.50R,5
1182,0.6412859560067682,-0.027686125211505923,-32.725,0.9198702252693437,-44.46249999999999,8,-2.3135997965749415,1,0.7,0.50R,10
1174,0.6473594548551959,-0.02213586030664395,-25.987499999999997,0.9357361441686501,-39.8875,8,-1.8526934610295207,1,0.7,0.50R,15
1121,0.5789473684210527,0.0009656556645851993,1.0825000000000085,1.0025952231112707,-27.78749999999988,8,0.06902646545155151,1,0.7,0.67R,5
1083,0.5937211449676824,-0.003825023084025849,-4.142499999999995,0.990252654489838,-32.482499999999774,8,-0.2585838132905968,1,0.7,0.67R,10
1074,0.5949720670391061,0.0016201117318435773,1.740000000000002,1.0041101957657896,-28.3874999999998,8,0.10977485813845383,1,0.7,0.67R,15
1076,0.5566914498141264,0.0032063197026022264,3.4499999999999957,1.0081920987800896,-36.650000000000006,9,0.19840856993167783,1,0.7,0.75R,5
1032,0.5678294573643411,-0.0038638565891472875,-3.9875000000000007,0.9907156785703891,-42.22499999999999,8,-0.22171173340096775,1,0.7,0.75R,10
1018,0.5667976424361493,-3.4898955587431244e-18,-3.552713678800501e-15,1.0,-38.17499999999999,8,0.0,1,0.7,0.75R,15
994,0.5070422535211268,0.02665995975855131,26.5,1.0625036853588066,-30.525000000000002,12,1.2690450416790628,1,0.7,1.00R,5
932,0.5107296137339056,0.018575643776824035,17.3125,1.0399077942659558,-38.23749999999998,8,0.8238632087416813,1,0.7,1.00R,10
916,0.5120087336244541,0.022721069868995636,20.812500000000004,1.0478063626966807,-34.9375,10,1.0191170862705896,1,0.7,1.00R,15
963,0.6407061266874351,-0.011552440290758052,-11.125000000000004,0.9646306084330167,-24.975,6,-0.9471866983648527,1,0.75,0.50R,5
944,0.652542372881356,-0.012738347457627119,-12.025,0.9621453586746941,-28.112499999999986,6,-0.9876870311953148,1,0.75,0.50R,10
939,0.6560170394036209,-0.010010649627263044,-9.399999999999999,0.9703575229610943,-25.0625,5,-0.7716025780705599,1,0.75,0.50R,15
899,0.5850945494994438,0.009388209121245824,8.439999999999996,1.025295968829612,-16.702499999999965,6,0.597461566427253,1,0.75,0.67R,5
872,0.5963302752293578,0.001181192660550452,1.029999999999994,1.0030308603376614,-21.012500000000006,6,0.07262865133196096,1,0.75,0.67R,10
865,0.6,0.005106936416184974,4.417500000000002,1.0129474262685474,-19.25249999999997,6,0.30917315931026246,1,0.75,0.67R,15
866,0.5681293302540416,0.019803695150115472,17.15,1.0511444121374787,-18.374999999999993,6,1.1218013314795803,1,0.75,0.75R,5
835,0.5748502994011976,0.008772455089820363,7.325000000000003,1.02136580741605,-22.2125,6,0.4715026986752136,1,0.75,0.75R,10
827,0.5767835550181378,0.013104594921402656,10.837499999999997,1.0314986376021797,-20.6125,6,0.6905945974081359,1,0.75,0.75R,15
790,0.5088607594936709,0.03615506329113924,28.5625,1.0845106886604037,-13.65,8,1.9151934349069037,1,0.75,1.00R,5
746,0.5120643431635389,0.026725871313672923,19.9375,1.0574547026403949,-18.875,6,1.2326273667804621,1,0.75,1.00R,10
735,0.5156462585034014,0.03241496598639456,23.825,1.0682420336555674,-16.1125,7,1.496784251392671,1,0.75,1.00R,15
731,0.6388508891928865,-0.017818057455540357,-13.025,0.94614430432086,-21.9375,5,-1.154592996825078,1,0.8,0.50R,5
715,0.6489510489510489,-0.020856643356643355,-14.9125,0.9391729975016572,-21.875,5,-1.2941442721669176,1,0.8,0.50R,10
712,0.648876404494382,-0.020821629213483146,-14.825,0.9396928709447778,-22.1625,5,-1.2822247830378906,1,0.8,0.50R,15
686,0.5947521865889213,0.019708454810495636,13.520000000000007,1.0537067381697207,-15.054999999999936,8,1.1321935976935338,1,0.8,0.67R,5
670,0.5985074626865672,0.0075746268656716464,5.075000000000003,1.0194789617617428,-17.13499999999996,8,0.4142058415499753,1,0.8,0.67R,10
667,0.5982008995502249,0.004962518740629694,3.310000000000006,1.0125461953946746,-18.62249999999996,8,0.27102563092944904,1,0.8,0.67R,15
662,0.5740181268882175,0.02794561933534743,18.499999999999996,1.0726772736201138,-14.625,8,1.4710719129541991,1,0.8,0.75R,5
641,0.5772230889235569,0.016224648985959437,10.399999999999999,1.0396133885635384,-17.8125,8,0.7889369354941741,1,0.8,0.75R,10
637,0.5745682888540031,0.013383045525902667,8.524999999999999,1.0320850583364698,-18.6125,8,0.6471525593495441,1,0.8,0.75R,15
608,0.5180921052631579,0.050349506578947364,30.612499999999997,1.1190974079657636,-11.462499999999999,7,2.2201013696995324,1,0.8,1.00R,5
572,0.5157342657342657,0.03769667832167832,21.5625,1.0817303136548848,-13.6375,8,1.5389003507915955,1,0.8,1.00R,10
565,0.5185840707964602,0.04223451327433628,23.862499999999997,1.0894731908511435,-14.5,6,1.7164559139837297,1,0.8,1.00R,15
493,0.6713995943204868,0.01622718052738337,8.000000000000002,1.0515380898695443,-15.0625,5,0.8670108741327822,1,0.85,0.50R,5
490,0.673469387755102,0.01357142857142857,6.649999999999999,1.0421052631578949,-15.95,5,0.7272230804244686,1,0.85,0.50R,10
490,0.6714285714285714,0.010510204081632654,5.15,1.0323187951051145,-16.5,5,0.5625521386240258,1,0.85,0.50R,15
467,0.6124197002141327,0.03869379014989294,18.07,1.1071132187314763,-13.967499999999838,5,1.779561914296016,1,0.85,0.67R,5
460,0.6173913043478261,0.03640217391304348,16.745,1.0972486388384755,-14.167499999999833,5,1.5904552927423432,1,0.85,0.67R,10
460,0.6130434782608696,0.027369565217391305,12.59,1.0713921179472639,-14.767499999999847,5,1.1856124107116204,1,0.85,0.67R,15
452,0.5929203539823009,0.048506637168141596,21.925,1.1275636363636363,-13.787500000000005,5,2.041954178430425,1,0.85,0.75R,5
443,0.5936794582392777,0.043961625282167044,19.475,1.1105356509400497,-14.487499999999997,5,1.8026823049347673,1,0.85,0.75R,10
443,0.5891647855530474,0.03476297968397291,15.4,1.0853895203770445,-15.087499999999999,5,1.4154122642134557,1,0.85,0.75R,15
410,0.5341463414634147,0.07353658536585367,30.150000000000002,1.173387966357559,-9.825000000000003,6,2.862784376672094,1,0.85,1.00R,5
393,0.5292620865139949,0.06240458015267175,24.525,1.1372027972027972,-12.3625,5,2.43115107815331,1,0.85,1.00R,10
391,0.5294117647058824,0.060613810741687986,23.700000000000003,1.129969838223197,-14.0,6,2.2862822517171653,1,0.85,1.00R,15
466,0.6115879828326181,-0.0004828326180257427,-0.2249999999999961,0.9983747178329572,-16.525,6,-0.02375015528391894,2,0.7,0.50R,5
449,0.6592427616926503,0.01765033407572383,7.925,1.0584924808561673,-11.6375,5,0.8484608254899332,2,0.7,0.50R,10
444,0.6711711711711712,0.023451576576576576,10.4125,1.076310003664346,-10.437500000000002,7,1.1146602098164209,2,0.7,0.50R,15
431,0.5382830626450116,-0.013729698375870068,-5.9174999999999995,0.9604478235441558,-15.25,7,-0.5939994289447236,2,0.7,0.67R,5
409,0.5794621026894865,0.005097799511002458,2.0850000000000053,1.0139499874550475,-10.740000000000002,6,0.20268482116440525,2,0.7,0.67R,10
404,0.5965346534653465,0.01582920792079208,6.395,1.042654660663665,-9.607500000000002,7,0.6114211611650435,2,0.7,0.67R,15
423,0.5200945626477541,-0.015898345153664294,-6.724999999999996,0.9565918993061159,-12.937499999999998,7,-0.6796162049419358,2,0.7,0.75R,5
400,0.555,0.010312499999999995,4.124999999999998,1.0271470878578481,-12.412500000000001,6,0.35551834708014174,2,0.7,0.75R,10
391,0.5754475703324808,0.025991048593350382,10.1625,1.0673682466025851,-10.962499999999999,7,0.8363568352139548,2,0.7,0.75R,15
398,0.48743718592964824,0.013002512562814086,5.175000000000006,1.0333172380492517,-10.125000000000004,7,0.4922446387079551,2,0.7,1.00R,5
377,0.506631299734748,0.03580901856763926,13.5,1.084612973989345,-9.300000000000002,6,1.138062461436749,2,0.7,1.00R,10
366,0.5273224043715847,0.047096994535519125,17.2375,1.107566302652106,-8.4,7,1.4073510330650971,2,0.7,1.00R,15
353,0.6487252124645893,0.029284702549575072,10.3375,1.1027074018877299,-9.8375,5,1.2213886631786102,2,0.75,0.50R,5
341,0.6686217008797654,0.03885630498533723,13.249999999999996,1.133619059624354,-9.7875,5,1.4724841147964267,2,0.75,0.50R,10
336,0.6904761904761905,0.05018601190476189,16.862499999999997,1.1723961661341855,-9.525,5,1.8207378324033179,2,0.75,0.50R,15
330,0.5666666666666667,0.0029242424242424334,0.965000000000003,1.0081909814323609,-11.985000000000003,6,0.0984805414006993,2,0.75,0.67R,5
319,0.5862068965517241,0.01904388714733543,6.075000000000003,1.0524102232287287,-10.545000000000003,6,0.5940814708354691,2,0.75,0.67R,10
316,0.6044303797468354,0.028370253164556977,8.965000000000005,1.0768291376539905,-11.517500000000002,6,0.8230113379412789,2,0.75,0.67R,15
323,0.541795665634675,-0.008939628482972136,-2.8875,0.9767137096774194,-18.9,6,-0.29226866768970167,2,0.75,0.75R,5
314,0.5509554140127388,0.006210191082802543,1.9499999999999984,1.0157575757575759,-14.2125,6,0.17925634652203035,2,0.75,0.75R,10
309,0.56957928802589,0.012459546925566336,3.849999999999998,1.0309454435848489,-15.774999999999999,6,0.33384068445208814,2,0.75,0.75R,15
308,0.5,0.020129870129870126,6.199999999999999,1.0487900845957114,-10.3625,9,0.5712764437459485,2,0.75,1.00R,5
297,0.5050505050505051,0.0404040404040404,11.999999999999998,1.0921393607831846,-9.4,6,0.9966719496253693,2,0.75,1.00R,10
290,0.5275862068965518,0.0464655172413793,13.474999999999998,1.1035642232683254,-12.0625,6,1.0737771428084035,2,0.75,1.00R,15
272,0.6654411764705882,0.05073529411764706,13.8,1.1845845176391907,-8.337499999999999,4,2.0613995375101988,2,0.8,0.50R,5
266,0.6917293233082706,0.06066729323308272,16.137500000000003,1.2161392934873598,-8.0,4,2.3594548826132886,2,0.8,0.50R,10
263,0.714828897338403,0.07785171102661598,20.475,1.2836363636363632,-8.1375,4,2.8380027764946094,2,0.8,0.50R,15
255,0.6,0.05224509803921569,13.322500000000002,1.1574530949918749,-7.222499999999999,5,1.6434804730954211,2,0.8,0.67R,5
249,0.6144578313253012,0.06631526104417672,16.512500000000003,1.1955009619653694,-6.2425,5,1.9595557553367784,2,0.8,0.67R,10
246,0.6422764227642277,0.08816056910569106,21.6875,1.2634375948982692,-6.329999999999998,5,2.3889113504435278,2,0.8,0.67R,15
250,0.588,0.07885,19.712500000000002,1.233872163725345,-6.275,5,2.263746287524011,2,0.8,0.75R,5
245,0.6040816326530613,0.09510204081632655,23.300000000000004,1.2726341962849201,-6.162500000000001,5,2.5262839434653177,2,0.8,0.75R,10
242,0.6322314049586777,0.11885330578512397,28.762500000000003,1.3451845184518454,-6.25,5,2.9048464102123326,2,0.8,0.75R,15
236,0.5466101694915254,0.11753177966101695,27.7375,1.3237997957099081,-6.875,5,2.9429933997966327,2,0.8,1.00R,5
227,0.5462555066079295,0.12747797356828194,28.9375,1.3177326379357672,-7.037500000000001,5,2.666020503653112,2,0.8,1.00R,10
225,0.5777777777777777,0.148,33.3,1.3727959697732999,-6.6625,5,2.983486097797121,2,0.8,1.00R,15
193,0.6683937823834197,0.045401554404145075,8.7625,1.1617816755135009,-10.674999999999999,4,1.5008433949307771,2,0.85,0.50R,5
188,0.6861702127659575,0.06263297872340425,11.774999999999999,1.2249283667621778,-6.4,3,2.1320469240113744,2,0.85,0.50R,10
187,0.7005347593582888,0.06524064171122995,12.200000000000001,1.2310606060606062,-5.8125,3,2.140269917234701,2,0.85,0.50R,15
185,0.6,0.047675675675675676,8.82,1.140055577610163,-8.805000000000001,6,1.3167705442080326,2,0.85,0.67R,5
181,0.6077348066298343,0.055138121546961336,9.980000000000002,1.1579738820736052,-9.462500000000002,5,1.516002357788257,2,0.85,0.67R,10
180,0.6277777777777778,0.06340277777777778,11.4125,1.180863708399366,-9.057500000000001,6,1.691111302655191,2,0.85,0.67R,15
179,0.5865921787709497,0.06997206703910616,12.525000000000002,1.20076137046684,-8.725000000000001,6,1.7497152444954611,2,0.85,0.75R,5
175,0.5942857142857143,0.07921428571428572,13.8625,1.2194301543332013,-10.0625,5,1.9335186336435801,2,0.85,0.75R,10
174,0.6149425287356322,0.08821839080459772,15.350000000000001,1.2432646592709984,-10.0625,6,2.0702088537762084,2,0.85,0.75R,15
174,0.5402298850574713,0.11185344827586206,19.4625,1.2922297297297298,-11.1375,6,2.3222362466786137,2,0.85,1.00R,5
169,0.5502958579881657,0.14400887573964496,24.3375,1.3621651785714284,-8.425,5,2.6328555663611386,2,0.85,1.00R,10
167,0.5808383233532934,0.1659431137724551,27.712500000000002,1.4192511346444783,-6.7875,6,2.9209665884409435,2,0.85,1.00R,15
547,0.6087751371115173,0.007244058500914076,3.9624999999999995,1.027156686370256,-9.925,8,0.3871535273125213,3,0.7,0.50R,5
508,0.6417322834645669,0.012942913385826775,6.575000000000002,1.0434351775392237,-12.2375,6,0.5920712024218724,3,0.7,0.50R,10
495,0.6464646464646465,0.0027272727272727266,1.3499999999999996,1.008610380291796,-13.8125,6,0.12446609056425116,3,0.7,0.50R,15
506,0.5513833992094862,0.01111166007905139,5.622500000000003,1.03724434876211,-12.137500000000001,8,0.5504342955164588,3,0.7,0.67R,5
440,0.5840909090909091,0.033971590909090923,14.947500000000005,1.102013308309162,-10.287499999999998,6,1.4170790867345697,3,0.7,0.67R,10
421,0.5890736342042755,0.022072446555819487,9.292500000000004,1.0606065547040602,-13.145,6,0.9171231162210304,3,0.7,0.67R,15
495,0.5272727272727272,0.006161616161616156,3.049999999999997,1.019856770833333,-12.749999999999996,8,0.2684456438128686,3,0.7,0.75R,5
425,0.5505882352941176,0.020676470588235293,8.7875,1.0579029733959313,-13.9875,6,0.7727637167199499,3,0.7,0.75R,10
409,0.5550122249388753,0.0009168704156479272,0.3750000000000022,1.0023055640946819,-16.099999999999998,7,0.03446785594495318,3,0.7,0.75R,15
466,0.5021459227467812,0.02797746781115879,13.037499999999996,1.0890767785464173,-9.937500000000002,10,1.082002707458983,3,0.7,1.00R,5
386,0.5077720207253886,0.0407059585492228,15.7125,1.1049423943897148,-14.774999999999999,9,1.303019057355708,3,0.7,1.00R,10
366,0.505464480874317,0.016837431693989064,6.162499999999998,1.0384435433562074,-15.4125,15,0.5772378678778993,3,0.7,1.00R,15
425,0.5811764705882353,-0.03535294117647059,-15.024999999999999,0.88401042169256,-16.912499999999998,9,-1.958528559671152,3,0.75,0.50R,5
395,0.6253164556962025,-0.0164240506329114,-6.4875000000000025,0.9494546162835995,-10.4625,6,-0.7309237961732171,3,0.75,0.50R,10
387,0.6459948320413437,-0.01330749354005168,-5.15,0.9598987736032706,-9.837499999999999,5,-0.6053785299048771,3,0.75,0.50R,15
396,0.5277777777777778,-0.030827020202020196,-12.207499999999998,0.9090434944584147,-19.727500000000003,9,-1.547349691298419,3,0.75,0.67R,5
350,0.5628571428571428,-0.011128571428571422,-3.894999999999998,0.9700211660573408,-12.355000000000002,6,-0.45469688892627663,3,0.75,0.67R,10
338,0.5857988165680473,0.00022928994082840667,0.07750000000000146,1.0005955811719502,-12.585,5,0.009113391315570141,3,0.75,0.67R,15
387,0.5116279069767442,-0.03210594315245478,-12.425,0.9080055529847294,-17.212499999999995,9,-1.457958570898613,3,0.75,0.75R,5
339,0.5309734513274337,-0.02201327433628319,-7.462500000000002,0.9441481897277575,-10.775,6,-0.8413435777470811,3,0.75,0.75R,10
326,0.549079754601227,-0.020092024539877296,-6.549999999999999,0.9518692018003122,-9.625,6,-0.7939436159476461,3,0.75,0.75R,15
361,0.48753462603878117,-0.012707756232686981,-4.5875,0.9638992720834154,-14.349999999999998,11,-0.4635531579061219,3,0.75,1.00R,5
309,0.4692556634304207,-0.028843042071197415,-8.912500000000001,0.933736059479554,-17.837499999999995,9,-0.8870126146411506,3,0.75,1.00R,10
292,0.5,-0.003039383561643833,-0.8874999999999993,0.9933774834437087,-14.95,9,-0.09399073129501972,3,0.75,1.00R,15
292,0.5924657534246576,-0.021703767123287677,-6.337500000000002,0.9277674882461888,-13.749999999999998,5,-0.9045098572786798,3,0.8,0.50R,5
275,0.6327272727272727,-0.025863636363636366,-7.112500000000001,0.9234906548339383,-12.25,5,-0.9849564548982745,3,0.8,0.50R,10
274,0.6386861313868614,-0.02924270072992701,-8.012500000000001,0.915446511014378,-13.600000000000001,5,-1.1004417270304228,3,0.8,0.50R,15
263,0.5437262357414449,-0.013260456273764262,-3.4875000000000007,0.9600286532951291,-13.835,5,-0.5445051208323174,3,0.8,0.67R,5
238,0.5756302521008403,-0.02446428571428572,-5.822500000000002,0.9370625591136336,-14.992500000000003,5,-0.7861757826942429,3,0.8,0.67R,10
233,0.5793991416309013,-0.011437768240343356,-2.665000000000002,0.9711502029769961,-11.772500000000004,5,-0.34935229258172995,3,0.8,0.67R,15
259,0.5212355212355212,-0.020559845559845552,-5.324999999999998,0.9407180629000834,-14.55,5,-0.7698691033232771,3,0.8,0.75R,5
231,0.5497835497835498,-0.01628787878787879,-3.7625,0.9598506069094304,-11.6,5,-0.48895551647022223,3,0.8,0.75R,10
226,0.5486725663716814,-0.015984513274336275,-3.612499999999998,0.9621082994624361,-11.3875,5,-0.48520946057404224,3,0.8,0.75R,15
238,0.48739495798319327,-0.007457983193277307,-1.774999999999999,0.9792609902146925,-13.962499999999999,6,-0.21835689902002933,3,0.8,1.00R,5
211,0.4834123222748815,-0.026303317535545018,-5.549999999999999,0.942367601246106,-16.262499999999996,11,-0.6300668788982525,3,0.8,1.00R,10
206,0.5048543689320388,0.007645631067961168,1.5750000000000006,1.0165224232887489,-12.625,11,0.17339871473071075,3,0.8,1.00R,15
191,0.5863874345549738,-0.0274869109947644,-5.25,0.9109792284866468,-11.287500000000001,7,-0.8649322554853186,3,0.85,0.50R,5
183,0.6174863387978142,-0.0450136612021858,-8.2375,0.8701221915648404,-13.562499999999998,6,-1.3164487540580196,3,0.85,0.50R,10
182,0.6208791208791209,-0.046153846153846156,-8.4,0.8699186991869918,-13.600000000000001,6,-1.3393512018759235,3,0.85,0.50R,15
175,0.5371428571428571,-0.015500000000000005,-2.712500000000001,0.9546309847376125,-11.115000000000002,7,-0.4740306816482458,3,0.85,0.67R,5
158,0.569620253164557,-0.03151898734177216,-4.980000000000001,0.9208109719737628,-14.100000000000001,6,-0.9114870182312999,3,0.85,0.67R,10
157,0.5668789808917197,-0.026926751592356694,-4.227500000000001,0.9336472434765547,-12.985,6,-0.7582372450412143,3,0.85,0.67R,15
170,0.5058823529411764,-0.016544117647058827,-2.8125000000000004,0.9528400754558792,-10.9375,7,-0.44168604505889975,3,0.85,0.75R,5
157,0.5477707006369427,-0.00875796178343949,-1.375,0.978435600862576,-13.975,6,-0.23181232958156825,3,0.85,0.75R,10
156,0.5448717948717948,-0.017467948717948715,-2.7249999999999996,0.9586337760910816,-14.3875,6,-0.4704564295238509,3,0.85,0.75R,15
160,0.4875,0.016093750000000007,2.575000000000001,1.0451160753394657,-8.7,7,0.39452641633215657,3,0.85,1.00R,5
143,0.4965034965034965,0.01774475524475524,2.5374999999999996,1.0399291896144767,-14.05,7,0.35364410109459965,3,0.85,1.00R,10
140,0.5214285714285715,0.04714285714285715,6.600000000000001,1.105621124224845,-13.987499999999999,7,0.9202289598897093,3,0.85,1.00R,15
611,0.602291325695581,0.012234042553191488,7.475,1.047362585141771,-11.362499999999997,5,0.9926983172028924,4,0.7,0.50R,5
554,0.6335740072202166,0.004760830324909746,2.6374999999999993,1.0159101191373852,-12.3375,5,0.31570734614669266,4,0.7,0.50R,10
536,0.6511194029850746,0.011707089552238805,6.2749999999999995,1.0381082517270175,-12.0625,5,0.7379080060102529,4,0.7,0.50R,15
549,0.5482695810564663,0.024708561020036445,13.565000000000008,1.0872066859530698,-10.104999999999883,6,1.773609031086698,4,0.7,0.67R,5
491,0.5743380855397149,0.012866598778004086,6.317500000000006,1.0373540280857356,-13.034999999999961,5,0.7524902371679771,4,0.7,0.67R,10
471,0.5817409766454352,0.007181528662420391,3.382500000000004,1.0196044338187353,-15.102500000000003,5,0.38546466280902797,4,0.7,0.67R,15
534,0.5280898876404494,0.028955992509363294,15.462499999999999,1.0997661101701748,-11.350000000000001,6,1.9715206974754882,4,0.7,0.75R,5
472,0.5466101694915254,0.01046080508474576,4.937499999999999,1.0286024619840695,-12.6875,5,0.5756483378797984,4,0.7,0.75R,10
452,0.5597345132743363,0.008517699115044249,3.8500000000000005,1.0218889915428897,-17.3625,5,0.4168102640397698,4,0.7,0.75R,15
505,0.48118811881188117,0.020792079207920793,10.5,1.0675566993726877,-10.837499999999999,6,1.1815276625208926,4,0.7,1.00R,5
429,0.49184149184149184,0.020512820512820506,8.799999999999997,1.0509406657018814,-12.937500000000004,6,0.9423673841412036,4,0.7,1.00R,10
414,0.5024154589371981,0.013013285024154594,5.387500000000002,1.0299014846676842,-16.200000000000003,6,0.5335561975128635,4,0.7,1.00R,15
489,0.6175869120654397,0.02310838445807771,11.3,1.0906902086677366,-9.637499999999998,6,1.6932574728173202,4,0.75,0.50R,5
456,0.6403508771929824,0.010882675438596489,4.962499999999999,1.0365629029287162,-11.387500000000001,5,0.6047826562101032,4,0.75,0.50R,10
443,0.6636568848758465,0.016252821670428894,7.2,1.052989880404784,-12.987499999999999,5,0.832845516764268,4,0.75,0.50R,15
442,0.5429864253393665,0.01166289592760181,5.155,1.039585333077366,-10.310000000000002,6,0.7781339289948285,4,0.75,0.67R,5
402,0.5621890547263682,-0.0110634328358209,-4.447500000000002,0.9693064182194617,-15.15,5,-0.5336257711215325,4,0.75,0.67R,10
387,0.5813953488372093,-0.00963178294573644,-3.7275000000000027,0.9746083106267031,-19.922500000000007,5,-0.4269658223060036,4,0.75,0.67R,15
430,0.5255813953488372,0.024970930232558145,10.737500000000002,1.0842900598567364,-8.3,8,1.8225177525917835,4,0.75,0.75R,5
392,0.5408163265306123,-0.006441326530612253,-2.525000000000003,0.9829564630442121,-14.1375,5,-0.31835451408829774,4,0.75,0.75R,10
377,0.5649867374005305,0.00351458885941645,1.3250000000000015,1.0088695506652163,-17.5125,5,0.1550423406449327,4,0.75,0.75R,15
408,0.4877450980392157,0.025796568627450982,10.525,1.0837477620847422,-10.362499999999997,8,1.4026154403652697,4,0.75,1.00R,5
355,0.504225352112676,0.028591549295774645,10.149999999999999,1.0703152060962937,-11.275000000000002,5,1.237922610174005,4,0.75,1.00R,10
340,0.5176470588235295,0.028713235294117644,9.7625,1.0660241778679516,-12.6375,6,1.0538728346561859,4,0.75,1.00R,15
394,0.631979695431472,0.014657360406091372,5.775,1.0542444522719268,-13.149999999999999,4,0.7980459643163414,4,0.8,0.50R,5
371,0.6738544474393531,0.04962938005390835,18.412499999999998,1.1801614481409002,-10.399999999999997,4,2.368862197074034,4,0.8,0.50R,10
367,0.6839237057220708,0.04564032697547684,16.75,1.1570373842728232,-12.85,4,2.1566882471604085,4,0.8,0.50R,15
356,0.5730337078651685,0.007162921348314613,2.5500000000000025,1.0231240081614146,-12.454999999999998,5,0.3790543868674583,4,0.8,0.67R,5
327,0.5871559633027523,0.0329434250764526,10.7725,1.097290584782118,-10.307500000000001,5,1.4531530277618314,4,0.8,0.67R,10
320,0.59375,0.01584375000000001,5.070000000000003,1.042897937599154,-14.340000000000003,5,0.6322471444717365,4,0.8,0.67R,15
340,0.5617647058823529,0.02466911764705882,8.3875,1.08005249343832,-10.712499999999999,6,1.3909470397693853,4,0.8,0.75R,5
308,0.577922077922078,0.06225649350649351,19.175,1.1826190476190477,-7.424999999999997,5,2.9526039027159166,4,0.8,0.75R,10
301,0.5913621262458472,0.053363787375415285,16.0625,1.1438164521544487,-10.125,5,2.2230072139505452,4,0.8,0.75R,15
324,0.5246913580246914,0.04633487654320988,15.0125,1.1445072795090843,-10.150000000000002,6,2.098101297843355,4,0.8,1.00R,5
282,0.5283687943262412,0.0826241134751773,23.299999999999997,1.215217642304584,-7.849999999999998,5,3.1895733486067743,4,0.8,1.00R,10
273,0.5311355311355311,0.06785714285714285,18.525,1.159543546129831,-10.037500000000001,5,2.2626949642360787,4,0.8,1.00R,15
272,0.6507352941176471,0.02591911764705882,7.05,1.0964762230585017,-8.9375,5,1.1774924205981308,4,0.85,0.50R,5
259,0.6833976833976834,0.055212355212355214,14.3,1.2024420456556364,-7.5124999999999975,5,2.6624722505389364,4,0.85,0.50R,10
254,0.6811023622047244,0.04729330708661418,12.012500000000001,1.1632965165675446,-7.387500000000001,5,2.1721375863028722,4,0.85,0.50R,15
246,0.5853658536585366,0.020193089430894314,4.967500000000001,1.064987735077678,-10.530000000000001,6,0.8322681312127267,4,0.85,0.67R,5
231,0.6103896103896104,0.052294372294372296,12.08,1.1584262295081968,-6.9925000000000015,5,2.118579627970446,4,0.85,0.67R,10
226,0.6061946902654868,0.04711283185840708,10.6475,1.1341417322834646,-8.987500000000002,6,1.7348726237783685,4,0.85,0.67R,15
239,0.5690376569037657,0.0323744769874477,7.737500000000001,1.1027044964327193,-10.1375,6,1.2412137679917488,4,0.85,0.75R,5
222,0.6036036036036037,0.08811936936936937,19.5625,1.2696416264645072,-6.5124999999999975,5,3.116284925485891,4,0.85,0.75R,10
214,0.602803738317757,0.0879088785046729,18.8125,1.2519671856688432,-7.537500000000001,6,2.9996387656056274,4,0.85,0.75R,15
230,0.5521739130434783,0.07364130434782609,16.9375,1.227234613449606,-7.0875,6,2.683797527355416,4,0.85,1.00R,5
209,0.5598086124401914,0.12894736842105262,26.95,1.3613205966147146,-5.0875,5,4.083709508229775,4,0.85,1.00R,10
197,0.5431472081218274,0.11199238578680203,22.0625,1.2823548232282833,-5.412500000000001,6,3.2762764638505426,4,0.85,1.00R,15
