side,hmm_state,vol_bucket,zscore,observations,windows,wr_5_before_5_h10,wr_10_before_5_h10,wr_15_before_10_h10,wr_20_before_10_h10,wr_30_before_15_h10,wr_5_before_5_h20,wr_10_before_5_h20,wr_15_before_10_h20,wr_20_before_10_h20,wr_30_before_15_h20,wr_5_before_5_h30,wr_10_before_5_h30,wr_15_before_10_h30,wr_20_before_10_h30,wr_30_before_15_h30,wr_5_before_5_h60,wr_10_before_5_h60,wr_15_before_10_h60,wr_20_before_10_h60,wr_30_before_15_h60,wr_5_before_5_h120,wr_10_before_5_h120,wr_15_before_10_h120,wr_20_before_10_h120,wr_30_before_15_h120,mean_path_wr,median_path_wr,paths_wr_ge_50,paths_wr_ge_55,paths_wr_ge_60
SHORT,0,20-40,3.0,175,17,0.4342857142857143,0.32571428571428573,0.37142857142857144,0.3314285714285714,0.26857142857142857,0.44,0.34285714285714286,0.42857142857142855,0.3657142857142857,0.3028571428571429,0.44571428571428573,0.34285714285714286,0.4342857142857143,0.4,0.3485714285714286,0.4514285714285714,0.3485714285714286,0.44,0.4057142857142857,0.37714285714285717,0.4514285714285714,0.35428571428571426,0.44571428571428573,0.4057142857142857,0.3942857142857143,0.38628571428571434,0.3942857142857143,0,0,0
SHORT,1,20-40,3.5,130,17,0.35384615384615387,0.3,0.45384615384615384,0.35384615384615387,0.3153846153846154,0.35384615384615387,0.3,0.45384615384615384,0.36923076923076925,0.3769230769230769,0.35384615384615387,0.3,0.46153846153846156,0.36923076923076925,0.38461538461538464,0.35384615384615387,0.3,0.47692307692307695,0.3769230769230769,0.38461538461538464,0.35384615384615387,0.3,0.47692307692307695,0.3923076923076923,0.38461538461538464,0.37200000000000005,0.36923076923076925,0,0,0
LONG,0,80-100,2.5,922,21,0.44468546637744033,0.3156182212581345,0.34490238611713664,0.28199566160520606,0.21475054229934923,0.4490238611713666,0.33080260303687636,0.37635574837310193,0.3275488069414317,0.2809110629067245,0.4490238611713666,0.3329718004338395,0.39045553145336226,0.3470715835140998,0.3188720173535792,0.4511930585683297,0.3329718004338395,0.39913232104121477,0.35683297180043383,0.3665943600867679,0.4511930585683297,0.3329718004338395,0.403470715835141,0.36225596529284165,0.38177874186550975,0.36173535791757055,0.35683297180043383,0,0,0
LONG,0,40-60,2.0,3057,21,0.4435721295387635,0.319267255479228,0.35852142623487077,0.26561988877984954,0.15799803729146222,0.45142296368989204,0.33104350670592086,0.3961400065423618,0.31665031076218514,0.23912332351979065,0.45305855413804386,0.33496892378148513,0.4075891396794243,0.32940791625776905,0.2741249591102388,0.4533856722276742,0.338567222767419,0.4164213280994439,0.34314687602224403,0.3140333660451423,0.4533856722276742,0.3395485770363101,0.42263657180242065,0.3493621197252208,0.32875368007850836,0.35350997710173376,0.3395485770363101,0,0,0
LONG,1,20-40,3.0,359,20,0.34540389972144847,0.3008356545961003,0.40668523676880225,0.3286908077994429,0.22841225626740946,0.34540389972144847,0.30362116991643456,0.4206128133704735,0.362116991643454,0.3008356545961003,0.34540389972144847,0.30362116991643456,0.4233983286908078,0.37047353760445684,0.33147632311977715,0.34818941504178275,0.3064066852367688,0.43454038997214484,0.37604456824512533,0.37604456824512533,0.34818941504178275,0.3064066852367688,0.4373259052924791,0.3816155988857939,0.38440111420612816,0.3526462395543175,0.34818941504178275,0,0,0
LONG,1,20-40,2.0,2573,21,0.4026428293820443,0.3101438010104936,0.3645549941702293,0.2895452778857365,0.20676253400699574,0.4038087835211815,0.31830547998445397,0.39253789350952195,0.32413525068013993,0.2759424795958026,0.4057520404197435,0.3221919937815779,0.4003109211037699,0.33696074621064903,0.306645938593082,0.40691799455888067,0.3229692965410027,0.40730664593859306,0.34823163622230857,0.3420132141469102,0.40691799455888067,0.3229692965410027,0.4076952973183055,0.3501748931208706,0.35561601243684415,0.34924212980956093,0.34823163622230857,0,0,0
LONG,0,20-40,2.5,877,20,0.4264538198403649,0.30216647662485746,0.338654503990878,0.2588369441277081,0.1847206385404789,0.43557582668187,0.3181299885974915,0.3774230330672748,0.3124287343215507,0.2542759407069555,0.43899657924743446,0.3204104903078677,0.39110604332953247,0.3295324971493729,0.28164196123147095,0.44583808437856326,0.3249714937286203,0.4047890535917902,0.35347776510832385,0.3169897377423033,0.44583808437856326,0.3249714937286203,0.40820980615735464,0.3603192702394527,0.346636259977195,0.3480957810718358,0.338654503990878,0,0,0
LONG,0,80-100,1.5,9442,21,0.4402668926074984,0.3080915060368566,0.33922897691167125,0.25375979665325143,0.15769963990679942,0.4451387417919932,0.3191061215844101,0.3790510485066723,0.30671467909341243,0.25397161618301206,0.44619783944079644,0.32069476805761493,0.38879474687566196,0.32185977547129846,0.2955941537809786,0.44757466638424065,0.32291887312010165,0.39726752806608767,0.3340393984325355,0.33922897691167125,0.44757466638424065,0.3234484219445033,0.39896208430417285,0.33774624020334676,0.3510908705782673,0.3470408811692438,0.33774624020334676,0,0,0
LONG,0,20-40,3.0,236,20,0.3983050847457627,0.3389830508474576,0.3135593220338983,0.25,0.2245762711864407,0.4067796610169492,0.3432203389830508,0.3601694915254237,0.2923728813559322,0.2754237288135593,0.4110169491525424,0.3474576271186441,0.3728813559322034,0.3220338983050847,0.288135593220339,0.4152542372881356,0.3559322033898305,0.3898305084745763,0.3474576271186441,0.3220338983050847,0.4152542372881356,0.3559322033898305,0.3983050847457627,0.3601694915254237,0.3686440677966102,0.34694915254237296,0.3559322033898305,0,0,0
LONG,1,20-40,2.5,946,20,0.3699788583509514,0.2949260042283298,0.379492600422833,0.3033826638477801,0.22304439746300211,0.3699788583509514,0.29809725158562367,0.3964059196617336,0.33403805496828753,0.28752642706131076,0.37209302325581395,0.3023255813953488,0.4059196617336152,0.3498942917547569,0.3276955602536998,0.37315010570824525,0.3033826638477801,0.41226215644820297,0.3583509513742072,0.36257928118393234,0.37315010570824525,0.3033826638477801,0.41331923890063427,0.36046511627906974,0.37103594080338265,0.3458350951374208,0.36046511627906974,0,0,0
LONG,0,40-60,2.5,792,20,0.40404040404040403,0.3068181818181818,0.35858585858585856,0.28914141414141414,0.1893939393939394,0.4116161616161616,0.31186868686868685,0.38636363636363635,0.3244949494949495,0.27146464646464646,0.4154040404040404,0.31565656565656564,0.3977272727272727,0.3333333333333333,0.29419191919191917,0.4154040404040404,0.3194444444444444,0.4027777777777778,0.33964646464646464,0.32196969696969696,0.4154040404040404,0.3207070707070707,0.41035353535353536,0.3484848484848485,0.33585858585858586,0.34560606060606064,0.33585858585858586,0,0,0
LONG,1,20-40,1.5,5554,21,0.4115952466690673,0.30554555275477135,0.3433561397191214,0.268995318689233,0.19733525387108392,0.41573640619373425,0.3174288800864242,0.37864602088584803,0.31094706517824994,0.2661145120633778,0.4180770615772416,0.3208498379546273,0.38962909614692115,0.3273316528628016,0.2985235866042492,0.41861721281958947,0.3226503420957868,0.4002520705797623,0.3437162405473533,0.33705437522506304,0.41861721281958947,0.32283039250990275,0.40043212099387826,0.34533669427439684,0.35433921498019444,0.3453583003240908,0.3433561397191214,0,0,0
LONG,0,80-100,2.0,3477,21,0.44032211676732813,0.31032499280989356,0.3267184354328444,0.2545297670405522,0.17141213689962612,0.4452113891285591,0.32326718435432844,0.36468219729651996,0.30428530342249066,0.2571182053494392,0.4457865976416451,0.3252804141501294,0.3747483462755249,0.3198159332758125,0.2962323842392867,0.4469370146678171,0.32585562266321544,0.3813632441760138,0.33045729076790337,0.33879781420765026,0.4469370146678171,0.32585562266321544,0.3836640782283578,0.33448375035950534,0.3526028185217141,0.34506758700028756,0.33045729076790337,0,0,0
LONG,0,60-80,2.0,3715,21,0.4204576043068641,0.30955585464333785,0.3442799461641992,0.2594885598923284,0.16662180349932706,0.4250336473755047,0.3187079407806191,0.3795423956931359,0.30740242261103634,0.25141318977119786,0.4261103633916555,0.32059219380888293,0.39380888290713323,0.3243606998654105,0.2915208613728129,0.4296096904441454,0.3219380888290713,0.3986541049798116,0.33324360699865413,0.3259757738896366,0.43041722745625843,0.326514131897712,0.4048452220726783,0.33970390309555853,0.33997308209959626,0.3435908479138628,0.33324360699865413,0,0,0
LONG,1,40-60,2.0,2570,21,0.4151750972762646,0.30233463035019453,0.35175097276264594,0.27276264591439686,0.1992217898832685,0.41945525291828795,0.3132295719844358,0.38287937743190664,0.31011673151750974,0.25836575875486384,0.421011673151751,0.31556420233463034,0.3898832684824903,0.32217898832684827,0.29027237354085605,0.42140077821011673,0.3175097276264591,0.39649805447470815,0.33229571984435796,0.3303501945525292,0.42140077821011673,0.3175097276264591,0.3980544747081712,0.33735408560311286,0.3408560311284047,0.3430972762645915,0.33229571984435796,0,0,0
LONG,0,20-40,2.0,3191,20,0.4305860231902225,0.3030397994359135,0.32779692886242556,0.23785647132560325,0.1488561579442181,0.4406142275148856,0.3212159197743654,0.37762456910059544,0.3011595111250392,0.2215606392980257,0.4437480413663428,0.32309620808523976,0.39204011281729867,0.3196490128486368,0.2569727358194923,0.44813538075838294,0.32779692886242556,0.4086493262300219,0.3444061422751489,0.3068003760576622,0.44813538075838294,0.32905045440300845,0.4146035725477907,0.35537449075524913,0.3381385145722344,0.34267627702914455,0.32905045440300845,0,0,0
LONG,0,40-60,1.5,8453,21,0.4438660830474388,0.31314326274695375,0.33609369454631494,0.23731219685318822,0.13793919318585118,0.4515556607121732,0.32450017745179227,0.3756062936235656,0.294451673961907,0.2200402224062463,0.452975275050278,0.32864071927126465,0.38708150952324616,0.3123151543830593,0.25706849639181356,0.45344847982964626,0.33147994794747426,0.39713711108482197,0.32745770732284396,0.30391576954927246,0.45392168460901455,0.3325446587010529,0.40186915887850466,0.33207145392168463,0.32059623802200404,0.3410812729208565,0.33147994794747426,0,0,0
SHORT,0,80-100,2.0,3644,21,0.4656970362239298,0.30982436882546655,0.31366630076838636,0.22530186608122943,0.14736553238199782,0.471185510428101,0.3191547749725576,0.3641602634467618,0.2848518111964874,0.21953896816684962,0.47200878155872666,0.3224478594950604,0.3792535675082327,0.3070801317233809,0.26097694840834246,0.47283205268935236,0.325192096597146,0.3885839736553238,0.3218990120746433,0.3092755214050494,0.47283205268935236,0.32546652030735457,0.39050493962678373,0.3246432491767289,0.32848518111964875,0.34088913282107586,0.3246432491767289,0,0,0
LONG,0,60-80,1.5,9666,21,0.42509828264018207,0.3084005793503,0.33478170908338506,0.244568590937306,0.15135526588040554,0.430684874818953,0.3198841299399959,0.3771984274777571,0.29919304779639977,0.23422304986550796,0.4324436168011587,0.32257397061866333,0.3899234429960687,0.31771156631491826,0.2771570453134699,0.43534036830126216,0.32453962342230497,0.39757914338919925,0.3290916614938961,0.3195737637078419,0.43596110076557004,0.32836747361887025,0.4037864680322781,0.3362300848334368,0.33426443202979517,0.3403972687771571,0.3290916614938961,0,0,0
LONG,1,40-60,1.5,5617,21,0.41071746483888194,0.29766779419619016,0.34609222004628803,0.26526615631119815,0.1856863094178387,0.4157023322058038,0.3092398077265444,0.37849385793128004,0.30656934306569344,0.254050204735624,0.4176606729570945,0.3120883033647855,0.38846359266512376,0.3218800071212391,0.29090261705536763,0.4178387039344846,0.31386861313868614,0.3968310486024568,0.3329179277194232,0.32900124621684174,0.4178387039344846,0.3140466441160762,0.3980772654441873,0.3370126401993947,0.343243724408047,0.3400462880541214,0.3329179277194232,0,0,0
LONG,1,60-80,2.0,2744,21,0.4107142857142857,0.3130466472303207,0.3502186588921283,0.27077259475218657,0.19752186588921283,0.4136297376093295,0.3177842565597668,0.38411078717201164,0.3104956268221574,0.25583090379008744,0.4143586005830904,0.3177842565597668,0.3892128279883382,0.3206997084548105,0.28024781341107874,0.4143586005830904,0.3177842565597668,0.391399416909621,0.3261661807580175,0.31596209912536444,0.4143586005830904,0.31814868804664725,0.391399416909621,0.32653061224489793,0.32470845481049565,0.33948979591836737,0.32470845481049565,0,0,0
SHORT,0,20-40,2.5,784,20,0.44005102040816324,0.28188775510204084,0.3086734693877551,0.24107142857142858,0.16071428571428573,0.4528061224489796,0.3010204081632653,0.35331632653061223,0.29464285714285715,0.22704081632653061,0.45663265306122447,0.3086734693877551,0.375,0.3227040816326531,0.27168367346938777,0.4630102040816326,0.31760204081632654,0.39285714285714285,0.34183673469387754,0.3137755102040816,0.4630102040816326,0.32142857142857145,0.3979591836734694,0.3469387755102041,0.33163265306122447,0.33943877551020407,0.3227040816326531,0,0,0
LONG,0,20-40,1.5,8519,20,0.4384317408146496,0.3046132175137927,0.3205775325742458,0.22561333489846225,0.13569667801385138,0.4473529757013734,0.32233830261767815,0.3736354032163399,0.2899401338185233,0.2097664045075713,0.44981805376217865,0.3248033806784834,0.38760417889423643,0.30954337363540324,0.24768165277614743,0.45427867120554055,0.32985092146965606,0.40192510858081937,0.3318464608522127,0.30097429275736587,0.45486559455335135,0.3317290761826506,0.4075595727198028,0.33935907970419066,0.3280901514262237,0.33871581171499004,0.32985092146965606,0,0,0
LONG,1,80-100,2.0,3899,21,0.39010002564760193,0.3013593229033085,0.36496537573736854,0.287509617850731,0.22005642472428827,0.39215183380353935,0.3098230315465504,0.3880482174916645,0.3157219799948705,0.2734034367786612,0.39215183380353935,0.3113618876635035,0.3929212618620159,0.3223903565016671,0.29520389843549627,0.39215183380353935,0.3123877917414722,0.39702487817389076,0.3290587330084637,0.316491408053347,0.39240830982303154,0.3123877917414722,0.3977943062323673,0.33162349320338547,0.3254680687355732,0.33855860477045396,0.3254680687355732,0,0,0
LONG,1,60-80,1.5,6118,21,0.4194181104936254,0.3094148414514547,0.33573063092513894,0.2597254004576659,0.18715266426936908,0.42432167374959134,0.3167701863354037,0.37054593004249753,0.3025498528931023,0.2476299444262831,0.4257927427263812,0.31954887218045114,0.37839163125204317,0.3136645962732919,0.2768878718535469,0.4257927427263812,0.3211833932657731,0.38640078457012095,0.3273945733899967,0.31399150049035635,0.4257927427263812,0.32151029748283755,0.38836220987250736,0.32821183393265774,0.32265446224256294,0.3379535796011769,0.32265446224256294,0,0,0
LONG,2,60-80,3.5,101,17,0.33663366336633666,0.26732673267326734,0.39603960396039606,0.3069306930693069,0.2376237623762376,0.33663366336633666,0.26732673267326734,0.43564356435643564,0.3465346534653465,0.26732673267326734,0.33663366336633666,0.26732673267326734,0.43564356435643564,0.37623762376237624,0.297029702970297,0.33663366336633666,0.26732673267326734,0.43564356435643564,0.38613861386138615,0.31683168316831684,0.33663366336633666,0.26732673267326734,0.44554455445544555,0.39603960396039606,0.33663366336633666,0.33742574257425756,0.33663366336633666,0,0,0
LONG,0,40-60,3.0,199,20,0.37185929648241206,0.2914572864321608,0.35175879396984927,0.2964824120603015,0.20100502512562815,0.37185929648241206,0.2914572864321608,0.36180904522613067,0.3165829145728643,0.2964824120603015,0.3768844221105528,0.2914572864321608,0.39195979899497485,0.32663316582914576,0.32663316582914576,0.3768844221105528,0.2964824120603015,0.39195979899497485,0.3316582914572864,0.33668341708542715,0.3768844221105528,0.3015075376884422,0.40703517587939697,0.35175879396984927,0.35678391959798994,0.33567839195979915,0.33668341708542715,0,0,0
SHORT,0,80-100,2.5,899,21,0.42936596218020023,0.29588431590656283,0.339265850945495,0.24916573971078976,0.18798665183537264,0.43270300333704115,0.3014460511679644,0.3659621802002225,0.28476084538375973,0.2447163515016685,0.43381535038932145,0.30589543937708563,0.3804226918798665,0.3014460511679644,0.27919911012235815,0.43492769744160176,0.3092324805339266,0.38598442714126807,0.3125695216907675,0.3092324805339266,0.43492769744160176,0.3092324805339266,0.3882091212458287,0.3170189098998888,0.3259176863181313,0.33437152391546165,0.3125695216907675,0,0,0
SHORT,0,80-100,1.5,10840,21,0.456549815498155,0.29603321033210334,0.2977859778597786,0.21162361623616235,0.13062730627306274,0.4625461254612546,0.30931734317343174,0.3506457564575646,0.2754612546125461,0.20867158671586716,0.4651291512915129,0.3142066420664207,0.37075645756457565,0.29916974169741695,0.24944649446494466,0.46586715867158673,0.3169741697416974,0.38321033210332106,0.3162361623616236,0.3,0.46623616236162363,0.31771217712177124,0.38468634686346864,0.3193726937269373,0.31946494464944647,0.33150922509225095,0.3169741697416974,0,0,0
SHORT,2,80-100,2.0,2189,21,0.4472361809045226,0.2832343535861124,0.25216994061215164,0.18136135221562358,0.11009593421653723,0.4719049794426679,0.32206486980356325,0.3343992690726359,0.24668798538145273,0.16857012334399268,0.4746459570580174,0.3321151210598447,0.3691183188670626,0.2900867976244861,0.21288259479214253,0.47875742348104156,0.3412517131110096,0.40657834627683875,0.33714024668798537,0.2722704431247145,0.47875742348104156,0.3453631795340338,0.42439470077661035,0.3604385564184559,0.3334856098675194,0.3310004568296025,0.3343992690726359,0,0,0
SHORT,1,20-40,1.5,5476,21,0.42421475529583635,0.28634039444850257,0.3117238860482104,0.23867786705624544,0.17421475529583638,0.4384587289992695,0.3060628195763331,0.3473338203067933,0.28031409788166545,0.2414170927684441,0.4410153396639883,0.3120891161431702,0.3612125639152666,0.2960189919649379,0.2699050401753105,0.44320672023374724,0.31921110299488675,0.3776479181884587,0.31245434623813,0.30350620891161434,0.4435719503287071,0.3195763330898466,0.38422205989773556,0.32176771365960555,0.32048940832724615,0.33098612125639165,0.31921110299488675,0,0,0
LONG,1,80-100,3.0,547,20,0.35648994515539306,0.30895795246800734,0.37294332723948814,0.2943327239488117,0.23583180987202926,0.3583180987202925,0.31078610603290674,0.38939670932358317,0.3126142595978062,0.2595978062157221,0.3583180987202925,0.31078610603290674,0.3912248628884826,0.3217550274223035,0.28153564899451555,0.3583180987202925,0.31078610603290674,0.3930530164533821,0.3272394881170018,0.30347349177330896,0.3583180987202925,0.31078610603290674,0.3930530164533821,0.3272394881170018,0.31078610603290674,0.33023765996343685,0.3217550274223035,0,0,0
LONG,1,40-60,2.5,990,21,0.3878787878787879,0.2808080808080808,0.3373737373737374,0.2717171717171717,0.2202020202020202,0.3898989898989899,0.28888888888888886,0.36666666666666664,0.30707070707070705,0.26262626262626265,0.39191919191919194,0.29292929292929293,0.3696969696969697,0.31414141414141417,0.29494949494949496,0.39191919191919194,0.29494949494949496,0.3797979797979798,0.32727272727272727,0.3323232323232323,0.39191919191919194,0.29494949494949496,0.3808080808080808,0.3333333333333333,0.3434343434343434,0.3298989898989899,0.3323232323232323,0,0,0
SHORT,2,80-100,3.0,218,19,0.3761467889908257,0.2889908256880734,0.3394495412844037,0.27522935779816515,0.16972477064220184,0.38073394495412843,0.3073394495412844,0.37155963302752293,0.3256880733944954,0.23394495412844038,0.38073394495412843,0.3073394495412844,0.38073394495412843,0.3348623853211009,0.26146788990825687,0.38073394495412843,0.3119266055045872,0.3944954128440367,0.3577981651376147,0.29357798165137616,0.38073394495412843,0.3119266055045872,0.39908256880733944,0.3577981651376147,0.3165137614678899,0.3295412844036697,0.3348623853211009,0,0,0
SHORT,1,80-100,1.5,8389,21,0.3933722732149243,0.28215520324234117,0.3282870425557277,0.2503278102276791,0.2009774704970795,0.40135892239837884,0.29443318631541304,0.36380975086422696,0.29192990821313625,0.2579568482536655,0.4029085707474073,0.2984861127667183,0.37727977112885924,0.3073071879842651,0.28537370365955417,0.40386220050065563,0.30194302062224343,0.389319346763619,0.32137322684467756,0.3158898557634998,0.40386220050065563,0.3021814280605555,0.3927762546191441,0.3272142090833234,0.329002264870664,0.3289355107879366,0.32137322684467756,0,0,0
LONG,1,0-20,3.0,452,17,0.36504424778761063,0.29867256637168144,0.37168141592920356,0.2853982300884956,0.21017699115044247,0.36504424778761063,0.3030973451327434,0.3893805309734513,0.31194690265486724,0.2610619469026549,0.3672566371681416,0.3030973451327434,0.3938053097345133,0.3230088495575221,0.27654867256637167,0.3672566371681416,0.3030973451327434,0.39823008849557523,0.32964601769911506,0.2942477876106195,0.3672566371681416,0.3030973451327434,0.39823008849557523,0.32964601769911506,0.3030973451327434,0.32876106194690263,0.3230088495575221,0,0,0
LONG,1,80-100,1.5,8900,21,0.3760674157303371,0.2857303370786517,0.34662921348314607,0.2735955056179775,0.21606741573033708,0.3798876404494382,0.2947191011235955,0.3701123595505618,0.30314606741573036,0.26831460674157304,0.381123595505618,0.298314606741573,0.3798876404494382,0.31348314606741573,0.2903370786516854,0.3812359550561798,0.2995505617977528,0.3875280898876404,0.32348314606741574,0.31426966292134834,0.38134831460674157,0.2995505617977528,0.3895505617977528,0.327752808988764,0.3246067415730337,0.32825168539325844,0.32348314606741574,0,0,0
LONG,1,80-100,2.5,1492,21,0.3672922252010724,0.29892761394101874,0.3652815013404826,0.2848525469168901,0.22184986595174264,0.3679624664879357,0.30294906166219837,0.38136729222520105,0.30294906166219837,0.26541554959785524,0.3679624664879357,0.3042895442359249,0.38605898123324395,0.31032171581769435,0.2902144772117963,0.3679624664879357,0.3042895442359249,0.38873994638069703,0.3156836461126005,0.31300268096514744,0.36863270777479895,0.3042895442359249,0.38873994638069703,0.3156836461126005,0.31970509383378015,0.3281769436997318,0.3156836461126005,0,0,0
SHORT,1,20-40,2.0,2110,21,0.42417061611374407,0.2843601895734597,0.3137440758293839,0.23838862559241705,0.17488151658767773,0.43507109004739336,0.3009478672985782,0.3459715639810427,0.27535545023696684,0.24549763033175356,0.4374407582938389,0.3056872037914692,0.35971563981042654,0.2900473933649289,0.26872037914691943,0.43933649289099524,0.30995260663507107,0.3744075829383886,0.30379146919431277,0.3042654028436019,0.43981042654028435,0.30995260663507107,0.3791469194312796,0.3127962085308057,0.3222748815165877,0.32782938388625593,0.30995260663507107,0,0,0
SHORT,1,60-80,2.0,2611,21,0.41823056300268097,0.304864036767522,0.3136729222520107,0.21983914209115282,0.16009191880505552,0.4232094982765224,0.3182688625047874,0.35541937954806585,0.2711604749138261,0.22290310225967064,0.42550746840291076,0.32133282267330526,0.36384527001148986,0.28494829567215624,0.26005361930294907,0.42589046342397546,0.32401378782075835,0.3799310608962084,0.3075450019149751,0.304864036767522,0.42589046342397546,0.32401378782075835,0.38299502106472616,0.3113749521256224,0.32018383761011104,0.32680199157410955,0.32018383761011104,0,0,0
SHORT,0,40-60,3.0,179,18,0.33519553072625696,0.2569832402234637,0.36312849162011174,0.30726256983240224,0.2737430167597765,0.33519553072625696,0.26256983240223464,0.39106145251396646,0.329608938547486,0.3016759776536313,0.33519553072625696,0.2681564245810056,0.39106145251396646,0.329608938547486,0.3240223463687151,0.33519553072625696,0.2737430167597765,0.4022346368715084,0.3407821229050279,0.3240223463687151,0.33519553072625696,0.2737430167597765,0.40782122905027934,0.3463687150837989,0.3240223463687151,0.3267039106145252,0.329608938547486,0,0,0
SHORT,1,60-80,1.5,6537,21,0.43246137371883125,0.29508949059201467,0.3041150374789659,0.2114119626740095,0.14425577482025395,0.4394982407832339,0.30855132323695883,0.3510784763653052,0.2677068991892305,0.21294171638366224,0.44163989597674774,0.3139054612207435,0.3630105553005966,0.2871347713018204,0.25317423894752944,0.441792871347713,0.31681199326908366,0.381061649074499,0.3088572739788894,0.30487991433379225,0.4419458467186783,0.31696496864004897,0.3850390087195961,0.3146703380755698,0.32186018051093773,0.32639437050634845,0.3146703380755698,0,0,0
SHORT,1,20-40,3.0,273,21,0.34065934065934067,0.26373626373626374,0.3663003663003663,0.2967032967032967,0.2600732600732601,0.34065934065934067,0.27106227106227104,0.3772893772893773,0.315018315018315,0.31868131868131866,0.34065934065934067,0.27106227106227104,0.38461538461538464,0.315018315018315,0.32967032967032966,0.34065934065934067,0.27106227106227104,0.3956043956043956,0.32234432234432236,0.3443223443223443,0.34065934065934067,0.27106227106227104,0.3956043956043956,0.32967032967032966,0.34798534798534797,0.3260073260073259,0.32967032967032966,0,0,0
SHORT,0,80-100,3.0,251,15,0.3745019920318725,0.28286852589641437,0.350597609561753,0.27091633466135456,0.22709163346613545,0.38247011952191234,0.2868525896414343,0.36254980079681276,0.29880478087649404,0.26693227091633465,0.38247011952191234,0.2908366533864542,0.38247011952191234,0.30677290836653387,0.2788844621513944,0.38247011952191234,0.2948207171314741,0.3904382470119522,0.32270916334661354,0.29880478087649404,0.38247011952191234,0.2948207171314741,0.3904382470119522,0.32270916334661354,0.3107569721115538,0.325418326693227,0.3107569721115538,0,0,0
LONG,1,40-60,3.0,347,17,0.3631123919308357,0.2680115273775216,0.35446685878962536,0.276657060518732,0.25360230547550433,0.3659942363112392,0.2737752161383285,0.3746397694524496,0.30547550432276654,0.2881844380403458,0.3688760806916426,0.27953890489913547,0.37752161383285304,0.30835734870317005,0.3025936599423631,0.3688760806916426,0.2824207492795389,0.38328530259365995,0.3227665706051873,0.3227665706051873,0.3688760806916426,0.2824207492795389,0.38328530259365995,0.3227665706051873,0.3256484149855908,0.32495677233429404,0.3227665706051873,0,0,0
LONG,1,60-80,2.5,1002,21,0.3662674650698603,0.2904191616766467,0.34231536926147704,0.27045908183632733,0.21057884231536927,0.36926147704590817,0.2944111776447106,0.3722554890219561,0.30439121756487025,0.2654690618762475,0.36926147704590817,0.2944111776447106,0.37425149700598803,0.31636726546906185,0.2894211576846307,0.36926147704590817,0.2944111776447106,0.37524950099800397,0.3183632734530938,0.3203592814371258,0.36926147704590817,0.2944111776447106,0.37524950099800397,0.3193612774451098,0.3283433133732535,0.3237524950099801,0.3193612774451098,0,0,0
SHORT,1,80-100,2.0,3453,21,0.3799594555459021,0.27628149435273675,0.33565015928178393,0.2539820445988995,0.21517520996235157,0.384303504199247,0.2841007819287576,0.3651896901245294,0.2896032435563278,0.2644077613669273,0.385172313929916,0.2867072111207645,0.3764842166232262,0.3026353895163626,0.29192006950477845,0.385172313929916,0.2878656240949899,0.3831450912250217,0.31277150304083406,0.314509122502172,0.385172313929916,0.2878656240949899,0.38575152041702865,0.3165363452070663,0.32551404575731246,0.32303504199247035,0.314509122502172,0,0,0
SHORT,0,20-40,2.0,3371,20,0.43458914268762977,0.2776624147137348,0.2785523583506378,0.20201720557698014,0.13171165826164344,0.4473450014832394,0.299614357757342,0.33817858202313855,0.2622367250074162,0.19667754375556215,0.45179471966775436,0.307623850489469,0.36398694749332544,0.29427469593592404,0.2408780777217443,0.45624443785226937,0.3144467517057253,0.38178582023138535,0.31385345594778996,0.2865618510827648,0.45654108573123703,0.31592999110056363,0.38712548205280334,0.3203797092850786,0.30792049836843666,0.3227172945713438,0.31385345594778996,0,0,0
SHORT,1,0-20,2.5,930,18,0.4032258064516129,0.2860215053763441,0.3225806451612903,0.24838709677419354,0.17849462365591398,0.4075268817204301,0.2946236559139785,0.3580645161290323,0.289247311827957,0.23763440860215054,0.4096774193548387,0.2946236559139785,0.3655913978494624,0.3032258064516129,0.26129032258064516,0.410752688172043,0.2978494623655914,0.3720430107526882,0.3139784946236559,0.29354838709677417,0.410752688172043,0.2978494623655914,0.3741935483870968,0.3161290322580645,0.3043010752688172,0.3220645161290323,0.3043010752688172,0,0,0
SHORT,0,40-60,2.5,814,20,0.3968058968058968,0.2665847665847666,0.3034398034398034,0.24201474201474202,0.18181818181818182,0.40540540540540543,0.28132678132678135,0.35872235872235875,0.29238329238329236,0.24692874692874692,0.40786240786240785,0.28255528255528256,0.36609336609336607,0.3022113022113022,0.28255528255528256,0.40786240786240785,0.28869778869778867,0.3783783783783784,0.3157248157248157,0.31203931203931207,0.40786240786240785,0.29115479115479115,0.386977886977887,0.32678132678132676,0.31695331695331697,0.321965601965602,0.31203931203931207,0,0,0
LONG,0,0-20,2.0,4136,21,0.4274661508704062,0.27562862669245647,0.3010154738878143,0.2168762088974855,0.14144100580270794,0.44535783365570597,0.29206963249516443,0.3355899419729207,0.26305609284332687,0.20623791102514508,0.4521276595744681,0.30488394584139267,0.35009671179883944,0.2790135396518375,0.2379110251450677,0.46131528046421666,0.31721470019342357,0.3711315280464217,0.2956963249516441,0.2765957446808511,0.46252417794970985,0.3225338491295938,0.38950676982591875,0.31697292069632493,0.3056092843326886,0.3219148936170213,0.3056092843326886,0,0,0
LONG,1,0-20,3.5,172,15,0.32558139534883723,0.28488372093023256,0.36627906976744184,0.3023255813953488,0.25,0.32558139534883723,0.29069767441860467,0.37790697674418605,0.3081395348837209,0.27906976744186046,0.3313953488372093,0.29069767441860467,0.38953488372093026,0.31976744186046513,0.27906976744186046,0.3313953488372093,0.29069767441860467,0.4011627906976744,0.3313953488372093,0.3023255813953488,0.3313953488372093,0.29069767441860467,0.4011627906976744,0.3313953488372093,0.313953488372093,0.3218604651162791,0.31976744186046513,0,0,0
SHORT,1,40-60,1.5,5231,21,0.41808449627222327,0.27795832536799847,0.30338367424966545,0.22022557828331102,0.14490537182183139,0.4272605620340279,0.29248709615752244,0.3523226916459568,0.274708468744026,0.2234754349072835,0.4305104186580004,0.2980309692219461,0.3683808067291149,0.2926782641942267,0.25387115274326133,0.4328044350984515,0.3014719938826228,0.38348308162875167,0.30797170713056776,0.2919135920474097,0.4328044350984515,0.3028101701395527,0.3899827948766966,0.3165742687822596,0.307398203020455,0.32181991970942453,0.30338367424966545,0,0,0
SHORT,0,60-80,1.5,11293,21,0.43124059151686883,0.28796599663508365,0.2914194633843974,0.20924466483662446,0.12521030726999027,0.4382360754449659,0.301691313202869,0.3417161073231205,0.27105286460639333,0.2121668290091207,0.4403612857522359,0.3044363765164261,0.35809793677499335,0.29478437970424154,0.24829540423271051,0.44124679004693174,0.3072699902594528,0.3739484636500487,0.3148853271938369,0.2966439387231028,0.44124679004693174,0.3075356415478615,0.37571947223944036,0.319312848667316,0.31098910829717524,0.3217887186752856,0.3075356415478615,0,0,0
LONG,2,60-80,2.0,2483,21,0.42408376963350786,0.2899718082964156,0.29520741039065646,0.19975835682641965,0.1300845751107531,0.4321385420861861,0.3093032621828433,0.35481272654047524,0.2601691502215062,0.18203785743052758,0.43455497382198954,0.31776077325815544,0.37374144180426905,0.2795006041079339,0.21345146999597261,0.43576318968989125,0.3189689891260572,0.39589206604913413,0.3125251711639146,0.2690293999194523,0.43576318968989125,0.32098268223922677,0.40434957712444625,0.33266210229561016,0.319774466371325,0.32169150221506243,0.3189689891260572,0,0,0
SHORT,1,20-40,2.5,703,21,0.37980085348506404,0.27311522048364156,0.3314366998577525,0.25177809388335703,0.19914651493598862,0.38975817923186346,0.28733997155049784,0.3584637268847795,0.28165007112375534,0.2716927453769559,0.38975817923186346,0.2930298719772404,0.3655761024182077,0.2901849217638691,0.2887624466571835,0.38975817923186346,0.2930298719772404,0.37695590327169276,0.30014224751066854,0.31436699857752487,0.38975817923186346,0.2930298719772404,0.37695590327169276,0.3058321479374111,0.32716927453769556,0.32073968705547656,0.3058321479374111,0,0,0
LONG,0,60-80,2.5,1112,21,0.381294964028777,0.2760791366906475,0.3327338129496403,0.256294964028777,0.18615107913669066,0.38669064748201437,0.2805755395683453,0.3579136690647482,0.289568345323741,0.25539568345323743,0.38669064748201437,0.2805755395683453,0.36960431654676257,0.30485611510791366,0.2949640287769784,0.3893884892086331,0.2823741007194245,0.3732014388489209,0.31115107913669066,0.3210431654676259,0.3893884892086331,0.28507194244604317,0.3776978417266187,0.31564748201438847,0.3318345323741007,0.3206474820143885,0.31564748201438847,0,0,0
SHORT,1,40-60,2.0,2038,21,0.4028459273797841,0.2772325809617272,0.3223748773307164,0.2365063788027478,0.15309126594700687,0.40873405299313054,0.28900883218842,0.3621197252208047,0.28115799803729147,0.22914622178606478,0.4111874386653582,0.29244357212953875,0.3748773307163886,0.2958783120706575,0.2566241413150147,0.41167811579980373,0.29489695780176645,0.3856722276741904,0.30618253189401373,0.2899901864573111,0.41167811579980373,0.2968596663395486,0.3915603532875368,0.3150147203140334,0.3066732090284593,0.32013738959764465,0.30618253189401373,0,0,0
SHORT,0,0-20,1.5,13687,21,0.4271206254109739,0.269964199605465,0.2687221451011909,0.18850003653101483,0.11302695988894572,0.44618981515306494,0.29465916563162126,0.334258785709067,0.2568130342660919,0.18338569445459194,0.45364214217870974,0.30240374077591875,0.35888068970556003,0.28654928033900784,0.22824578066778695,0.4625557097976182,0.314020603492365,0.38445240008767445,0.31701614670855555,0.2843574194491123,0.46533206692481915,0.3186965733908088,0.3983341857236794,0.33155549061152917,0.31285161101775405,0.3200613721049171,0.314020603492365,0,0,0
LONG,1,60-80,3.0,342,20,0.34502923976608185,0.2982456140350877,0.3333333333333333,0.26900584795321636,0.21052631578947367,0.34502923976608185,0.30701754385964913,0.36257309941520466,0.30701754385964913,0.2719298245614035,0.34502923976608185,0.30701754385964913,0.36257309941520466,0.3157894736842105,0.2894736842105263,0.34502923976608185,0.30701754385964913,0.36257309941520466,0.31871345029239767,0.31871345029239767,0.34502923976608185,0.30701754385964913,0.36257309941520466,0.31871345029239767,0.32456140350877194,0.3191812865497076,0.31871345029239767,0,0,0
SHORT,2,80-100,2.5,730,21,0.4191780821917808,0.28493150684931506,0.27808219178082194,0.19863013698630136,0.11917808219178082,0.4397260273972603,0.3136986301369863,0.33013698630136984,0.25068493150684934,0.17123287671232876,0.4410958904109589,0.31917808219178084,0.3561643835616438,0.2808219178082192,0.20821917808219179,0.44246575342465755,0.32465753424657534,0.38904109589041097,0.3232876712328767,0.25616438356164384,0.44246575342465755,0.33013698630136984,0.4041095890410959,0.3410958904109589,0.3041095890410959,0.31873972602739725,0.3232876712328767,0,0,0
LONG,2,60-80,2.5,910,21,0.4153846153846154,0.2945054945054945,0.2934065934065934,0.2087912087912088,0.14945054945054945,0.42417582417582417,0.310989010989011,0.34725274725274724,0.26043956043956046,0.1989010989010989,0.42527472527472526,0.3142857142857143,0.35934065934065934,0.27912087912087913,0.22967032967032966,0.42637362637362636,0.3142857142857143,0.3769230769230769,0.30439560439560437,0.27692307692307694,0.42637362637362636,0.31648351648351647,0.3824175824175824,0.321978021978022,0.310989010989011,0.3187252747252747,0.3142857142857143,0,0,0
SHORT,2,40-60,1.5,4669,21,0.4272863568215892,0.27650460484043693,0.2550867423431142,0.18440779610194902,0.12979224673377596,0.4388520025701435,0.3032769329620904,0.3238380809595202,0.24823302634397088,0.1835510816020561,0.4427072178196616,0.31377168558577856,0.3589633754551296,0.2812165345898479,0.21610623259798672,0.44292139644463485,0.3199828657100021,0.38894838295138146,0.3227671878346541,0.2816448918397944,0.44292139644463485,0.3206254015849218,0.3994431355750696,0.3366887984579139,0.32769329620903836,0.3186892268151638,0.3206254015849218,0,0,0
LONG,2,60-80,1.5,5060,21,0.4209486166007905,0.28774703557312253,0.2798418972332016,0.1934782608695652,0.1274703557312253,0.43122529644268776,0.30711462450592886,0.33873517786561264,0.2515810276679842,0.183399209486166,0.4341897233201581,0.3140316205533597,0.36086956521739133,0.27707509881422926,0.2191699604743083,0.43557312252964425,0.3175889328063241,0.3875494071146245,0.3118577075098814,0.2756916996047431,0.43557312252964425,0.31897233201581027,0.39545454545454545,0.32984189723320156,0.3241106719367589,0.31836363636363635,0.3175889328063241,0,0,0
SHORT,0,20-40,1.5,10677,20,0.4477849583216259,0.281071462021167,0.2637444975180294,0.18928537978833004,0.11136086915800318,0.46117823358621335,0.30354968624145356,0.3249039992507259,0.252130748337548,0.18282289032499766,0.4651119228247635,0.31132340545096937,0.3515968905123162,0.28360026224594925,0.22515687927320407,0.4684836564578065,0.3168493022384565,0.37107801816989794,0.30598482719865133,0.2739533576847429,0.4688582935281446,0.3176922356467172,0.3751053666760326,0.3123536573943992,0.2940901002154163,0.3183628360026225,0.31132340545096937,0,0,0
SHORT,1,0-20,3.0,352,17,0.3693181818181818,0.2869318181818182,0.32386363636363635,0.2727272727272727,0.19318181818181818,0.3721590909090909,0.2897727272727273,0.35511363636363635,0.3068181818181818,0.2585227272727273,0.3721590909090909,0.2897727272727273,0.36079545454545453,0.3153409090909091,0.2755681818181818,0.3721590909090909,0.2897727272727273,0.36363636363636365,0.32670454545454547,0.30113636363636365,0.3721590909090909,0.2897727272727273,0.36363636363636365,0.32670454545454547,0.3096590909090909,0.31829545454545455,0.3153409090909091,0,0,0
SHORT,1,80-100,2.5,1208,21,0.36341059602649006,0.26490066225165565,0.3360927152317881,0.26903973509933776,0.24503311258278146,0.3658940397350993,0.26986754966887416,0.3609271523178808,0.2980132450331126,0.27483443708609273,0.3658940397350993,0.2706953642384106,0.36920529801324503,0.30629139072847683,0.2955298013245033,0.3658940397350993,0.2706953642384106,0.3741721854304636,0.31374172185430466,0.3129139072847682,0.3658940397350993,0.2706953642384106,0.37665562913907286,0.31788079470198677,0.3220198675496689,0.3178476821192053,0.31374172185430466,0,0,0
LONG,1,40-60,3.5,145,16,0.3310344827586207,0.25517241379310346,0.3586206896551724,0.296551724137931,0.2689655172413793,0.3310344827586207,0.25517241379310346,0.3793103448275862,0.32413793103448274,0.2896551724137931,0.3310344827586207,0.25517241379310346,0.3793103448275862,0.32413793103448274,0.30344827586206896,0.3310344827586207,0.25517241379310346,0.3793103448275862,0.33793103448275863,0.32413793103448274,0.3310344827586207,0.25517241379310346,0.3793103448275862,0.33793103448275863,0.3310344827586207,0.3177931034482759,0.3310344827586207,0,0,0
SHORT,0,40-60,2.0,3424,21,0.4322429906542056,0.27920560747663553,0.2850467289719626,0.20210280373831777,0.1366822429906542,0.44100467289719625,0.2929322429906542,0.339661214953271,0.2657710280373832,0.20940420560747663,0.44188084112149534,0.29614485981308414,0.3533878504672897,0.28417056074766356,0.24561915887850466,0.4433411214953271,0.2996495327102804,0.36419392523364486,0.3028621495327103,0.2929322429906542,0.4433411214953271,0.3008177570093458,0.3723714953271028,0.3110397196261682,0.303446261682243,0.3175700934579439,0.3008177570093458,0,0,0
LONG,1,80-100,4.0,104,17,0.27884615384615385,0.2692307692307692,0.40384615384615385,0.3173076923076923,0.2980769230769231,0.27884615384615385,0.2692307692307692,0.41346153846153844,0.3173076923076923,0.3076923076923077,0.27884615384615385,0.2692307692307692,0.41346153846153844,0.3173076923076923,0.3076923076923077,0.27884615384615385,0.2692307692307692,0.41346153846153844,0.3269230769230769,0.3076923076923077,0.27884615384615385,0.2692307692307692,0.41346153846153844,0.3269230769230769,0.3076923076923077,0.3173076923076923,0.3076923076923077,0,0,0
LONG,0,0-20,1.5,11227,21,0.4193462189364924,0.277010777589739,0.2925982007660105,0.20664469582257058,0.1276387280662688,0.4379620557584395,0.2946468335263205,0.3342834238888394,0.25652444998663937,0.19631246103144206,0.4438407410706333,0.30426650040081943,0.34924735013806,0.27620913868353075,0.23087200498797542,0.45203527211187317,0.315756658056471,0.36723969003295626,0.29491404649505654,0.27514028680858643,0.45372762091386837,0.3204774205041418,0.3838068940945934,0.31344081232742493,0.30408835842166204,0.3171212256168166,0.30426650040081943,0,0,0
SHORT,2,80-100,1.5,4737,21,0.43297445640700866,0.27042431918936033,0.24002533248891703,0.17162761241291957,0.10428541270846527,0.4578847371754275,0.3073675321933713,0.320244880726198,0.2429807895292379,0.15980578425163605,0.46084019421574834,0.3177116318344944,0.35148828372387586,0.28097952290479206,0.19864893392442473,0.4635845471817606,0.32594469073253113,0.3825205826472451,0.32003377665188937,0.25965801139962,0.4646400675533038,0.33016677221870383,0.40278657378087396,0.34388853704876504,0.3164450073886426,0.3170783196115685,0.32003377665188937,0,0,0
SHORT,1,0-20,3.5,157,15,0.3375796178343949,0.28662420382165604,0.3375796178343949,0.2929936305732484,0.19745222929936307,0.3375796178343949,0.28662420382165604,0.3630573248407643,0.3184713375796178,0.2611464968152866,0.3375796178343949,0.28662420382165604,0.36942675159235666,0.3248407643312102,0.27388535031847133,0.3375796178343949,0.28662420382165604,0.37579617834394907,0.34394904458598724,0.3057324840764331,0.3375796178343949,0.28662420382165604,0.37579617834394907,0.34394904458598724,0.31210191082802546,0.316687898089172,0.3248407643312102,0,0,0
SHORT,0,40-60,1.5,10374,21,0.4332947754000386,0.280605359552728,0.2861962598804704,0.19616348563716984,0.11731251204935415,0.4413919413919414,0.2950645845382687,0.34287642182379025,0.26219394640447274,0.19481395797185272,0.4424522845575477,0.29872758820127243,0.3607094659726239,0.2840755735492578,0.23443223443223443,0.44370541738962793,0.3015230383651436,0.37449392712550605,0.3042220936957779,0.28359359938307305,0.44399460188933876,0.3023905918642761,0.3790244842876422,0.31058415268941586,0.2967032967032967,0.3164218237902448,0.3015230383651436,0,0,0
LONG,1,0-20,1.5,7283,20,0.3980502540162021,0.2736509680076891,0.309213236303721,0.2345187422765344,0.1622957572428944,0.4072497597144034,0.2912261430729095,0.34395166826857065,0.2758478648908417,0.220925442812028,0.409583962652753,0.2980914458327612,0.3571330495674859,0.2906769188521214,0.2505835507345874,0.4098585747631471,0.3022106274886722,0.37237402169435674,0.3056432788685981,0.281065494988329,0.4098585747631471,0.30385830015103665,0.37937663050940545,0.3129204997940409,0.2987779761087464,0.3159577097349993,0.30385830015103665,0,0,0
SHORT,2,40-60,2.0,2119,20,0.4209532798489854,0.2737140160453044,0.2538933459178858,0.1849929211892402,0.13921661160924964,0.43086361491269465,0.3001415762151958,0.3218499292118924,0.24303916941953752,0.1854648419065597,0.43605474280320905,0.31052383199622463,0.3600755073147711,0.28126474752241626,0.21283624351109015,0.43652666352052855,0.316658801321378,0.38461538461538464,0.32232184992921187,0.27418593676262387,0.43652666352052855,0.316658801321378,0.39688532326569137,0.33553563001415765,0.3218499292118924,0.31586597451628134,0.316658801321378,0,0,0
LONG,0,0-20,2.5,1085,21,0.41566820276497696,0.26175115207373273,0.2912442396313364,0.21751152073732719,0.15483870967741936,0.4414746543778802,0.2783410138248848,0.32350230414746545,0.2552995391705069,0.2129032258064516,0.4525345622119816,0.29493087557603687,0.3336405529953917,0.2654377880184332,0.23870967741935484,0.4599078341013825,0.3152073732718894,0.36036866359447006,0.2820276497695853,0.26359447004608294,0.4608294930875576,0.3244239631336406,0.38341013824884795,0.3069124423963134,0.2995391705069124,0.31576036866359447,0.2995391705069124,0,0,0
LONG,2,80-100,2.5,944,21,0.4173728813559322,0.2891949152542373,0.2786016949152542,0.19703389830508475,0.1281779661016949,0.4226694915254237,0.3061440677966102,0.3305084745762712,0.2510593220338983,0.17478813559322035,0.4247881355932203,0.3146186440677966,0.3527542372881356,0.2764830508474576,0.21716101694915255,0.4258474576271186,0.3177966101694915,0.3781779661016949,0.3156779661016949,0.2828389830508475,0.4279661016949153,0.3188559322033898,0.3877118644067797,0.3305084745762712,0.3209745762711864,0.3155084745762711,0.3177966101694915,0,0,0
SHORT,0,0-20,2.0,4503,20,0.4150566289140573,0.2633799689096158,0.26426826560071065,0.18543193426604485,0.11814345991561181,0.43659782367310684,0.2864756828780813,0.3255607372862536,0.2553852986897624,0.18787475016655564,0.4425938263379969,0.29535864978902954,0.3506551188096824,0.28159005107705976,0.22740395292027538,0.45525205418609815,0.3097934710193205,0.37841439040639574,0.31667777037530537,0.27470575172107486,0.4581390184321563,0.3144570286475683,0.39484787919165,0.33089051743282255,0.303353320008883,0.3148922940262047,0.3097934710193205,0,0,0
LONG,1,80-100,3.5,213,18,0.29577464788732394,0.27230046948356806,0.39436619718309857,0.3051643192488263,0.27230046948356806,0.29577464788732394,0.27230046948356806,0.39906103286384975,0.3051643192488263,0.28169014084507044,0.29577464788732394,0.27230046948356806,0.39906103286384975,0.3051643192488263,0.29107981220657275,0.29577464788732394,0.27230046948356806,0.40375586854460094,0.3145539906103286,0.30985915492957744,0.29577464788732394,0.27230046948356806,0.40375586854460094,0.3145539906103286,0.30985915492957744,0.3139906103286385,0.29577464788732394,0,0,0
LONG,1,0-20,2.5,1369,18,0.3776479181884587,0.27611395178962744,0.3301680058436815,0.25931336742147554,0.1775018261504748,0.3798392987582177,0.28268809349890434,0.3535427319211103,0.2914536157779401,0.23301680058436816,0.3805697589481373,0.2841490138787436,0.3593864134404675,0.30241051862673485,0.26150474799123447,0.3805697589481373,0.28634039444850257,0.36742147552958365,0.3089846603360117,0.2907231555880205,0.3805697589481373,0.28634039444850257,0.3681519357195033,0.3119065010956903,0.2972972972972973,0.3131044558071585,0.30241051862673485,0,0,0
LONG,1,20-40,3.5,118,18,0.2796610169491525,0.23728813559322035,0.3813559322033898,0.3135593220338983,0.211864406779661,0.2796610169491525,0.23728813559322035,0.3983050847457627,0.3389830508474576,0.2542372881355932,0.2796610169491525,0.23728813559322035,0.4067796610169492,0.3474576271186441,0.288135593220339,0.288135593220339,0.2457627118644068,0.423728813559322,0.3644067796610169,0.3305084745762712,0.288135593220339,0.2457627118644068,0.423728813559322,0.3728813559322034,0.3474576271186441,0.3128813559322034,0.288135593220339,0,0,0
SHORT,1,0-20,2.0,2700,20,0.39925925925925926,0.2696296296296296,0.2966666666666667,0.22407407407407406,0.15666666666666668,0.4122222222222222,0.2848148148148148,0.33555555555555555,0.26814814814814814,0.21888888888888888,0.4159259259259259,0.2903703703703704,0.34925925925925927,0.2851851851851852,0.24703703703703703,0.4177777777777778,0.2962962962962963,0.362962962962963,0.302962962962963,0.28629629629629627,0.4185185185185185,0.2974074074074074,0.36814814814814817,0.3085185185185185,0.30666666666666664,0.3127703703703703,0.2974074074074074,0,0,0
LONG,1,0-20,2.0,3468,19,0.3881199538638985,0.2750865051903114,0.3209342560553633,0.2497116493656286,0.16782006920415224,0.39071510957324107,0.28546712802768165,0.34717416378316035,0.2825836216839677,0.22404844290657439,0.39273356401384085,0.2880622837370242,0.3566897347174164,0.29498269896193774,0.2537485582468281,0.39302191464821223,0.2909457900807382,0.3644752018454441,0.30478662053056516,0.2820069204152249,0.39302191464821223,0.29209919261822376,0.36966551326412916,0.3094002306805075,0.29296424452133796,0.3124106113033449,0.29498269896193774,0,0,0
SHORT,2,60-80,2.0,2499,21,0.4069627851140456,0.2665066026410564,0.2585034013605442,0.18607442977190877,0.12164865946378552,0.41936774709883956,0.2973189275710284,0.32973189275710285,0.24889955982392958,0.18327330932372948,0.4221688675470188,0.3045218087234894,0.3565426170468187,0.2769107643057223,0.21928771508603442,0.42697078831532614,0.31092436974789917,0.38375350140056025,0.3133253301320528,0.27050820328131253,0.42697078831532614,0.3129251700680272,0.3905562224889956,0.33133253301320525,0.30012004801920766,0.3106042416966786,0.31092436974789917,0,0,0
LONG,2,20-40,1.5,5263,20,0.3860915827474824,0.2650579517385522,0.27911837355120656,0.1972259167775033,0.147634429032871,0.39502185065551965,0.2878586357590728,0.331749952498575,0.25479764392931786,0.19494584837545126,0.39863195895876874,0.296028880866426,0.3564506935208056,0.2851985559566787,0.22610678320349611,0.4007220216606498,0.30153904617138516,0.38552156564696943,0.32110963328899866,0.2861485844575337,0.4007220216606498,0.3021090632718982,0.3919817594527836,0.33460003800114,0.3294698840965229,0.3102337070112104,0.3021090632718982,0,0,0
SHORT,1,40-60,2.5,686,21,0.3760932944606414,0.25801749271137026,0.3206997084548105,0.24489795918367346,0.16909620991253643,0.38338192419825073,0.2653061224489796,0.36005830903790087,0.282798833819242,0.23177842565597667,0.3877551020408163,0.26822157434402333,0.37026239067055394,0.29300291545189505,0.25801749271137026,0.3877551020408163,0.27113702623906705,0.37900874635568516,0.3032069970845481,0.2784256559766764,0.3877551020408163,0.2755102040816326,0.38629737609329445,0.31486880466472306,0.2944606413994169,0.3099125364431487,0.2944606413994169,0,0,0
LONG,2,80-100,3.5,111,16,0.3153153153153153,0.2882882882882883,0.3333333333333333,0.27927927927927926,0.2882882882882883,0.3153153153153153,0.2882882882882883,0.36036036036036034,0.2882882882882883,0.2882882882882883,0.3153153153153153,0.2882882882882883,0.36036036036036034,0.2972972972972973,0.2882882882882883,0.3153153153153153,0.2882882882882883,0.36036036036036034,0.2972972972972973,0.3153153153153153,0.3153153153153153,0.2882882882882883,0.36036036036036034,0.2972972972972973,0.3153153153153153,0.30990990990990985,0.2972972972972973,0,0,0
SHORT,1,60-80,2.5,920,21,0.3684782608695652,0.2858695652173913,0.30434782608695654,0.23369565217391305,0.20108695652173914,0.3717391304347826,0.2902173913043478,0.3358695652173913,0.27065217391304347,0.24456521739130435,0.3717391304347826,0.29130434782608694,0.3391304347826087,0.27717391304347827,0.28043478260869564,0.37282608695652175,0.29347826086956524,0.35108695652173916,0.29782608695652174,0.3119565217391304,0.37282608695652175,0.29347826086956524,0.35434782608695653,0.3032608695652174,0.3282608695652174,0.3098260869565218,0.3032608695652174,0,0,0
SHORT,0,60-80,2.0,3855,21,0.41089494163424123,0.2767833981841764,0.2848249027237354,0.2106355382619974,0.1377431906614786,0.4178988326848249,0.28845654993514913,0.32944228274967574,0.26044098573281455,0.21608300907911804,0.42023346303501946,0.2905317769130999,0.3437094682230869,0.28041504539559015,0.24876783398184177,0.4204928664072633,0.29234760051880676,0.3569390402075227,0.2975356679636835,0.28845654993514913,0.4204928664072633,0.2926070038910506,0.3574578469520104,0.30038910505836575,0.29961089494163423,0.3097276264591439,0.2926070038910506,0,0,0
LONG,0,80-100,3.0,256,19,0.3515625,0.23046875,0.3046875,0.2578125,0.2421875,0.3671875,0.23828125,0.33203125,0.296875,0.28125,0.3671875,0.23828125,0.33984375,0.3125,0.3125,0.37109375,0.23828125,0.3515625,0.3203125,0.34765625,0.37109375,0.23828125,0.3515625,0.3203125,0.359375,0.3096875,0.3203125,0,0,0
SHORT,2,60-80,1.5,5420,21,0.4086715867158672,0.26383763837638374,0.2518450184501845,0.18394833948339484,0.12398523985239852,0.42140221402214023,0.29538745387453874,0.32250922509225094,0.2444649446494465,0.18081180811808117,0.42416974169741695,0.30313653136531366,0.3492619926199262,0.2725092250922509,0.21568265682656826,0.42915129151291515,0.31088560885608857,0.3841328413284133,0.31439114391143913,0.2710332103321033,0.42915129151291515,0.31365313653136534,0.3904059040590406,0.3300738007380074,0.3060885608856089,0.3096236162361623,0.31088560885608857,0,0,0
LONG,2,60-80,3.0,312,21,0.36538461538461536,0.266025641025641,0.3141025641025641,0.22435897435897437,0.16987179487179488,0.3717948717948718,0.27884615384615385,0.3685897435897436,0.27884615384615385,0.20833333333333334,0.3717948717948718,0.27884615384615385,0.375,0.30128205128205127,0.2564102564102564,0.3717948717948718,0.27884615384615385,0.3814102564102564,0.3141025641025641,0.2916666666666667,0.3717948717948718,0.27884615384615385,0.38782051282051283,0.32371794871794873,0.3108974358974359,0.3096153846153846,0.3108974358974359,0,0,0
LONG,2,80-100,2.0,2308,21,0.41767764298093585,0.27339688041594457,0.255632582322357,0.1789428076256499,0.11308492201039862,0.42677642980935876,0.30285961871750433,0.3145580589254766,0.23570190641247835,0.1655112651646447,0.4285095320623917,0.30849220103986136,0.33925476603119586,0.2690641247833622,0.19800693240901213,0.42980935875216636,0.3141247833622184,0.3700173310225303,0.31325823223570193,0.2738301559792028,0.4311091854419411,0.3145580589254766,0.3821490467937608,0.33015597920277295,0.31672443674176776,0.30812824956672447,0.3141247833622184,0,0,0
LONG,2,80-100,3.0,305,21,0.36065573770491804,0.29180327868852457,0.3016393442622951,0.2098360655737705,0.1737704918032787,0.3639344262295082,0.29508196721311475,0.3475409836065574,0.26229508196721313,0.20655737704918034,0.3639344262295082,0.3016393442622951,0.3639344262295082,0.2786885245901639,0.23934426229508196,0.36721311475409835,0.30491803278688523,0.3770491803278688,0.3016393442622951,0.28852459016393445,0.36721311475409835,0.3081967213114754,0.3836065573770492,0.3114754098360656,0.30491803278688523,0.3070163934426229,0.30491803278688523,0,0,0
LONG,2,80-100,1.5,4658,21,0.4199227136109918,0.26771146414770286,0.2471017604121941,0.17217689995706312,0.11206526406182911,0.4325890940317733,0.29819665092314296,0.3076427651352512,0.22971232288535853,0.16273078574495492,0.4364534134821812,0.3044224989265779,0.3359811077715758,0.26277372262773724,0.19557750107342206,0.4386002576212967,0.3119364534134822,0.37011592958351225,0.3085015027908974,0.2732932589094032,0.43924431086303134,0.31386861313868614,0.38407041648776297,0.32868183769858306,0.3183769858308287,0.3068699012451696,0.3085015027908974,0,0,0
LONG,2,40-60,2.0,2572,21,0.3880248833592535,0.2686625194401244,0.27682737169517885,0.1947900466562986,0.13063763608087092,0.39346811819595645,0.2846034214618974,0.3324261275272162,0.25194401244167963,0.18040435458786935,0.3977449455676516,0.2904354587869362,0.3545878693623639,0.2838258164852255,0.2192846034214619,0.4000777604976672,0.29665629860031106,0.37830482115085534,0.31337480559875586,0.2690513219284603,0.4000777604976672,0.29821150855365475,0.39191290824261277,0.33164852255054433,0.32309486780715396,0.30600311041990674,0.29821150855365475,0,0,0
LONG,2,0-20,1.5,7797,19,0.3755290496344748,0.25330255226369114,0.2666410157752982,0.19661408233936128,0.15390534821085033,0.38758496857765806,0.27920995254585096,0.3305117352828011,0.2458637937668334,0.19045786841092727,0.39015005771450556,0.28818776452481726,0.35924073361549314,0.27985122483006286,0.2157239964088752,0.3918173656534565,0.2942157239964089,0.38784147749134285,0.3217904322175196,0.27356675644478645,0.39271514685135306,0.2975503398743106,0.3977170706682057,0.33948954726176733,0.3225599589585738,0.305281518532769,0.2975503398743106,0,0,0
LONG,2,20-40,2.0,2529,20,0.3815737445630684,0.26215895610913403,0.28272044286279163,0.18940292605773032,0.14551206010280743,0.387504942665085,0.2807433768287861,0.3313562672993278,0.24673784104389088,0.19256623171213919,0.39106366152629496,0.2886516409648082,0.35745353894820087,0.276789244760775,0.2277580071174377,0.3926453143534994,0.2945828390668248,0.38434163701067614,0.3111901937524713,0.28430209568999604,0.3926453143534994,0.29497825227362595,0.38829576907868724,0.32423882957690786,0.32265717674970346,0.30527481217872676,0.29497825227362595,0,0,0
LONG,2,40-60,1.5,5279,21,0.3839742375449896,0.26444402348929724,0.2750520931994696,0.19170297404811518,0.12900170486834628,0.3926880090926312,0.283387005114605,0.3320704678916461,0.2521310854328471,0.17806402727789353,0.3960977457851866,0.2900170486834628,0.35442318620950936,0.28225042621708657,0.21348740291721918,0.3974237544989581,0.297783671149839,0.3856791058912673,0.3186209509376776,0.266338321651828,0.3976131843152112,0.29892025004735745,0.39534002652017425,0.3356696344004546,0.3191892403864368,0.3052547831028604,0.29892025004735745,0,0,0
LONG,2,40-60,2.5,965,21,0.38860103626943004,0.26632124352331604,0.28290155440414505,0.20207253886010362,0.14300518134715026,0.3917098445595855,0.28082901554404144,0.33264248704663213,0.2621761658031088,0.18652849740932642,0.39481865284974094,0.2839378238341969,0.34922279792746114,0.28290155440414505,0.22072538860103627,0.39689119170984455,0.28911917098445594,0.37202072538860104,0.30569948186528495,0.26528497409326424,0.39689119170984455,0.2911917098445596,0.3854922279792746,0.3243523316062176,0.322279792746114,0.3047046632124352,0.2911917098445596,0,0,0
SHORT,2,0-20,2.5,1276,19,0.3777429467084639,0.26880877742946707,0.27507836990595613,0.195141065830721,0.15752351097178682,0.3816614420062696,0.28761755485893414,0.3268025078369906,0.24921630094043887,0.20219435736677116,0.3879310344827586,0.2946708463949843,0.3510971786833856,0.2711598746081505,0.23119122257053293,0.3894984326018809,0.3017241379310345,0.38009404388714735,0.30329153605015674,0.2711598746081505,0.390282131661442,0.30250783699059564,0.38636363636363635,0.3221003134796238,0.3001567398119122,0.30420062695924766,0.3017241379310345,0,0,0
LONG,2,40-60,3.0,322,21,0.3385093167701863,0.2360248447204969,0.3105590062111801,0.2608695652173913,0.18633540372670807,0.3416149068322981,0.2484472049689441,0.35714285714285715,0.30434782608695654,0.2204968944099379,0.3416149068322981,0.2484472049689441,0.36335403726708076,0.3105590062111801,0.2546583850931677,0.34782608695652173,0.2515527950310559,0.3695652173913043,0.32919254658385094,0.2919254658385093,0.34782608695652173,0.2546583850931677,0.38198757763975155,0.34782608695652173,0.3447204968944099,0.3036024844720497,0.3105590062111801,0,0,0
SHORT,1,0-20,1.5,7041,20,0.39909103820480046,0.2547933532168726,0.2675756284618662,0.1964209629314018,0.13748047152393125,0.4182644510722909,0.2789376509018605,0.31131941485584436,0.24314728021587842,0.1989774179804005,0.42451356341428775,0.2885953699758557,0.33205510580883396,0.2650191734128675,0.23036500497088483,0.4267859679022866,0.29725891208635136,0.35492117596932254,0.2925720778298537,0.2745348672063627,0.42792217014628603,0.29910524073285044,0.36656724897031673,0.3036500497088482,0.30009941769634996,0.30359892060786825,0.29725891208635136,0,0,0
LONG,2,20-40,2.5,1030,20,0.3640776699029126,0.2563106796116505,0.2854368932038835,0.1941747572815534,0.1563106796116505,0.36893203883495146,0.27184466019417475,0.329126213592233,0.24951456310679612,0.20485436893203884,0.37281553398058254,0.27864077669902915,0.36019417475728155,0.287378640776699,0.23883495145631067,0.3757281553398058,0.283495145631068,0.3864077669902913,0.31650485436893205,0.2912621359223301,0.3757281553398058,0.283495145631068,0.39029126213592236,0.32815533980582523,0.33495145631067963,0.30337864077669896,0.2912621359223301,0,0,0
SHORT,2,40-60,2.5,823,20,0.39489671931956255,0.25880923450789795,0.2600243013365735,0.20170109356014582,0.1591737545565006,0.4046172539489672,0.284325637910085,0.31227217496962334,0.2393681652490887,0.19805589307411908,0.40704738760631837,0.29040097205346294,0.34386391251518833,0.2660996354799514,0.2187120291616039,0.40704738760631837,0.29890643985419196,0.3645200486026732,0.29890643985419196,0.2709599027946537,0.40704738760631837,0.29890643985419196,0.37424058323207776,0.30741190765492105,0.30741190765492105,0.30298906439854195,0.29890643985419196,0,0,0
LONG,0,80-100,3.5,116,16,0.3017241379310345,0.23275862068965517,0.3103448275862069,0.2672413793103448,0.25,0.31896551724137934,0.25,0.35344827586206895,0.3103448275862069,0.2672413793103448,0.31896551724137934,0.25,0.35344827586206895,0.3103448275862069,0.28448275862068967,0.3275862068965517,0.25,0.3620689655172414,0.31896551724137934,0.3103448275862069,0.3275862068965517,0.25,0.3620689655172414,0.31896551724137934,0.3275862068965517,0.30137931034482757,0.3103448275862069,0,0,0
LONG,2,0-20,2.0,3836,19,0.367570385818561,0.24687174139728885,0.26720542231491134,0.20203336809176226,0.15041710114702816,0.37825860271115747,0.2713764337851929,0.32716371220020857,0.24791449426485923,0.19343065693430658,0.38034410844629823,0.2802398331595412,0.3550573514077164,0.28102189781021897,0.21897810218978103,0.3819082377476538,0.2851929092805005,0.38425443169968715,0.321689259645464,0.2718978102189781,0.382429614181439,0.2885818561001043,0.3944212721584984,0.3386339937434828,0.31725755995828986,0.3013660062565172,0.2885818561001043,0,0,0
LONG,2,0-20,2.5,1584,19,0.3472222222222222,0.24053030303030304,0.27904040404040403,0.2159090909090909,0.16098484848484848,0.3592171717171717,0.26452020202020204,0.32954545454545453,0.24936868686868688,0.20517676767676768,0.3611111111111111,0.2765151515151515,0.35858585858585856,0.2840909090909091,0.22916666666666666,0.36426767676767674,0.2815656565656566,0.38573232323232326,0.32007575757575757,0.2777777777777778,0.3648989898989899,0.2840909090909091,0.3958333333333333,0.3409090909090909,0.31691919191919193,0.2997222222222222,0.2840909090909091,0,0,0
LONG,0,0-20,3.0,253,19,0.37549407114624506,0.233201581027668,0.2964426877470356,0.21739130434782608,0.1541501976284585,0.39920948616600793,0.2490118577075099,0.31620553359683795,0.2490118577075099,0.21739130434782608,0.40711462450592883,0.26877470355731226,0.3201581027667984,0.25691699604743085,0.2450592885375494,0.4189723320158103,0.2964426877470356,0.34782608695652173,0.2648221343873518,0.2490118577075099,0.4189723320158103,0.31620553359683795,0.37549407114624506,0.2885375494071146,0.2885375494071146,0.2988142292490118,0.2885375494071146,0,0,0
SHORT,1,80-100,3.5,199,16,0.3165829145728643,0.23618090452261306,0.3316582914572864,0.2864321608040201,0.2814070351758794,0.3165829145728643,0.23618090452261306,0.3417085427135678,0.2964824120603015,0.3015075376884422,0.3165829145728643,0.23618090452261306,0.3417085427135678,0.2964824120603015,0.31155778894472363,0.3165829145728643,0.23618090452261306,0.3417085427135678,0.2964824120603015,0.3165829145728643,0.3165829145728643,0.23618090452261306,0.3417085427135678,0.2964824120603015,0.3165829145728643,0.2984924623115578,0.31155778894472363,0,0,0
SHORT,0,60-80,2.5,1017,21,0.3726647000983284,0.2527040314650934,0.2861356932153392,0.2192723697148476,0.1750245821042281,0.3785644051130777,0.26253687315634217,0.3254670599803343,0.2635201573254671,0.24188790560471976,0.3824975417895772,0.26548672566371684,0.3333333333333333,0.27728613569321536,0.26450344149459193,0.3824975417895772,0.2664700098328417,0.3392330383480826,0.28220255653883974,0.2861356932153392,0.3824975417895772,0.2664700098328417,0.34021632251720746,0.28515240904621436,0.295968534906588,0.2971091445427729,0.28515240904621436,0,0,0
SHORT,2,0-20,1.5,7338,19,0.3770782229490324,0.24420823112564732,0.2462523848460071,0.18601798855273916,0.14663396020714092,0.39084219133278825,0.2711910602343963,0.29994548923412373,0.23262469337694194,0.18806214227309895,0.3953393295175797,0.27923139820114473,0.33019896429544837,0.2642409375851731,0.21831561733442356,0.3984736985554647,0.2880893976560371,0.3656309621150177,0.30348868901608067,0.2747342600163532,0.3999727446170619,0.2905423821204688,0.3757154538021259,0.32270373398746255,0.3138457345325702,0.2961351866993731,0.2905423821204688,0,0,0
SHORT,1,40-60,3.0,260,19,0.33076923076923076,0.23846153846153847,0.3423076923076923,0.27692307692307694,0.2,0.3346153846153846,0.2423076923076923,0.3576923076923077,0.28846153846153844,0.22692307692307692,0.3384615384615385,0.24615384615384617,0.36923076923076925,0.3038461538461538,0.25,0.3384615384615385,0.24615384615384617,0.36923076923076925,0.3076923076923077,0.26153846153846155,0.3384615384615385,0.24615384615384617,0.36923076923076925,0.3076923076923077,0.26153846153846155,0.29569230769230764,0.3038461538461538,0,0,0
LONG,1,60-80,3.5,127,16,0.29133858267716534,0.2677165354330709,0.33070866141732286,0.2677165354330709,0.23622047244094488,0.29133858267716534,0.28346456692913385,0.3464566929133858,0.29133858267716534,0.2755905511811024,0.29133858267716534,0.28346456692913385,0.3464566929133858,0.29133858267716534,0.28346456692913385,0.29133858267716534,0.28346456692913385,0.3464566929133858,0.29133858267716534,0.29133858267716534,0.29133858267716534,0.28346456692913385,0.3464566929133858,0.29133858267716534,0.29133858267716534,0.2954330708661419,0.29133858267716534,0,0,0
SHORT,2,60-80,2.5,869,21,0.3716915995397008,0.2600690448791715,0.2508630609896433,0.17951668584579977,0.13693901035673187,0.379746835443038,0.286536248561565,0.3233601841196778,0.24395857307249713,0.19792865362485615,0.380897583429229,0.2911392405063291,0.34177215189873417,0.26352128883774456,0.22669735327963175,0.38550057537399307,0.2957422324510932,0.36018411967779057,0.2957422324510932,0.2681242807825086,0.38550057537399307,0.29804372842347526,0.36478711162255467,0.30609896432681244,0.28883774453394706,0.2953279631760644,0.2957422324510932,0,0,0
SHORT,1,80-100,3.0,431,17,0.31322505800464034,0.24129930394431554,0.32018561484918795,0.2691415313225058,0.2529002320185615,0.31554524361948955,0.24361948955916474,0.33642691415313225,0.2877030162412993,0.2900232018561485,0.31554524361948955,0.24361948955916474,0.34106728538283065,0.2877030162412993,0.29930394431554525,0.31554524361948955,0.24361948955916474,0.345707656612529,0.29698375870069604,0.308584686774942,0.31554524361948955,0.24361948955916474,0.345707656612529,0.29698375870069604,0.31322505800464034,0.29531322505800456,0.29930394431554525,0,0,0
SHORT,2,20-40,1.5,5581,21,0.38416054470524996,0.2363375739114854,0.23795018813832647,0.17398315714029744,0.1345636982619602,0.40404945350295646,0.26428955384339725,0.2983336319655976,0.23006629636265902,0.1861673535208744,0.41103744848593443,0.2793406199605805,0.32897330227557786,0.25819745565310875,0.2164486651137789,0.41408349758107865,0.29027056083139224,0.3601505106611718,0.29403332736068805,0.26393119512632146,0.41426267693961655,0.2917039956996954,0.36803440243683927,0.30317147464612076,0.30370901272173445,0.2938899838738577,0.2917039956996954,0,0,0
SHORT,0,0-20,2.5,1034,20,0.390715667311412,0.24274661508704062,0.2504835589941973,0.18085106382978725,0.13249516441005801,0.41102514506769827,0.2620889748549323,0.30174081237911027,0.2311411992263056,0.17988394584139264,0.4197292069632495,0.2727272727272727,0.3181818181818182,0.25435203094777564,0.20986460348162475,0.43423597678916825,0.2872340425531915,0.3471953578336557,0.28433268858800775,0.2524177949709865,0.4381044487427466,0.29206963249516443,0.3655705996131528,0.2978723404255319,0.28820116054158607,0.2938104448742747,0.2872340425531915,0,0,0
SHORT,2,80-100,3.5,103,17,0.3106796116504854,0.2524271844660194,0.3106796116504854,0.2912621359223301,0.21359223300970873,0.3106796116504854,0.2524271844660194,0.32038834951456313,0.30097087378640774,0.27184466019417475,0.3106796116504854,0.2524271844660194,0.3300970873786408,0.3106796116504854,0.2815533980582524,0.3106796116504854,0.2524271844660194,0.3300970873786408,0.3106796116504854,0.30097087378640774,0.3106796116504854,0.2524271844660194,0.3300970873786408,0.3106796116504854,0.3106796116504854,0.29359223300970866,0.3106796116504854,0,0,0
SHORT,2,20-40,3.0,341,20,0.3196480938416422,0.20821114369501467,0.28152492668621704,0.2375366568914956,0.22580645161290322,0.33724340175953077,0.23460410557184752,0.31085043988269795,0.26392961876832843,0.2668621700879765,0.33724340175953077,0.24633431085043989,0.3225806451612903,0.2785923753665689,0.2727272727272727,0.33724340175953077,0.24926686217008798,0.3460410557184751,0.31378299120234604,0.30791788856304986,0.33724340175953077,0.24926686217008798,0.3519061583577713,0.3225806451612903,0.3489736070381232,0.29231671554252187,0.30791788856304986,0,0,0
SHORT,2,0-20,2.0,3332,19,0.37034813925570226,0.24489795918367346,0.24759903961584634,0.18517406962785113,0.14795918367346939,0.3790516206482593,0.2710084033613445,0.297719087635054,0.2307923169267707,0.19057623049219688,0.38415366146458585,0.2785114045618247,0.32563025210084034,0.2560024009603842,0.21788715486194477,0.3877551020408163,0.2854141656662665,0.3604441776710684,0.29711884753901563,0.2707082833133253,0.39015606242497,0.28781512605042014,0.37364945978391356,0.3187274909963986,0.3037214885954382,0.2921128451380552,0.28781512605042014,0,0,0
SHORT,0,60-80,3.0,292,20,0.3321917808219178,0.2671232876712329,0.3116438356164384,0.2363013698630137,0.23972602739726026,0.3356164383561644,0.2773972602739726,0.3184931506849315,0.2534246575342466,0.2671232876712329,0.3356164383561644,0.2773972602739726,0.3219178082191781,0.2602739726027397,0.2705479452054795,0.3356164383561644,0.2773972602739726,0.3253424657534247,0.2602739726027397,0.2808219178082192,0.3356164383561644,0.2773972602739726,0.3253424657534247,0.2602739726027397,0.2808219178082192,0.29054794520547944,0.2773972602739726,0,0,0
SHORT,2,40-60,3.0,282,19,0.32978723404255317,0.22340425531914893,0.2872340425531915,0.2375886524822695,0.2127659574468085,0.32978723404255317,0.24113475177304963,0.31560283687943264,0.25886524822695034,0.24822695035460993,0.32978723404255317,0.24113475177304963,0.34397163120567376,0.2730496453900709,0.25177304964539005,0.32978723404255317,0.24113475177304963,0.3546099290780142,0.2978723404255319,0.2907801418439716,0.32978723404255317,0.24113475177304963,0.36524822695035464,0.30851063829787234,0.3120567375886525,0.28780141843971635,0.2907801418439716,0,0,0
SHORT,2,20-40,2.0,2575,21,0.3821359223300971,0.22990291262135923,0.23067961165048545,0.16310679611650486,0.12815533980582525,0.4015533980582524,0.25980582524271845,0.29009708737864076,0.21902912621359225,0.1833009708737864,0.40621359223300973,0.2733980582524272,0.3207766990291262,0.24815533980582524,0.21320388349514563,0.40815533980582525,0.28388349514563105,0.35145631067961164,0.2858252427184466,0.2613592233009709,0.40815533980582525,0.2858252427184466,0.3611650485436893,0.2966990291262136,0.3025242718446602,0.2877825242718447,0.2858252427184466,0,0,0
LONG,2,20-40,3.0,348,20,0.3017241379310345,0.22701149425287356,0.27873563218390807,0.21551724137931033,0.21264367816091953,0.3045977011494253,0.23850574712643677,0.3045977011494253,0.25,0.2471264367816092,0.3103448275862069,0.2471264367816092,0.3275862068965517,0.27586206896551724,0.29022988505747127,0.3160919540229885,0.25,0.35919540229885055,0.3074712643678161,0.3160919540229885,0.3160919540229885,0.25,0.3620689655172414,0.3160919540229885,0.3505747126436782,0.28701149425287364,0.3017241379310345,0,0,0
LONG,2,0-20,3.5,233,17,0.2832618025751073,0.2145922746781116,0.3218884120171674,0.24034334763948498,0.1888412017167382,0.296137339055794,0.23605150214592274,0.3562231759656652,0.26180257510729615,0.2017167381974249,0.296137339055794,0.24034334763948498,0.38197424892703863,0.2875536480686695,0.22746781115879827,0.30042918454935624,0.2532188841201717,0.41201716738197425,0.31759656652360513,0.2446351931330472,0.30042918454935624,0.2532188841201717,0.41630901287553645,0.3261802575107296,0.2832618025751073,0.2856652360515022,0.2832618025751073,0,0,0
SHORT,1,60-80,3.0,351,19,0.2934472934472934,0.23931623931623933,0.30484330484330485,0.24786324786324787,0.24216524216524216,0.29914529914529914,0.245014245014245,0.3190883190883191,0.26495726495726496,0.26495726495726496,0.29914529914529914,0.245014245014245,0.3190883190883191,0.2678062678062678,0.28774928774928776,0.29914529914529914,0.245014245014245,0.3247863247863248,0.2792022792022792,0.301994301994302,0.29914529914529914,0.245014245014245,0.33048433048433046,0.28774928774928776,0.3190883190883191,0.28284900284900283,0.28774928774928776,0,0,0
LONG,0,60-80,3.5,136,17,0.25735294117647056,0.21323529411764705,0.34558823529411764,0.3014705882352941,0.22794117647058823,0.25735294117647056,0.21323529411764705,0.35294117647058826,0.3014705882352941,0.2647058823529412,0.25735294117647056,0.21323529411764705,0.3602941176470588,0.3088235294117647,0.29411764705882354,0.25735294117647056,0.21323529411764705,0.3602941176470588,0.3088235294117647,0.3014705882352941,0.25735294117647056,0.21323529411764705,0.3602941176470588,0.3088235294117647,0.3088235294117647,0.28235294117647053,0.29411764705882354,0,0,0
SHORT,2,20-40,2.5,943,21,0.3584305408271474,0.21845174973488865,0.23966065747614,0.176033934252386,0.1633085896076352,0.37751855779427357,0.24284199363732767,0.28101802757158006,0.22163308589607636,0.20890774125132555,0.3796394485683987,0.25556733828207845,0.3064687168610817,0.24072110286320256,0.2301166489925769,0.3806998939554613,0.26299045599151644,0.3340402969247084,0.2788971367974549,0.2757158006362672,0.3806998939554613,0.26617179215270415,0.34676564156945916,0.29056203605514314,0.3138918345705196,0.2812301166489926,0.2757158006362672,0,0,0
SHORT,0,60-80,3.5,119,15,0.226890756302521,0.2184873949579832,0.3445378151260504,0.2857142857142857,0.31932773109243695,0.226890756302521,0.2184873949579832,0.3445378151260504,0.2857142857142857,0.3277310924369748,0.226890756302521,0.2184873949579832,0.3445378151260504,0.2857142857142857,0.3277310924369748,0.226890756302521,0.2184873949579832,0.3445378151260504,0.2857142857142857,0.3277310924369748,0.226890756302521,0.2184873949579832,0.3445378151260504,0.2857142857142857,0.3277310924369748,0.28033613445378147,0.2857142857142857,0,0,0
SHORT,1,80-100,4.0,102,16,0.29411764705882354,0.22549019607843138,0.3137254901960784,0.2549019607843137,0.28431372549019607,0.29411764705882354,0.22549019607843138,0.3137254901960784,0.2549019607843137,0.30392156862745096,0.29411764705882354,0.22549019607843138,0.3137254901960784,0.2549019607843137,0.3137254901960784,0.29411764705882354,0.22549019607843138,0.3137254901960784,0.2549019607843137,0.3235294117647059,0.29411764705882354,0.22549019607843138,0.3137254901960784,0.2549019607843137,0.3235294117647059,0.27960784313725484,0.29411764705882354,0,0,0
SHORT,2,20-40,3.5,153,20,0.26143790849673204,0.19607843137254902,0.29411764705882354,0.26143790849673204,0.23529411764705882,0.2679738562091503,0.20261437908496732,0.3202614379084967,0.29411764705882354,0.2875816993464052,0.2679738562091503,0.20915032679738563,0.32679738562091504,0.29411764705882354,0.2875816993464052,0.2679738562091503,0.21568627450980393,0.3464052287581699,0.3202614379084967,0.3137254901960784,0.2679738562091503,0.21568627450980393,0.3464052287581699,0.3202614379084967,0.33986928104575165,0.27843137254901956,0.2875816993464052,0,0,0
LONG,2,0-20,3.0,598,19,0.3060200668896321,0.21070234113712374,0.2692307692307692,0.20234113712374582,0.1588628762541806,0.3177257525083612,0.23578595317725753,0.3193979933110368,0.23745819397993312,0.19899665551839466,0.3193979933110368,0.24414715719063546,0.34615384615384615,0.26755852842809363,0.225752508361204,0.32441471571906355,0.2525083612040134,0.3712374581939799,0.2976588628762542,0.2692307692307692,0.32441471571906355,0.25585284280936454,0.3762541806020067,0.31270903010033446,0.3060200668896321,0.2779933110367893,0.2692307692307692,0,0,0
LONG,2,40-60,3.5,138,20,0.2608695652173913,0.17391304347826086,0.32608695652173914,0.2898550724637681,0.2463768115942029,0.2608695652173913,0.17391304347826086,0.34782608695652173,0.30434782608695654,0.26811594202898553,0.2608695652173913,0.17391304347826086,0.34782608695652173,0.30434782608695654,0.2826086956521739,0.26811594202898553,0.17391304347826086,0.35507246376811596,0.32608695652173914,0.30434782608695654,0.26811594202898553,0.18115942028985507,0.3695652173913043,0.34782608695652173,0.3333333333333333,0.2779710144927536,0.2826086956521739,0,0,0
SHORT,2,0-20,3.0,481,19,0.29313929313929316,0.22245322245322247,0.2972972972972973,0.21621621621621623,0.1891891891891892,0.29313929313929316,0.23076923076923078,0.33264033264033266,0.2598752598752599,0.22245322245322247,0.2972972972972973,0.23284823284823286,0.35550935550935553,0.27442827442827444,0.2390852390852391,0.2993762993762994,0.23492723492723494,0.3700623700623701,0.30353430353430355,0.2702702702702703,0.2993762993762994,0.23492723492723494,0.37422037422037424,0.3180873180873181,0.28274428274428276,0.27775467775467777,0.28274428274428276,0,0,0
SHORT,0,0-20,3.0,222,17,0.36036036036036034,0.24324324324324326,0.22972972972972974,0.16666666666666666,0.16666666666666666,0.3783783783783784,0.26126126126126126,0.2702702702702703,0.20270270270270271,0.18468468468468469,0.3783783783783784,0.26126126126126126,0.2927927927927928,0.22972972972972974,0.20270270270270271,0.3918918918918919,0.27927927927927926,0.3153153153153153,0.25225225225225223,0.24324324324324326,0.4009009009009009,0.27927927927927926,0.32882882882882886,0.2702702702702703,0.28378378378378377,0.274954954954955,0.2702702702702703,0,0,0
SHORT,1,60-80,3.5,174,19,0.2471264367816092,0.22413793103448276,0.3275862068965517,0.25862068965517243,0.25287356321839083,0.2471264367816092,0.22413793103448276,0.3333333333333333,0.26436781609195403,0.27011494252873564,0.2471264367816092,0.22413793103448276,0.3333333333333333,0.26436781609195403,0.29310344827586204,0.2471264367816092,0.22413793103448276,0.3333333333333333,0.27586206896551724,0.3045977011494253,0.2471264367816092,0.22413793103448276,0.3390804597701149,0.28160919540229884,0.3160919540229885,0.272183908045977,0.26436781609195403,0,0,0
LONG,2,0-20,4.0,100,16,0.25,0.19,0.3,0.24,0.23,0.26,0.21,0.33,0.25,0.24,0.26,0.22,0.35,0.27,0.26,0.26,0.23,0.38,0.29,0.26,0.26,0.23,0.38,0.3,0.3,0.27,0.26,0,0,0
SHORT,2,60-80,3.0,285,20,0.3087719298245614,0.22456140350877193,0.24210526315789474,0.19298245614035087,0.19649122807017544,0.32280701754385965,0.24912280701754386,0.28771929824561404,0.22105263157894736,0.24210526315789474,0.32280701754385965,0.24912280701754386,0.2912280701754386,0.23508771929824562,0.25263157894736843,0.3263157894736842,0.25263157894736843,0.30526315789473685,0.2631578947368421,0.2736842105263158,0.3263157894736842,0.25263157894736843,0.30526315789473685,0.26666666666666666,0.28421052631578947,0.2677894736842104,0.2631578947368421,0,0,0
LONG,0,60-80,3.0,312,20,0.2724358974358974,0.20833333333333334,0.3108974358974359,0.24358974358974358,0.1987179487179487,0.27884615384615385,0.20833333333333334,0.32051282051282054,0.2532051282051282,0.25,0.27884615384615385,0.20833333333333334,0.3301282051282051,0.26282051282051283,0.2724358974358974,0.27884615384615385,0.20833333333333334,0.3301282051282051,0.2724358974358974,0.28846153846153844,0.27884615384615385,0.20833333333333334,0.3301282051282051,0.2724358974358974,0.30128205128205127,0.26666666666666666,0.2724358974358974,0,0,0
SHORT,2,40-60,3.5,139,18,0.2805755395683453,0.20863309352517986,0.3237410071942446,0.2517985611510791,0.22302158273381295,0.2805755395683453,0.2158273381294964,0.3237410071942446,0.2589928057553957,0.23741007194244604,0.2805755395683453,0.2158273381294964,0.33093525179856115,0.2589928057553957,0.23741007194244604,0.2805755395683453,0.2158273381294964,0.33093525179856115,0.2589928057553957,0.2589928057553957,0.2805755395683453,0.2158273381294964,0.3381294964028777,0.26618705035971224,0.26618705035971224,0.2656115107913669,0.2589928057553957,0,0,0
SHORT,1,40-60,3.5,108,16,0.25,0.2222222222222222,0.3148148148148148,0.28703703703703703,0.19444444444444445,0.25,0.2222222222222222,0.32407407407407407,0.28703703703703703,0.2222222222222222,0.25925925925925924,0.23148148148148148,0.3333333333333333,0.2962962962962963,0.23148148148148148,0.25925925925925924,0.23148148148148148,0.3333333333333333,0.2962962962962963,0.23148148148148148,0.25925925925925924,0.23148148148148148,0.3333333333333333,0.2962962962962963,0.23148148148148148,0.26518518518518525,0.25925925925925924,0,0,0
SHORT,2,0-20,3.5,244,18,0.24180327868852458,0.19262295081967212,0.29508196721311475,0.22540983606557377,0.2336065573770492,0.24180327868852458,0.20081967213114754,0.3155737704918033,0.25,0.2540983606557377,0.24180327868852458,0.20491803278688525,0.32786885245901637,0.2581967213114754,0.27049180327868855,0.24180327868852458,0.20491803278688525,0.3442622950819672,0.2786885245901639,0.2827868852459016,0.24180327868852458,0.20491803278688525,0.3483606557377049,0.29508196721311475,0.29098360655737704,0.2595081967213115,0.25,0,0,0
SHORT,2,0-20,4.0,129,17,0.23255813953488372,0.1937984496124031,0.29457364341085274,0.20930232558139536,0.2713178294573643,0.23255813953488372,0.20155038759689922,0.3178294573643411,0.23255813953488372,0.2868217054263566,0.23255813953488372,0.20155038759689922,0.3178294573643411,0.24031007751937986,0.3023255813953488,0.23255813953488372,0.20155038759689922,0.34108527131782945,0.26356589147286824,0.31007751937984496,0.23255813953488372,0.20155038759689922,0.34108527131782945,0.2713178294573643,0.3178294573643411,0.25922480620155036,0.24031007751937986,0,0,0
SHORT,2,60-80,3.5,133,19,0.21804511278195488,0.18045112781954886,0.24812030075187969,0.21052631578947367,0.24060150375939848,0.22556390977443608,0.18045112781954886,0.2781954887218045,0.22556390977443608,0.2631578947368421,0.22556390977443608,0.18045112781954886,0.2857142857142857,0.23308270676691728,0.2631578947368421,0.22556390977443608,0.18045112781954886,0.2857142857142857,0.24812030075187969,0.2781954887218045,0.22556390977443608,0.18045112781954886,0.2857142857142857,0.24812030075187969,0.2781954887218045,0.23578947368421047,0.23308270676691728,0,0,0
LONG,2,20-40,3.5,144,18,0.20833333333333334,0.19444444444444445,0.22916666666666666,0.1875,0.24305555555555555,0.20833333333333334,0.19444444444444445,0.2361111111111111,0.1875,0.2638888888888889,0.2152777777777778,0.19444444444444445,0.24305555555555555,0.2013888888888889,0.2708333333333333,0.2222222222222222,0.2013888888888889,0.2638888888888889,0.2222222222222222,0.2986111111111111,0.2222222222222222,0.2013888888888889,0.2708333333333333,0.22916666666666666,0.3125,0.2288888888888889,0.2222222222222222,0,0,0
