trade_index,window,boundary_R,execution_model,crossing_bar,triggered,original_R,strategy_R,delta_R
95,12,0.95,BAR_CLOSE_BOUNDARY,5.0,True,-0.76,-1.11,-0.3500000000000001
96,12,0.95,BAR_CLOSE_BOUNDARY,2.0,True,-1.45,-0.8,0.6499999999999999
97,12,0.95,BAR_CLOSE_BOUNDARY,2.0,True,-1.36,-0.88,0.4800000000000001
98,12,0.95,BAR_CLOSE_BOUNDARY,7.0,True,-2.61,-0.98,1.63
99,12,0.95,BAR_CLOSE_BOUNDARY,,False,1.04,1.04,0.0
100,12,0.95,BAR_CLOSE_BOUNDARY,4.0,True,-1.52,-0.91,0.61
101,12,0.95,BAR_CLOSE_BOUNDARY,3.0,True,1.58,-0.41,-1.99
102,12,0.95,BAR_CLOSE_BOUNDARY,4.0,True,-1.31,-1.11,0.19999999999999996
103,12,0.95,BAR_CLOSE_BOUNDARY,,False,0.25,0.25,0.0
104,12,0.95,BAR_CLOSE_BOUNDARY,19.0,True,-0.64,-1.0,-0.36
105,12,0.95,BAR_CLOSE_BOUNDARY,6.0,True,-1.46,-0.64,0.82
106,12,0.95,BAR_CLOSE_BOUNDARY,20.0,True,-0.63,-0.63,0.0
107,12,0.95,BAR_CLOSE_BOUNDARY,,False,1.46,1.46,0.0
108,12,0.95,BAR_CLOSE_BOUNDARY,3.0,True,-2.49,-1.24,1.2500000000000002
109,12,0.95,BAR_CLOSE_BOUNDARY,,False,1.37,1.37,0.0
110,12,0.95,BAR_CLOSE_BOUNDARY,11.0,True,-1.29,-1.28,0.010000000000000009
111,12,0.95,BAR_CLOSE_BOUNDARY,2.0,True,-4.12,-1.17,2.95
112,12,0.95,BAR_CLOSE_BOUNDARY,3.0,True,-1.57,-0.84,0.7300000000000001
113,12,0.95,BAR_CLOSE_BOUNDARY,4.0,True,-1.76,-0.98,0.78
114,13,0.95,BAR_CLOSE_BOUNDARY,4.0,True,1.46,-0.94,-2.4
115,14,0.95,BAR_CLOSE_BOUNDARY,6.0,True,-0.77,-0.93,-0.16000000000000003
116,14,0.95,BAR_CLOSE_BOUNDARY,5.0,True,0.17,-0.75,-0.92
117,14,0.95,BAR_CLOSE_BOUNDARY,8.0,True,-0.69,-0.92,-0.2300000000000001
118,14,0.95,BAR_CLOSE_BOUNDARY,12.0,True,-0.71,-0.92,-0.21000000000000008
119,14,0.95,BAR_CLOSE_BOUNDARY,6.0,True,-1.83,-0.58,1.25
120,14,0.95,BAR_CLOSE_BOUNDARY,2.0,True,-0.21,-0.99,-0.78
121,14,0.95,BAR_CLOSE_BOUNDARY,1.0,True,-0.66,-0.87,-0.20999999999999996
122,14,0.95,BAR_CLOSE_BOUNDARY,,False,0.36,0.36,0.0
123,14,0.95,BAR_CLOSE_BOUNDARY,6.0,True,-0.7,-1.08,-0.3800000000000001
124,14,0.95,BAR_CLOSE_BOUNDARY,4.0,True,-1.59,-1.14,0.4500000000000002
125,14,0.95,BAR_CLOSE_BOUNDARY,18.0,True,-0.86,-1.11,-0.2500000000000001
126,14,0.95,BAR_CLOSE_BOUNDARY,5.0,True,-0.92,-1.02,-0.09999999999999998
127,14,0.95,BAR_CLOSE_BOUNDARY,,False,1.08,1.08,0.0
128,14,0.95,BAR_CLOSE_BOUNDARY,2.0,True,-0.26,-0.75,-0.49
129,14,0.95,BAR_CLOSE_BOUNDARY,8.0,True,0.34,-0.86,-1.2
130,14,0.95,BAR_CLOSE_BOUNDARY,3.0,True,1.49,-1.01,-2.5
131,14,0.95,BAR_CLOSE_BOUNDARY,,False,1.72,1.72,0.0
132,14,0.95,BAR_CLOSE_BOUNDARY,4.0,True,-0.28,-0.89,-0.61
133,14,0.95,BAR_CLOSE_BOUNDARY,4.0,True,-1.67,-1.14,0.53
134,14,0.95,BAR_CLOSE_BOUNDARY,5.0,True,-0.63,-1.13,-0.4999999999999999
135,15,0.95,BAR_CLOSE_BOUNDARY,5.0,True,-0.66,-0.82,-0.15999999999999992
136,15,0.95,BAR_CLOSE_BOUNDARY,7.0,True,-1.7,-1.16,0.54
137,15,0.95,BAR_CLOSE_BOUNDARY,5.0,True,-1.17,-0.66,0.5099999999999999
138,16,0.95,BAR_CLOSE_BOUNDARY,7.0,True,1.92,-0.69,-2.61
139,16,0.95,BAR_CLOSE_BOUNDARY,,False,-0.77,-0.77,0.0
140,18,0.95,BAR_CLOSE_BOUNDARY,10.0,True,-2.22,-1.0,1.2200000000000002
141,18,0.95,BAR_CLOSE_BOUNDARY,3.0,True,0.02,-0.33,-0.35000000000000003
142,18,0.95,BAR_CLOSE_BOUNDARY,13.0,True,-1.71,-1.31,0.3999999999999999
143,18,0.95,BAR_CLOSE_BOUNDARY,,False,-0.72,-0.72,0.0
144,18,0.95,BAR_CLOSE_BOUNDARY,,False,-0.79,-0.79,0.0
145,18,0.95,BAR_CLOSE_BOUNDARY,3.0,True,-0.57,-0.59,-0.020000000000000018
146,18,0.95,BAR_CLOSE_BOUNDARY,1.0,True,0.36,-0.94,-1.2999999999999998
147,18,0.95,BAR_CLOSE_BOUNDARY,12.0,True,-0.21,-0.81,-0.6000000000000001
148,18,0.95,BAR_CLOSE_BOUNDARY,9.0,True,-0.85,-0.94,-0.08999999999999997
149,19,0.95,BAR_CLOSE_BOUNDARY,3.0,True,-3.62,-0.96,2.66
150,19,0.95,BAR_CLOSE_BOUNDARY,1.0,True,3.2,-0.35,-3.5500000000000003
151,20,0.95,BAR_CLOSE_BOUNDARY,4.0,True,-2.01,-0.98,1.0299999999999998
152,20,0.95,BAR_CLOSE_BOUNDARY,6.0,True,2.81,-0.76,-3.5700000000000003
153,20,0.95,BAR_CLOSE_BOUNDARY,7.0,True,-1.63,-0.72,0.9099999999999999
154,20,0.95,BAR_CLOSE_BOUNDARY,3.0,True,-0.83,-1.24,-0.41000000000000003
155,20,0.95,BAR_CLOSE_BOUNDARY,8.0,True,-0.47,-0.58,-0.10999999999999999
156,20,0.95,BAR_CLOSE_BOUNDARY,,False,2.48,2.48,0.0
157,20,0.95,BAR_CLOSE_BOUNDARY,7.0,True,-1.99,-0.88,1.1099999999999999
158,20,0.95,BAR_CLOSE_BOUNDARY,2.0,True,1.6,-0.92,-2.52
159,20,0.95,BAR_CLOSE_BOUNDARY,3.0,True,-1.01,-1.14,-0.1299999999999999
160,20,0.95,BAR_CLOSE_BOUNDARY,,False,-0.53,-0.53,0.0
161,20,0.95,BAR_CLOSE_BOUNDARY,3.0,True,-1.65,-0.79,0.8599999999999999
162,20,0.95,BAR_CLOSE_BOUNDARY,6.0,True,1.38,-0.91,-2.29
163,20,0.95,BAR_CLOSE_BOUNDARY,1.0,True,-2.13,-0.83,1.2999999999999998
164,20,0.95,BAR_CLOSE_BOUNDARY,3.0,True,0.85,-1.16,-2.01
165,20,0.95,BAR_CLOSE_BOUNDARY,3.0,True,-1.62,-0.87,0.7500000000000001
166,20,0.95,BAR_CLOSE_BOUNDARY,9.0,True,0.82,-0.99,-1.81
167,20,0.95,BAR_CLOSE_BOUNDARY,5.0,True,0.66,-0.77,-1.4300000000000002
168,20,0.95,BAR_CLOSE_BOUNDARY,17.0,True,-4.76,-8.74,-3.9800000000000004
169,20,0.95,BAR_CLOSE_BOUNDARY,9.0,True,-0.64,-1.41,-0.7699999999999999
170,20,0.95,BAR_CLOSE_BOUNDARY,1.0,True,-0.33,-0.63,-0.3
171,20,0.95,BAR_CLOSE_BOUNDARY,15.0,True,-0.46,-1.05,-0.5900000000000001
172,20,0.95,BAR_CLOSE_BOUNDARY,3.0,True,-1.05,-0.52,0.53
173,20,0.95,BAR_CLOSE_BOUNDARY,10.0,True,-2.57,-0.42,2.15
174,20,0.95,BAR_CLOSE_BOUNDARY,2.0,True,0.34,-0.73,-1.07
175,20,0.95,BAR_CLOSE_BOUNDARY,2.0,True,-1.25,-0.94,0.31000000000000005
176,20,0.95,BAR_CLOSE_BOUNDARY,6.0,True,-2.55,-0.8,1.7499999999999998
177,20,0.95,BAR_CLOSE_BOUNDARY,5.0,True,-3.23,-0.89,2.34
178,20,0.95,BAR_CLOSE_BOUNDARY,2.0,True,-0.42,-0.99,-0.5700000000000001
179,20,0.95,BAR_CLOSE_BOUNDARY,,False,0.87,0.87,0.0
180,20,0.95,BAR_CLOSE_BOUNDARY,8.0,True,-1.73,-1.04,0.69
181,20,0.95,BAR_CLOSE_BOUNDARY,6.0,True,-2.14,-0.96,1.1800000000000002
182,20,0.95,BAR_CLOSE_BOUNDARY,5.0,True,-1.83,-0.89,0.9400000000000001
183,20,0.95,BAR_CLOSE_BOUNDARY,6.0,True,-1.25,-0.94,0.31000000000000005
184,21,0.95,BAR_CLOSE_BOUNDARY,1.0,True,3.94,-0.21,-4.15
185,22,0.95,BAR_CLOSE_BOUNDARY,3.0,True,-2.77,-1.31,1.46
186,22,0.95,BAR_CLOSE_BOUNDARY,5.0,True,-1.24,-0.96,0.28
187,22,0.95,BAR_CLOSE_BOUNDARY,2.0,True,-1.29,-0.65,0.64
188,22,0.95,BAR_CLOSE_BOUNDARY,6.0,True,0.39,-1.37,-1.7600000000000002
189,22,0.95,BAR_CLOSE_BOUNDARY,2.0,True,-0.96,-0.43,0.53
190,22,0.95,BAR_CLOSE_BOUNDARY,4.0,True,-0.85,-0.91,-0.06000000000000005
191,22,0.95,BAR_CLOSE_BOUNDARY,14.0,True,-2.0,-1.09,0.9099999999999999
192,22,0.95,BAR_CLOSE_BOUNDARY,4.0,True,-1.49,-0.67,0.82
193,22,0.95,BAR_CLOSE_BOUNDARY,2.0,True,-1.14,-0.94,0.19999999999999996
194,22,0.95,BAR_CLOSE_BOUNDARY,7.0,True,-0.05,-0.88,-0.83
