mae_boundary_R,time_bucket,start_bar,end_bar,trades,finished_positive,finished_negative,failure_pct,survival_pct,mean_final_R,total_final_R,recovery_0R_pct,recovery_0_25R_pct,recovery_0_50R_pct,recovery_0_75R_pct,recovery_1R_pct,mean_crossing_bar
0.7,BAR_1_2,1,2,61,15,46,0.7540983606557377,0.2459016393442623,-0.688688524590164,-42.010000000000005,0.639344262295082,0.4098360655737705,0.29508196721311475,0.22950819672131148,0.18032786885245902,1.6065573770491803
0.7,BAR_3_4,3,4,66,14,52,0.7878787878787878,0.21212121212121213,-0.7466666666666668,-49.28000000000001,0.6060606060606061,0.3484848484848485,0.2878787878787879,0.19696969696969696,0.15151515151515152,3.4393939393939394
0.7,BAR_5_6,5,6,41,10,31,0.7560975609756098,0.24390243902439024,-0.8017073170731707,-32.87,0.4146341463414634,0.2682926829268293,0.21951219512195122,0.14634146341463414,0.12195121951219512,5.365853658536586
0.7,BAR_7_10,7,10,27,8,19,0.7037037037037037,0.2962962962962963,-0.3325925925925926,-8.98,0.6666666666666666,0.4444444444444444,0.2962962962962963,0.2222222222222222,0.18518518518518517,7.296296296296297
0.75,BAR_1_2,1,2,52,14,38,0.7307692307692307,0.2692307692307692,-0.5917307692307692,-30.77,0.6153846153846154,0.4230769230769231,0.3269230769230769,0.2692307692307692,0.21153846153846154,1.6346153846153846
0.75,BAR_3_4,3,4,67,14,53,0.7910447761194029,0.208955223880597,-0.8091044776119403,-54.21,0.6268656716417911,0.3582089552238806,0.26865671641791045,0.1791044776119403,0.13432835820895522,3.462686567164179
0.75,BAR_5_6,5,6,41,11,30,0.7317073170731707,0.2682926829268293,-0.7724390243902439,-31.67,0.4146341463414634,0.2926829268292683,0.2682926829268293,0.17073170731707318,0.14634146341463414,5.463414634146342
0.75,BAR_7_10,7,10,35,8,27,0.7714285714285715,0.22857142857142856,-0.4711428571428572,-16.490000000000002,0.6,0.37142857142857144,0.22857142857142856,0.17142857142857143,0.14285714285714285,7.371428571428571
0.8,BAR_1_2,1,2,43,11,32,0.7441860465116279,0.2558139534883721,-0.6537209302325582,-28.110000000000003,0.6046511627906976,0.46511627906976744,0.3488372093023256,0.3023255813953488,0.23255813953488372,1.6511627906976745
0.8,BAR_3_4,3,4,57,11,46,0.8070175438596491,0.19298245614035087,-0.9573684210526315,-54.57,0.5263157894736842,0.2631578947368421,0.21052631578947367,0.12280701754385964,0.10526315789473684,3.491228070175439
0.8,BAR_5_6,5,6,40,9,31,0.775,0.225,-0.8719999999999999,-34.879999999999995,0.425,0.3,0.225,0.15,0.125,5.475
0.8,BAR_7_10,7,10,38,8,30,0.7894736842105263,0.21052631578947367,-0.39236842105263164,-14.910000000000002,0.5789473684210527,0.34210526315789475,0.23684210526315788,0.15789473684210525,0.13157894736842105,7.7105263157894735
0.8,BAR_11_20,11,20,8,1,7,0.875,0.125,-0.8175,-6.54,0.25,0.125,0.0,0.0,0.0,14.125
0.85,BAR_1_2,1,2,37,10,27,0.7297297297297297,0.2702702702702703,-0.6197297297297298,-22.930000000000003,0.6486486486486487,0.5135135135135135,0.3783783783783784,0.32432432432432434,0.24324324324324326,1.7297297297297298
0.85,BAR_3_4,3,4,46,7,39,0.8478260869565217,0.15217391304347827,-1.1165217391304347,-51.36,0.43478260869565216,0.21739130434782608,0.15217391304347827,0.10869565217391304,0.10869565217391304,3.4347826086956523
0.85,BAR_5_6,5,6,40,12,28,0.7,0.3,-0.7344999999999999,-29.379999999999995,0.4,0.3,0.25,0.175,0.15,5.45
0.85,BAR_7_10,7,10,35,6,29,0.8285714285714286,0.17142857142857143,-0.6468571428571428,-22.639999999999997,0.45714285714285713,0.22857142857142856,0.14285714285714285,0.08571428571428572,0.08571428571428572,8.028571428571428
0.85,BAR_11_20,11,20,17,1,16,0.9411764705882353,0.058823529411764705,-0.8852941176470589,-15.05,0.17647058823529413,0.0,0.0,0.0,0.0,15.0
0.9,BAR_1_2,1,2,32,9,23,0.71875,0.28125,-0.658125,-21.06,0.625,0.5,0.375,0.34375,0.25,1.75
0.9,BAR_3_4,3,4,43,6,37,0.8604651162790697,0.13953488372093023,-1.1025581395348838,-47.410000000000004,0.46511627906976744,0.23255813953488372,0.13953488372093023,0.09302325581395349,0.09302325581395349,3.5348837209302326
0.9,BAR_5_6,5,6,35,10,25,0.7142857142857143,0.2857142857142857,-0.7477142857142858,-26.17,0.37142857142857144,0.2857142857142857,0.22857142857142856,0.2,0.17142857142857143,5.485714285714286
0.9,BAR_7_10,7,10,37,5,32,0.8648648648648649,0.13513513513513514,-0.7862162162162162,-29.09,0.3783783783783784,0.1891891891891892,0.10810810810810811,0.08108108108108109,0.08108108108108109,8.08108108108108
0.9,BAR_11_20,11,20,19,1,18,0.9473684210526315,0.05263157894736842,-0.9721052631578949,-18.470000000000002,0.10526315789473684,0.0,0.0,0.0,0.0,14.894736842105264
0.95,BAR_1_2,1,2,26,7,19,0.7307692307692307,0.2692307692307692,-0.6757692307692308,-17.57,0.5769230769230769,0.4230769230769231,0.3076923076923077,0.2692307692307692,0.19230769230769232,1.6923076923076923
0.95,BAR_3_4,3,4,38,7,31,0.8157894736842105,0.18421052631578946,-1.0239473684210527,-38.910000000000004,0.42105263157894735,0.2631578947368421,0.18421052631578946,0.15789473684210525,0.13157894736842105,3.5
0.95,BAR_5_6,5,6,34,7,27,0.7941176470588235,0.20588235294117646,-0.9155882352941176,-31.13,0.35294117647058826,0.20588235294117646,0.14705882352941177,0.11764705882352941,0.11764705882352941,5.470588235294118
0.95,BAR_7_10,7,10,36,5,31,0.8611111111111112,0.1388888888888889,-0.8955555555555554,-32.239999999999995,0.3611111111111111,0.19444444444444445,0.1111111111111111,0.08333333333333333,0.05555555555555555,8.25
0.95,BAR_11_20,11,20,23,1,22,0.9565217391304348,0.043478260869565216,-1.075217391304348,-24.730000000000004,0.13043478260869565,0.0,0.0,0.0,0.0,14.782608695652174
1.0,BAR_1_2,1,2,17,4,13,0.7647058823529411,0.23529411764705882,-1.0823529411764705,-18.4,0.5294117647058824,0.4117647058823529,0.23529411764705882,0.17647058823529413,0.11764705882352941,1.7647058823529411
1.0,BAR_3_4,3,4,37,6,31,0.8378378378378378,0.16216216216216217,-1.0983783783783783,-40.63999999999999,0.40540540540540543,0.24324324324324326,0.16216216216216217,0.13513513513513514,0.10810810810810811,3.5405405405405403
1.0,BAR_5_6,5,6,29,3,26,0.896551724137931,0.10344827586206896,-1.2113793103448276,-35.13,0.2413793103448276,0.13793103448275862,0.06896551724137931,0.06896551724137931,0.06896551724137931,5.482758620689655
1.0,BAR_7_10,7,10,36,7,29,0.8055555555555556,0.19444444444444445,-0.7222222222222222,-26.0,0.3888888888888889,0.25,0.16666666666666666,0.1388888888888889,0.1111111111111111,8.305555555555555
1.0,BAR_11_20,11,20,28,1,27,0.9642857142857143,0.03571428571428571,-1.1039285714285716,-30.910000000000004,0.10714285714285714,0.0,0.0,0.0,0.0,14.857142857142858
