mae_threshold,recovery_level,deadline,development_trades,development_mae_triggered,development_recovered,development_failed,development_no_mae,development_recovery_rate,development_recovered_win_rate,development_failed_win_rate,development_win_rate_separation,development_recovered_mean_R,development_failed_mean_R,development_mean_R_separation,development_recovered_total_R,development_failed_total_R,development_recovered_PF,development_failed_PF,_selection_score
0.9,0.1,5,95,74,8,66,21,0.10810810810810811,0.75,0.06060606060606061,0.6893939393939394,0.41374999999999995,-1.1266666666666665,1.5404166666666663,3.3099999999999996,-74.35999999999999,2.0474683544303796,0.016271993649953704,1.4596022727272726
0.9,0.2,5,95,74,8,66,21,0.10810810810810811,0.75,0.06060606060606061,0.6893939393939394,0.41374999999999995,-1.1266666666666665,1.5404166666666663,3.3099999999999996,-74.35999999999999,2.0474683544303796,0.016271993649953704,1.4596022727272726
0.9,0.0,8,95,74,14,60,21,0.1891891891891892,0.7142857142857143,0.0,0.7142857142857143,0.18357142857142852,-1.2269999999999999,1.4105714285714284,2.5699999999999994,-73.61999999999999,1.5009746588693957,0.0,1.4195714285714285
0.85,0.2,5,95,79,9,70,16,0.11392405063291139,0.7777777777777778,0.08571428571428572,0.692063492063492,0.3911111111111112,-1.0598571428571426,1.4509682539682538,3.5200000000000005,-74.18999999999998,2.113924050632911,0.03082952318745918,1.4175476190476188
0.85,-0.1,5,95,79,14,65,16,0.17721518987341772,0.7142857142857143,0.046153846153846156,0.6681318681318682,0.33428571428571424,-1.159230769230769,1.4935164835164834,4.68,-75.35,2.3887240356083086,0.012968299711815564,1.4148901098901099
0.85,0.0,12,95,79,19,60,16,0.24050632911392406,0.6842105263157895,0.0,0.6842105263157895,0.18421052631578946,-1.2361666666666666,1.420377192982456,3.5,-74.17,1.631768953068592,0.0,1.3943991228070174
0.85,0.1,12,95,79,19,60,16,0.24050632911392406,0.6842105263157895,0.0,0.6842105263157895,0.18421052631578946,-1.2361666666666666,1.420377192982456,3.5,-74.17,1.631768953068592,0.0,1.3943991228070174
0.9,0.1,8,95,74,13,61,21,0.17567567567567569,0.6923076923076923,0.01639344262295082,0.6759142496847415,0.18999999999999997,-1.205245901639344,1.395245901639344,2.4699999999999998,-73.51999999999998,1.4814814814814814,0.001358326541700625,1.3735372005044133
0.9,0.0,10,95,74,15,59,21,0.20270270270270271,0.6666666666666666,0.0,0.6666666666666666,0.158,-1.2444067796610168,1.4024067796610167,2.37,-73.41999999999999,1.4446529080675423,0.0,1.3678700564971749
0.9,0.0,12,95,74,15,59,21,0.20270270270270271,0.6666666666666666,0.0,0.6666666666666666,0.158,-1.2444067796610168,1.4024067796610167,2.37,-73.41999999999999,1.4446529080675423,0.0,1.3678700564971749
0.9,0.1,10,95,74,15,59,21,0.20270270270270271,0.6666666666666666,0.0,0.6666666666666666,0.158,-1.2444067796610168,1.4024067796610167,2.37,-73.41999999999999,1.4446529080675423,0.0,1.3678700564971749
0.9,0.1,12,95,74,15,59,21,0.20270270270270271,0.6666666666666666,0.0,0.6666666666666666,0.158,-1.2444067796610168,1.4024067796610167,2.37,-73.41999999999999,1.4446529080675423,0.0,1.3678700564971749
0.9,0.0,5,95,74,9,65,21,0.12162162162162163,0.6666666666666666,0.06153846153846154,0.6051282051282051,0.36777777777777776,-1.1439999999999997,1.5117777777777774,3.3099999999999996,-74.35999999999999,2.0474683544303796,0.016271993649953704,1.3610170940170938
0.85,-0.1,8,95,79,20,59,16,0.25316455696202533,0.65,0.0,0.65,0.16150000000000003,-1.2525423728813558,1.4140423728813558,3.2300000000000004,-73.89999999999999,1.5559380378657484,0.0,1.357021186440678
0.9,0.3,5,95,74,6,68,21,0.08108108108108109,0.6666666666666666,0.08823529411764706,0.5784313725490196,0.4533333333333333,-1.0848529411764705,1.5381862745098038,2.7199999999999998,-73.77,1.8607594936708858,0.02407725889667946,1.3475245098039215
0.85,0.4,12,95,79,12,67,16,0.1518987341772152,0.6666666666666666,0.07462686567164178,0.5920398009950248,0.38666666666666666,-1.1240298507462687,1.5106965174129354,4.64,-75.31,2.3809523809523805,0.013621480026195155,1.3473880597014927
0.85,0.0,10,95,79,18,61,16,0.22784810126582278,0.6666666666666666,0.01639344262295082,0.6502732240437158,0.1638888888888889,-1.2068852459016393,1.3707741347905282,2.95,-73.61999999999999,1.532490974729242,0.0074153970608062565,1.33566029143898
0.85,0.1,10,95,79,18,61,16,0.22784810126582278,0.6666666666666666,0.01639344262295082,0.6502732240437158,0.1638888888888889,-1.2068852459016393,1.3707741347905282,2.95,-73.61999999999999,1.532490974729242,0.0074153970608062565,1.33566029143898
0.85,-0.2,5,95,79,15,64,16,0.189873417721519,0.6666666666666666,0.046875,0.6197916666666666,0.26333333333333336,-1.1659375,1.4292708333333335,3.95,-74.62,1.9634146341463414,0.013093506149980163,1.3344270833333334
0.85,0.0,8,95,79,16,63,16,0.20253164556962025,0.6875,0.031746031746031744,0.6557539682539683,0.18187499999999998,-1.1679365079365078,1.3498115079365078,2.9099999999999997,-73.58,1.5449438202247192,0.010622562861368834,1.3306597222222223
0.85,0.3,5,95,79,7,72,16,0.08860759493670886,0.7142857142857143,0.1111111111111111,0.6031746031746033,0.41857142857142854,-1.0222222222222221,1.4407936507936507,2.9299999999999997,-73.6,1.9272151898734176,0.038536903984323974,1.3235714285714286
0.85,0.1,5,95,79,10,69,16,0.12658227848101267,0.7,0.08695652173913043,0.6130434782608696,0.33099999999999996,-1.0721739130434782,1.4031739130434782,3.3099999999999996,-73.97999999999999,1.9821958456973292,0.030914330626146198,1.3146304347826088
0.85,0.0,5,95,79,12,67,16,0.1518987341772152,0.6666666666666666,0.07462686567164178,0.5920398009950248,0.32416666666666666,-1.1128358208955222,1.437002487562189,3.8899999999999997,-74.55999999999999,2.1543026706231454,0.023316740895991624,1.3105410447761194
0.85,-0.2,8,95,79,21,58,16,0.26582278481012656,0.6190476190476191,0.0,0.6190476190476191,0.11904761904761904,-1.2615517241379308,1.3805993431855499,2.5,-73.16999999999999,1.3822629969418958,0.0,1.309347290640394
0.85,0.2,12,95,79,17,62,16,0.21518987341772153,0.6470588235294118,0.03225806451612903,0.6148007590132828,0.19352941176470595,-1.1929032258064516,1.3864326375711575,3.290000000000001,-73.96,1.5938628158844765,0.0028313334232169343,1.3080170777988616
0.85,0.1,8,95,79,15,64,16,0.189873417721519,0.6666666666666666,0.046875,0.6197916666666666,0.1873333333333333,-1.148125,1.3354583333333334,2.8099999999999996,-73.48,1.5262172284644195,0.011967191071668685,1.2875208333333332
0.85,0.4,10,95,79,11,68,16,0.13924050632911392,0.6363636363636364,0.08823529411764706,0.5481283422459893,0.3718181818181818,-1.0994117647058823,1.4712299465240641,4.09,-74.75999999999999,2.217261904761904,0.020825147347740672,1.2837433155080213
0.9,-0.1,8,95,74,17,57,21,0.22972972972972974,0.5882352941176471,0.0,0.5882352941176471,0.08764705882352938,-1.2726315789473686,1.360278637770898,1.4899999999999995,-72.54,1.2399355877616747,0.0,1.268374613003096
0.9,0.2,8,95,74,11,63,21,0.14864864864864866,0.6363636363636364,0.047619047619047616,0.5887445887445888,0.19272727272727275,-1.1614285714285713,1.354155844155844,2.12,-73.16999999999999,1.4132553606237817,0.006112469437652812,1.2658225108225107
0.9,0.2,12,95,74,13,61,21,0.17567567567567569,0.6153846153846154,0.03278688524590164,0.5825977301387137,0.16615384615384615,-1.2001639344262292,1.3663177805800752,2.16,-73.20999999999998,1.405253283302064,0.0028602560610187966,1.2657566204287514
0.85,0.4,8,95,79,9,70,16,0.11392405063291139,0.6666666666666666,0.1,0.5666666666666667,0.3377777777777778,-1.053,1.3907777777777777,3.04,-73.71,1.962025316455696,0.037099934683213584,1.2620555555555555
0.85,-0.1,10,95,79,23,56,16,0.2911392405063291,0.5652173913043478,0.0,0.5652173913043478,0.07565217391304344,-1.2930357142857143,1.3686878881987576,1.739999999999999,-72.41,1.2383561643835617,0.0,1.2495613354037265
0.85,-0.1,12,95,79,23,56,16,0.2911392405063291,0.5652173913043478,0.0,0.5652173913043478,0.07565217391304344,-1.2930357142857143,1.3686878881987576,1.739999999999999,-72.41,1.2383561643835617,0.0,1.2495613354037265
0.85,0.2,8,95,79,14,65,16,0.17721518987341772,0.6428571428571429,0.06153846153846154,0.5813186813186814,0.19285714285714287,-1.1287692307692307,1.3216263736263736,2.7,-73.37,1.5056179775280898,0.013446282102998523,1.2421318681318683
0.9,-0.2,5,95,74,13,61,21,0.17567567567567569,0.6153846153846154,0.03278688524590164,0.5825977301387137,0.12538461538461537,-1.1914754098360651,1.3168600252206806,1.6299999999999997,-72.67999999999998,1.2781569965870307,0.002881053642474963,1.2410277427490541
0.9,-0.1,5,95,74,11,63,21,0.14864864864864866,0.6363636363636364,0.047619047619047616,0.5887445887445888,0.14363636363636367,-1.1528571428571426,1.2964935064935061,1.5800000000000003,-72.62999999999998,1.3079922027290447,0.013447432762836187,1.2369913419913419
0.9,0.4,10,95,74,9,65,21,0.12162162162162163,0.5555555555555556,0.07692307692307693,0.47863247863247865,0.36666666666666664,-1.1438461538461537,1.5105128205128204,3.3,-74.35,1.9821428571428568,0.013794933014988726,1.2338888888888888
0.9,0.4,12,95,74,9,65,21,0.12162162162162163,0.5555555555555556,0.07692307692307693,0.47863247863247865,0.36666666666666664,-1.1438461538461537,1.5105128205128204,3.3,-74.35,1.9821428571428568,0.013794933014988726,1.2338888888888888
0.9,-0.2,8,95,74,18,56,21,0.24324324324324326,0.5555555555555556,0.0,0.5555555555555556,0.04222222222222223,-1.2823214285714286,1.3245436507936508,0.7600000000000001,-71.81,1.1095100864553313,0.0,1.217827380952381
0.9,0.2,10,95,74,12,62,21,0.16216216216216217,0.5833333333333334,0.04838709677419355,0.5349462365591399,0.16,-1.1769354838709676,1.3369354838709675,1.92,-72.96999999999998,1.3602251407129455,0.0061291201307545635,1.2034139784946236
0.85,0.3,12,95,79,13,66,16,0.16455696202531644,0.6153846153846154,0.07575757575757576,0.5396270396270396,0.2053846153846154,-1.111212121212121,1.3165967365967366,2.67,-73.33999999999999,1.5009380863039399,0.01398225329389621,1.1979254079254078
0.85,-0.2,10,95,79,25,54,16,0.31645569620253167,0.52,0.0,0.52,0.029600000000000008,-1.3224074074074073,1.3520074074074073,0.7400000000000002,-71.41,1.0891566265060242,0.0,1.1960037037037037
0.85,-0.2,12,95,79,25,54,16,0.31645569620253167,0.52,0.0,0.52,0.029600000000000008,-1.3224074074074073,1.3520074074074073,0.7400000000000002,-71.41,1.0891566265060242,0.0,1.1960037037037037
0.9,-0.1,10,95,74,19,55,21,0.25675675675675674,0.5263157894736842,0.0,0.5263157894736842,0.03210526315789469,-1.3029090909090906,1.3350143540669852,0.6099999999999992,-71.65999999999998,1.0860366713681242,0.0,1.193822966507177
0.9,-0.1,12,95,74,19,55,21,0.25675675675675674,0.5263157894736842,0.0,0.5263157894736842,0.03210526315789469,-1.3029090909090906,1.3350143540669852,0.6099999999999992,-71.65999999999998,1.0860366713681242,0.0,1.193822966507177
0.85,0.2,10,95,79,15,64,16,0.189873417721519,0.6,0.0625,0.5375,0.16666666666666666,-1.14328125,1.3099479166666668,2.5,-73.17,1.451263537906137,0.013482540110556829,1.1924739583333333
0.85,0.3,8,95,79,11,68,16,0.13924050632911392,0.6363636363636364,0.08823529411764706,0.5481283422459893,0.2109090909090909,-1.0733823529411766,1.2842914438502675,2.32,-72.99000000000001,1.4522417153996101,0.02131938857602575,1.1902740641711231
0.9,0.4,8,95,74,7,67,21,0.0945945945945946,0.5714285714285714,0.08955223880597014,0.48187633262260127,0.32142857142857134,-1.0940298507462685,1.4154584221748399,2.2499999999999996,-73.29999999999998,1.712025316455696,0.030295012567799977,1.1896055437100213
0.85,0.4,5,95,79,6,73,16,0.0759493670886076,0.6666666666666666,0.1232876712328767,0.54337899543379,0.27999999999999997,-0.9910958904109588,1.2710958904109588,1.6799999999999997,-72.35,1.5316455696202531,0.05486610058785108,1.1789269406392693
0.9,0.4,5,95,74,5,69,21,0.06756756756756757,0.6,0.10144927536231885,0.49855072463768113,0.29399999999999993,-1.051014492753623,1.3450144927536227,1.4699999999999998,-72.51999999999998,1.4651898734177213,0.040613837809234034,1.1710579710144926
0.8,0.4,12,95,89,19,70,6,0.21348314606741572,0.5789473684210527,0.07142857142857142,0.5075187969924813,0.24894736842105267,-1.059,1.3079473684210525,4.73,-74.13,1.6306666666666665,0.01383530663828655,1.1614924812030076
0.7,0.4,12,95,95,23,72,0,0.24210526315789474,0.6086956521739131,0.08333333333333333,0.5253623188405797,0.2534782608695652,-1.0183333333333335,1.2718115942028987,5.829999999999999,-73.32000000000001,1.693222354340071,0.015310233682514102,1.161268115942029
0.75,0.4,12,95,95,23,72,0,0.24210526315789474,0.6086956521739131,0.08333333333333333,0.5253623188405797,0.2534782608695652,-1.0183333333333335,1.2718115942028987,5.829999999999999,-73.32000000000001,1.693222354340071,0.015310233682514102,1.161268115942029
0.7,0.4,10,95,95,21,74,0,0.22105263157894736,0.6190476190476191,0.0945945945945946,0.5244530244530244,0.26809523809523805,-0.988108108108108,1.2562033462033462,5.629999999999999,-73.11999999999999,1.6985111662531016,0.022590562758989446,1.1525546975546974
0.6,0.4,12,95,95,21,74,0,0.22105263157894736,0.6190476190476191,0.0945945945945946,0.5244530244530244,0.2609523809523809,-0.9860810810810808,1.2470334620334618,5.479999999999999,-72.96999999999998,1.6674786845310599,0.02263594963836057,1.1479697554697554
0.9,-0.2,10,95,74,21,53,21,0.28378378378378377,0.47619047619047616,0.0,0.47619047619047616,-0.01857142857142859,-1.3332075471698113,1.3146361185983826,-0.39000000000000035,-70.66,0.9517923362175525,0.0,1.1335085354896675
0.7,0.1,12,95,95,34,61,0,0.35789473684210527,0.5588235294117647,0.01639344262295082,0.5424300867888139,0.04323529411764703,-1.1304918032786881,1.1737270973963352,1.469999999999999,-68.95999999999998,1.1064446053584358,0.0014480162177816394,1.1292936354869814
0.75,0.1,12,95,95,34,61,0,0.35789473684210527,0.5588235294117647,0.01639344262295082,0.5424300867888139,0.04323529411764703,-1.1304918032786881,1.1737270973963352,1.469999999999999,-68.95999999999998,1.1064446053584358,0.0014480162177816394,1.1292936354869814
0.85,0.3,10,95,79,12,67,16,0.1518987341772152,0.5833333333333334,0.08955223880597014,0.49378109452736324,0.17666666666666664,-1.0864179104477611,1.263084577114428,2.1199999999999997,-72.78999999999999,1.397748592870544,0.02137671417047594,1.1253233830845772
0.9,0.3,8,95,74,9,65,21,0.12162162162162163,0.5555555555555556,0.07692307692307693,0.47863247863247865,0.16999999999999998,-1.1166153846153843,1.2866153846153843,1.5299999999999998,-72.57999999999998,1.2982456140350875,0.0141265960336865,1.1219401709401708
0.75,0.4,8,95,95,19,76,0,0.2,0.631578947368421,0.10526315789473684,0.5263157894736842,0.24105263157894738,-0.9482894736842105,1.1893421052631579,4.58,-72.07,1.5826972010178115,0.03919477403012931,1.1209868421052631
0.6,0.4,10,95,95,19,76,0,0.2,0.631578947368421,0.10526315789473684,0.5263157894736842,0.23210526315789473,-0.9460526315789473,1.178157894736842,4.41,-71.89999999999999,1.5610687022900762,0.04146113851486469,1.1153947368421053
0.75,0.4,10,95,95,22,73,0,0.23157894736842105,0.5909090909090909,0.0958904109589041,0.49501867995018684,0.23999999999999988,-0.996849315068493,1.236849315068493,5.279999999999998,-72.76999999999998,1.6278240190249702,0.022696749932849855,1.1134433374844332
0.9,-0.2,12,95,74,22,52,21,0.2972972972972973,0.45454545454545453,0.0,0.45454545454545453,-0.040909090909090916,-1.3490384615384614,1.3081293706293704,-0.9000000000000001,-70.14999999999999,0.8953488372093024,0.0,1.1086101398601398
0.8,0.4,10,95,89,18,71,6,0.20224719101123595,0.5555555555555556,0.08450704225352113,0.47104851330203446,0.23222222222222222,-1.036338028169014,1.268560250391236,4.18,-73.58,1.5573333333333332,0.021152055341226557,1.1053286384976526
0.85,-0.3,8,95,79,27,52,16,0.34177215189873417,0.48148148148148145,0.0,0.48148148148148145,-0.0737037037037037,-1.320769230769231,1.2470655270655273,-1.99,-68.68,0.8195829555757026,0.0,1.105014245014245
0.75,0.0,12,95,95,37,58,0,0.3894736842105263,0.5405405405405406,0.0,0.5405405405405406,-0.02351351351351351,-1.1486206896551725,1.125107176141659,-0.8699999999999999,-66.62,0.9464615384615384,0.0,1.10309412861137
0.6,0.1,10,95,95,29,66,0,0.30526315789473685,0.5862068965517241,0.045454545454545456,0.5407523510971787,0.06448275862068965,-1.0509090909090908,1.1153918495297805,1.8699999999999999,-69.36,1.146551724137931,0.01069747539580659,1.098448275862069
0.85,-0.2,3,95,79,12,67,16,0.1518987341772152,0.5833333333333334,0.08955223880597014,0.49378109452736324,0.12416666666666666,-1.0770149253731343,1.201181592039801,1.49,-72.16,1.3634146341463413,0.04562888506811269,1.0943718905472637
0.85,0.0,3,95,79,6,73,16,0.0759493670886076,0.6666666666666666,0.1232876712328767,0.54337899543379,0.12166666666666663,-0.9780821917808218,1.0997488584474884,0.7299999999999998,-71.39999999999999,1.231012658227848,0.06727629000653168,1.0932534246575343
0.7,0.0,12,95,95,38,57,0,0.4,0.5263157894736842,0.0,0.5263157894736842,-0.033157894736842136,-1.1619298245614034,1.1287719298245613,-1.2600000000000011,-66.22999999999999,0.924278846153846,0.0,1.090701754385965
0.8,0.1,12,95,89,29,60,6,0.3258426966292135,0.5172413793103449,0.016666666666666666,0.5005747126436781,0.009310344827586208,-1.1611666666666667,1.1704770114942529,0.27,-69.67,1.0209302325581393,0.0014332807797047447,1.0858132183908045
0.9,-0.2,3,95,74,9,65,21,0.12162162162162163,0.5555555555555556,0.07692307692307693,0.47863247863247865,0.1011111111111111,-1.1070769230769233,1.2081880341880344,0.9099999999999999,-71.96000000000001,1.2339331619537275,0.038738979428266096,1.082726495726496
0.75,0.3,5,95,95,14,81,0,0.14736842105263157,0.6428571428571429,0.13580246913580246,0.5070546737213404,0.25857142857142856,-0.877901234567901,1.1364726631393296,3.6199999999999997,-71.10999999999999,1.5208633093525177,0.06335616438356165,1.0752910052910052
0.8,0.3,5,95,89,12,77,6,0.1348314606741573,0.5833333333333334,0.11688311688311688,0.4664502164502165,0.27249999999999996,-0.9437662337662336,1.2162662337662336,3.2699999999999996,-72.66999999999999,1.470503597122302,0.040279978869519284,1.0745833333333332
0.7,0.2,3,95,95,8,87,0,0.08421052631578947,0.625,0.1724137931034483,0.4525862068965517,0.41875,-0.8142528735632184,1.2330028735632184,3.35,-70.84,2.0339506172839505,0.11038553309054376,1.069087643678161
0.75,0.2,3,95,95,8,87,0,0.08421052631578947,0.625,0.1724137931034483,0.4525862068965517,0.41875,-0.8142528735632184,1.2330028735632184,3.35,-70.84,2.0339506172839505,0.11038553309054376,1.069087643678161
0.9,-0.3,5,95,74,16,58,21,0.21621621621621623,0.5,0.034482758620689655,0.46551724137931033,-0.018750000000000044,-1.2198275862068966,1.2010775862068965,-0.3000000000000007,-70.75,0.9614890885750963,0.002959413754227734,1.0660560344827585
0.7,0.4,8,95,95,18,77,0,0.18947368421052632,0.6111111111111112,0.11688311688311688,0.4942279942279943,0.21111111111111114,-0.9258441558441557,1.1369552669552667,3.8000000000000007,-71.28999999999999,1.4834605597964374,0.049593387548326893,1.0627056277056277
0.8,0.4,8,95,89,16,73,6,0.1797752808988764,0.5625,0.0958904109589041,0.4666095890410959,0.19562500000000005,-0.9935616438356163,1.1891866438356162,3.130000000000001,-72.52999999999999,1.4287671232876713,0.037680774844102434,1.061202910958904
0.8,0.0,12,95,89,32,57,6,0.3595505617977528,0.5,0.0,0.5,-0.06468749999999998,-1.1812280701754385,1.1165405701754385,-2.0699999999999994,-67.33,0.8650586701434159,0.0,1.0582702850877193
0.7,0.1,10,95,95,31,64,0,0.3263157894736842,0.5483870967741935,0.046875,0.5015120967741935,0.037741935483870954,-1.0728125,1.110554435483871,1.1699999999999995,-68.66,1.0869242199108469,0.010805359458291313,1.056789314516129
0.9,0.3,10,95,74,10,64,21,0.13513513513513514,0.5,0.078125,0.421875,0.133,-1.1309375,1.2639375,1.33,-72.38,1.24953095684803,0.01416507763552166,1.05384375
0.9,0.3,12,95,74,10,64,21,0.13513513513513514,0.5,0.078125,0.421875,0.133,-1.1309375,1.2639375,1.33,-72.38,1.24953095684803,0.01416507763552166,1.05384375
0.6,0.1,12,95,95,31,64,0,0.3263157894736842,0.5483870967741935,0.046875,0.5015120967741935,0.032903225806451615,-1.0704687499999999,1.1033719758064515,1.02,-68.50999999999999,1.0749448934606904,0.010828761189719897,1.0531980846774194
0.9,-0.3,8,95,74,23,51,21,0.3108108108108108,0.43478260869565216,0.0,0.43478260869565216,-0.10782608695652174,-1.3445098039215688,1.236683716965047,-2.48,-68.57000000000001,0.7563850687622791,0.0,1.0531244671781756
0.75,0.3,8,95,95,22,73,0,0.23157894736842105,0.5909090909090909,0.0958904109589041,0.49501867995018684,0.1454545454545454,-0.9683561643835616,1.113810709838107,3.199999999999999,-70.69,1.3050524308865585,0.02334899143409782,1.0519240348692402
0.85,-0.3,10,95,79,29,50,16,0.3670886075949367,0.4482758620689655,0.0,0.4482758620689655,-0.1310344827586207,-1.3373999999999997,1.206365517241379,-3.8000000000000003,-66.86999999999999,0.7040498442367602,0.0,1.051458620689655
0.7,0.2,12,95,95,32,63,0,0.3368421052631579,0.53125,0.047619047619047616,0.4836309523809524,0.03937499999999999,-1.0912698412698412,1.130644841269841,1.2599999999999998,-68.75,1.0912382331643737,0.004488850275123082,1.0489533730158729
0.75,0.2,12,95,95,32,63,0,0.3368421052631579,0.53125,0.047619047619047616,0.4836309523809524,0.03937499999999999,-1.0912698412698412,1.130644841269841,1.2599999999999998,-68.75,1.0912382331643737,0.004488850275123082,1.0489533730158729
0.7,0.3,12,95,95,25,70,0,0.2631578947368421,0.56,0.08571428571428572,0.4742857142857143,0.128,-1.0098571428571428,1.137857142857143,3.2,-70.69,1.2898550724637678,0.015870806069887233,1.0432142857142859
0.75,0.3,12,95,95,25,70,0,0.2631578947368421,0.56,0.08571428571428572,0.4742857142857143,0.128,-1.0098571428571428,1.137857142857143,3.2,-70.69,1.2898550724637678,0.015870806069887233,1.0432142857142859
0.8,0.2,12,95,89,28,61,6,0.3146067415730337,0.5,0.03278688524590164,0.4672131147540984,0.005714285714285715,-1.1403278688524587,1.1460421545667445,0.16000000000000003,-69.55999999999999,1.0124031007751937,0.003009889637379964,1.0402341920374707
0.75,0.1,10,95,95,32,63,0,0.3368421052631579,0.53125,0.047619047619047616,0.4836309523809524,0.02562500000000001,-1.084285714285714,1.109910714285714,0.8200000000000003,-68.30999999999999,1.059377262853005,0.010860121633362295,1.0385863095238095
0.8,-0.1,5,95,89,27,62,6,0.30337078651685395,0.5185185185185185,0.03225806451612903,0.4862604540023895,-0.010740740740740775,-1.1146774193548388,1.103936678614098,-0.2900000000000009,-69.11,0.9771112865035515,0.012714285714285714,1.0382287933094385
0.6,0.0,10,95,95,33,62,0,0.3473684210526316,0.5454545454545454,0.03225806451612903,0.5131964809384164,-0.026060606060606128,-1.074677419354839,1.0486168132942328,-0.8600000000000022,-66.63000000000001,0.9448364336112892,0.00966111771700357,1.0375048875855328
0.85,-0.3,12,95,79,30,49,16,0.379746835443038,0.43333333333333335,0.0,0.43333333333333335,-0.148,-1.3516326530612244,1.2036326530612245,-4.4399999999999995,-66.22999999999999,0.6706231454005934,0.0,1.0351496598639456
0.9,0.0,3,95,74,5,69,21,0.06756756756756757,0.6,0.10144927536231885,0.49855072463768113,0.02999999999999996,-1.0318840579710142,1.0618840579710143,0.1499999999999998,-71.19999999999999,1.0474683544303798,0.05807646514089167,1.0294927536231882
0.8,0.1,10,95,89,28,61,6,0.3146067415730337,0.5,0.03278688524590164,0.4672131147540984,-0.009999999999999997,-1.1331147540983606,1.1231147540983606,-0.2799999999999999,-69.11999999999999,0.9782945736434108,0.00931632506808084,1.0287704918032787
0.7,0.1,3,95,95,12,83,0,0.12631578947368421,0.5833333333333334,0.1566265060240964,0.426706827309237,0.3374999999999999,-0.8619277108433734,1.1994277108433733,4.049999999999999,-71.53999999999999,1.8419958419958418,0.08352549321035103,1.0264206827309237
0.75,0.1,3,95,95,12,83,0,0.12631578947368421,0.5833333333333334,0.1566265060240964,0.426706827309237,0.3374999999999999,-0.8619277108433734,1.1994277108433733,4.049999999999999,-71.53999999999999,1.8419958419958418,0.08352549321035103,1.0264206827309237
0.8,0.3,12,95,89,21,68,6,0.23595505617977527,0.5238095238095238,0.07352941176470588,0.45028011204481794,0.09999999999999998,-1.051470588235294,1.151470588235294,2.0999999999999996,-71.49999999999999,1.207305034550839,0.014336917562724016,1.026015406162465
0.6,0.2,3,95,95,6,89,0,0.06315789473684211,0.6666666666666666,0.1797752808988764,0.48689138576779023,0.295,-0.7782022471910112,1.0732022471910112,1.77,-69.25999999999999,1.6344086021505377,0.13511488511488512,1.0234925093632958
0.7,0.3,10,95,95,23,72,0,0.24210526315789474,0.5652173913043478,0.09722222222222222,0.4679951690821256,0.1304347826086956,-0.9790277777777779,1.1094625603864736,2.9999999999999987,-70.49000000000001,1.2806361085126283,0.023413688002216684,1.0227264492753623
0.6,0.3,12,95,95,23,72,0,0.24210526315789474,0.5652173913043478,0.09722222222222222,0.4679951690821256,0.12391304347826079,-0.9769444444444445,1.1008574879227053,2.8499999999999983,-70.34,1.2629151291512914,0.023462446202970985,1.0184239130434782
0.6,0.2,10,95,95,27,68,0,0.28421052631578947,0.5555555555555556,0.07352941176470588,0.4820261437908497,0.056296296296296275,-1.0148529411764706,1.071149237472767,1.5199999999999994,-69.01,1.1191222570532915,0.015689630580516332,1.0176007625272332
0.7,0.1,8,95,95,27,68,0,0.28421052631578947,0.5555555555555556,0.07352941176470588,0.4820261437908497,0.056296296296296275,-1.0148529411764706,1.071149237472767,1.5199999999999994,-69.01,1.1191222570532915,0.015689630580516332,1.0176007625272332
0.6,0.2,12,95,95,30,65,0,0.3157894736842105,0.5333333333333333,0.06153846153846154,0.4717948717948718,0.03033333333333333,-1.0523076923076924,1.0826410256410257,0.9099999999999999,-68.4,1.066862601028655,0.012416979497545482,1.0131153846153846
0.85,-0.4,8,95,79,32,47,16,0.4050632911392405,0.40625,0.0,0.40625,-0.1765625,-1.3834042553191488,1.2068417553191488,-5.65,-65.02,0.6153846153846153,0.0,1.0096708776595744
0.75,0.0,10,95,95,35,60,0,0.3684210526315789,0.5142857142857142,0.03333333333333333,0.4809523809523809,-0.04342857142857145,-1.0995,1.0560714285714285,-1.5200000000000007,-65.97,0.9064615384615385,0.009756829780846592,1.0089880952380952
0.7,0.0,10,95,95,35,60,0,0.3684210526315789,0.5142857142857142,0.03333333333333333,0.4809523809523809,-0.044571428571428595,-1.098833333333333,1.0542619047619044,-1.5600000000000007,-65.92999999999999,0.9042357274401474,0.009762691498948631,1.008083333333333
0.85,-0.3,5,95,79,20,59,16,0.25316455696202533,0.5,0.05084745762711865,0.4491525423728814,-0.06000000000000002,-1.1774576271186439,1.1174576271186438,-1.2000000000000004,-69.46999999999998,0.8702702702702704,0.01405052512063582,1.0078813559322033
0.6,0.0,12,95,95,35,60,0,0.3684210526315789,0.5142857142857142,0.03333333333333333,0.4809523809523809,-0.048857142857142905,-1.0963333333333334,1.0474761904761904,-1.7100000000000017,-65.78,0.895985401459854,0.009784735812133072,1.004690476190476
0.8,-0.1,10,95,89,37,52,6,0.4157303370786517,0.43243243243243246,0.0,0.43243243243243246,-0.11540540540540539,-1.2525,1.1370945945945945,-4.27,-65.13,0.7565564424173318,0.0,1.0009797297297296
0.75,-0.1,12,95,95,43,52,0,0.45263157894736844,0.46511627906976744,0.0,0.46511627906976744,-0.1246511627906977,-1.1948076923076925,1.0701565295169948,-5.360000000000001,-62.13,0.7415621986499517,0.0,1.000194543828265
0.8,0.0,10,95,89,31,58,6,0.34831460674157305,0.4838709677419355,0.017241379310344827,0.4666295884315907,-0.08451612903225807,-1.1513793103448275,1.0668631813125695,-2.62,-66.78,0.8292046936114732,0.008168721223822962,1.0000611790878755
0.8,0.1,3,95,89,8,81,6,0.0898876404494382,0.5,0.14814814814814814,0.35185185185185186,0.39874999999999994,-0.8961728395061727,1.2949228395061727,3.1899999999999995,-72.58999999999999,1.8179487179487177,0.07845626507553638,0.9993132716049382
0.8,0.2,3,95,89,8,81,6,0.0898876404494382,0.5,0.14814814814814814,0.35185185185185186,0.39874999999999994,-0.8961728395061727,1.2949228395061727,3.1899999999999995,-72.58999999999999,1.8179487179487177,0.07845626507553638,0.9993132716049382
0.85,-0.5,8,95,79,33,46,16,0.4177215189873418,0.3939393939393939,0.0,0.3939393939393939,-0.1896969696969697,-1.4002173913043479,1.2105204216073782,-6.26,-64.41,0.5908496732026143,0.0,0.999199604743083
0.8,0.2,5,95,89,16,73,6,0.1797752808988764,0.5625,0.0958904109589041,0.4666095890410959,0.09374999999999997,-0.9712328767123286,1.0649828767123286,1.4999999999999996,-70.89999999999999,1.1611170784103115,0.03353326063249728,0.9991010273972603
0.8,0.3,8,95,89,19,70,6,0.21348314606741572,0.5263157894736842,0.08571428571428572,0.44060150375939844,0.09210526315789473,-1.0164285714285712,1.108533834586466,1.75,-71.14999999999999,1.1762336354481369,0.02185867473192192,0.9948684210526314
0.9,-0.3,10,95,74,25,49,21,0.33783783783783783,0.4,0.0,0.4,-0.1728000000000001,-1.3618367346938773,1.1890367346938773,-4.320000000000002,-66.72999999999999,0.6405990016638935,0.0,0.9945183673469387
0.85,-0.1,3,95,79,7,72,16,0.08860759493670886,0.5714285714285714,0.125,0.4464285714285714,0.10428571428571425,-0.9916666666666666,1.0959523809523808,0.7299999999999998,-71.39999999999999,1.231012658227848,0.06727629000653168,0.9944047619047618
0.7,0.3,8,95,95,21,74,0,0.22105263157894736,0.5714285714285714,0.10810810810810811,0.4633204633204633,0.11523809523809521,-0.9447297297297295,1.0599678249678246,2.4199999999999995,-69.90999999999998,1.2306959008579599,0.034125449019066036,0.9933043758043756
0.75,0.3,10,95,95,24,71,0,0.25263157894736843,0.5416666666666666,0.09859154929577464,0.443075117370892,0.11041666666666665,-0.987887323943662,1.0983039906103287,2.6499999999999995,-70.14,1.2400362318840579,0.023527773910622305,0.9922271126760563
0.8,-0.1,8,95,89,33,56,6,0.3707865168539326,0.45454545454545453,0.017857142857142856,0.4366883116883117,-0.08212121212121215,-1.1908928571428572,1.108771645021645,-2.710000000000001,-66.69,0.8292375551354756,0.0016467065868263474,0.9910741341991341
0.75,0.1,8,95,95,28,67,0,0.29473684210526313,0.5357142857142857,0.07462686567164178,0.4610874200426439,0.03642857142857142,-1.0225373134328357,1.0589658848614072,1.0199999999999998,-68.50999999999999,1.0769230769230769,0.015802327251831633,0.9905703624733475
0.75,0.2,8,95,95,28,67,0,0.29473684210526313,0.5357142857142857,0.07462686567164178,0.4610874200426439,0.03642857142857142,-1.0225373134328357,1.0589658848614072,1.0199999999999998,-68.50999999999999,1.0769230769230769,0.015802327251831633,0.9905703624733475
0.8,-0.1,12,95,89,38,51,6,0.42696629213483145,0.42105263157894735,0.0,0.42105263157894735,-0.12842105263157894,-1.265098039215686,1.136676986584107,-4.88,-64.52,0.731129476584022,0.0,0.9893911248710009
0.85,-0.4,10,95,79,35,44,16,0.4430379746835443,0.37142857142857144,0.0,0.37142857142857144,-0.20657142857142857,-1.4418181818181817,1.235246753246753,-7.23,-63.44,0.5556238475722187,0.0,0.989051948051948
0.85,-0.4,12,95,79,35,44,16,0.4430379746835443,0.37142857142857144,0.0,0.37142857142857144,-0.20657142857142857,-1.4418181818181817,1.235246753246753,-7.23,-63.44,0.5556238475722187,0.0,0.989051948051948
0.6,-0.1,10,95,95,38,57,0,0.4,0.5,0.017543859649122806,0.4824561403508772,-0.10578947368421059,-1.1135087719298247,1.007719298245614,-4.020000000000002,-63.470000000000006,0.7917098445595854,0.0015730690577316344,0.9863157894736843
0.8,-0.2,10,95,89,39,50,6,0.43820224719101125,0.41025641025641024,0.0,0.41025641025641024,-0.13512820512820514,-1.2826,1.1474717948717947,-5.2700000000000005,-64.13,0.7157497303128372,0.0,0.9839923076923076
0.75,-0.1,10,95,95,40,55,0,0.42105263157894735,0.475,0.01818181818181818,0.4568181818181818,-0.1015,-1.1532727272727274,1.0517727272727275,-4.0600000000000005,-63.43000000000001,0.7900723888314372,0.0015740594994490791,0.9827045454545456
0.9,-0.3,12,95,74,26,48,21,0.35135135135135137,0.38461538461538464,0.0,0.38461538461538464,-0.18576923076923077,-1.3795833333333334,1.1938141025641027,-4.83,-66.22,0.6145251396648046,0.0,0.9815224358974359
0.75,-0.2,12,95,95,47,48,0,0.49473684210526314,0.425531914893617,0.0,0.425531914893617,-0.1548936170212766,-1.254375,1.0994813829787233,-7.28,-60.21,0.6787290379523389,0.0,0.9752726063829786
0.8,-0.2,12,95,89,40,49,6,0.449438202247191,0.4,0.0,0.4,-0.14700000000000008,-1.296326530612245,1.1493265306122449,-5.880000000000003,-63.519999999999996,0.6929503916449087,0.0,0.9746632653061225
0.7,-0.1,12,95,95,44,51,0,0.4631578947368421,0.45454545454545453,0.0,0.45454545454545453,-0.1522727272727273,-1.1919607843137257,1.0396880570409983,-6.700000000000001,-60.790000000000006,0.6965579710144927,0.0,0.9743894830659536
0.6,0.3,10,95,95,21,74,0,0.22105263157894736,0.5714285714285714,0.10810810810810811,0.4633204633204633,0.0847619047619047,-0.936081081081081,1.0208429858429857,1.779999999999999,-69.27,1.1696854146806481,0.0429676706272451,0.9737419562419561
0.7,0.2,10,95,95,29,66,0,0.30526315789473685,0.5172413793103449,0.07575757575757576,0.4414838035527691,0.0282758620689655,-1.035,1.0632758620689655,0.8199999999999995,-68.30999999999999,1.0609212481426449,0.01584786053882726,0.9731217345872518
0.8,0.1,5,95,89,19,70,6,0.21348314606741572,0.5263157894736842,0.08571428571428572,0.44060150375939844,0.054210526315789466,-1.006142857142857,1.0603533834586465,1.0299999999999998,-70.42999999999999,1.104251012145749,0.03242203599395522,0.9707781954887217
0.85,-0.5,10,95,79,36,43,16,0.45569620253164556,0.3611111111111111,0.0,0.3611111111111111,-0.23222222222222222,-1.4490697674418604,1.2168475452196383,-8.36,-62.31,0.5195402298850574,0.0,0.9695348837209303
0.85,-0.5,12,95,79,37,42,16,0.46835443037974683,0.35135135135135137,0.0,0.35135135135135137,-0.23837837837837833,-1.4726190476190477,1.2342406692406693,-8.819999999999999,-61.85,0.5061590145576707,0.0,0.968471685971686
0.6,0.3,5,95,95,13,82,0,0.1368421052631579,0.6153846153846154,0.14634146341463414,0.46904315196998125,0.14999999999999994,-0.8468292682926829,0.9968292682926828,1.9499999999999993,-69.44,1.2805755395683451,0.08535300316122237,0.9674577861163227
0.7,0.3,5,95,95,13,82,0,0.1368421052631579,0.6153846153846154,0.14634146341463414,0.46904315196998125,0.14999999999999994,-0.8468292682926829,0.9968292682926828,1.9499999999999993,-69.44,1.2805755395683451,0.08535300316122237,0.9674577861163227
0.8,0.3,10,95,89,20,69,6,0.2247191011235955,0.5,0.08695652173913043,0.41304347826086957,0.07749999999999999,-1.0282608695652171,1.105760869565217,1.5499999999999998,-70.94999999999999,1.153010858835143,0.02191894127377999,0.965923913043478
0.6,0.1,8,95,95,26,69,0,0.2736842105263158,0.5384615384615384,0.08695652173913043,0.451505016722408,0.036153846153846134,-0.9917391304347825,1.0278929765886287,0.9399999999999994,-68.42999999999999,1.073667711598746,0.023962344886606764,0.9654515050167223
0.75,-0.1,8,95,95,37,58,0,0.3894736842105263,0.4864864864864865,0.034482758620689655,0.45200372786579684,-0.08891891891891897,-1.106896551724138,1.017977632805219,-3.290000000000002,-64.2,0.8217768147345611,0.003260363297624593,0.9609925442684064
0.7,0.2,8,95,95,26,69,0,0.2736842105263158,0.5384615384615384,0.08695652173913043,0.451505016722408,0.028461538461538424,-0.9888405797101448,1.0173021181716833,0.739999999999999,-68.22999999999999,1.0579937304075233,0.02681500499215519,0.9601560758082497
0.75,-0.1,5,95,95,31,64,0,0.3263157894736842,0.5161290322580645,0.0625,0.4536290322580645,-0.03548387096774195,-1.03734375,1.0018598790322581,-1.1000000000000005,-66.39,0.9278688524590164,0.018189884649511986,0.9545589717741936
0.7,-0.1,10,95,95,41,54,0,0.43157894736842106,0.4634146341463415,0.018518518518518517,0.44489611562782294,-0.13170731707317077,-1.149814814814815,1.0181074977416442,-5.400000000000001,-62.09000000000001,0.738878143133462,0.001607975558771507,0.953949864498645
0.75,0.2,10,95,95,30,65,0,0.3157894736842105,0.5,0.07692307692307693,0.4230769230769231,0.015666666666666662,-1.0455384615384617,1.0612051282051285,0.46999999999999986,-67.96000000000001,1.0340333091962346,0.015928178395598035,0.9536794871794874
0.6,-0.1,8,95,95,36,59,0,0.37894736842105264,0.5,0.03389830508474576,0.4661016949152542,-0.10500000000000004,-1.0798305084745763,0.9748305084745763,-3.780000000000001,-63.71,0.800527704485488,0.0032853566958698376,0.9535169491525424
0.7,-0.1,8,95,95,36,59,0,0.37894736842105264,0.5,0.03389830508474576,0.4661016949152542,-0.10500000000000004,-1.0798305084745763,0.9748305084745763,-3.780000000000001,-63.71,0.800527704485488,0.0032853566958698376,0.9535169491525424
0.7,-0.2,12,95,95,48,47,0,0.5052631578947369,0.4166666666666667,0.0,0.4166666666666667,-0.17958333333333334,-1.2525531914893617,1.0729698581560283,-8.620000000000001,-58.870000000000005,0.6408333333333331,0.0,0.9531515957446808
0.8,-0.2,8,95,89,35,54,6,0.39325842696629215,0.42857142857142855,0.018518518518518517,0.41005291005291,-0.12085714285714282,-1.2068518518518518,1.085994708994709,-4.229999999999999,-65.17,0.7567567567567567,0.0016850490196078432,0.9530502645502645
0.6,0.0,8,95,95,31,64,0,0.3263157894736842,0.5161290322580645,0.0625,0.4536290322580645,-0.03903225806451613,-1.035625,0.9965927419354839,-1.21,-66.28,0.9223861449647209,0.014863258026159338,0.9519254032258064
0.7,0.0,8,95,95,31,64,0,0.3263157894736842,0.5161290322580645,0.0625,0.4536290322580645,-0.03903225806451613,-1.035625,0.9965927419354839,-1.21,-66.28,0.9223861449647209,0.014863258026159338,0.9519254032258064
0.8,-0.2,5,95,89,31,58,6,0.34831460674157305,0.45161290322580644,0.034482758620689655,0.41713014460511677,-0.08290322580645161,-1.1522413793103445,1.0693381535038928,-2.57,-66.82999999999998,0.8280936454849498,0.013142350856467809,0.9517992213570632
0.8,0.0,5,95,89,24,65,6,0.2696629213483146,0.5,0.06153846153846154,0.43846153846153846,-0.030416666666666647,-1.0564615384615386,1.026044871794872,-0.7299999999999995,-68.67,0.9407467532467532,0.023880597014925373,0.9514839743589745
0.75,0.2,5,95,95,17,78,0,0.17894736842105263,0.5882352941176471,0.1282051282051282,0.4600301659125189,0.09470588235294111,-0.8858974358974359,0.9806033182503769,1.609999999999999,-69.1,1.1729323308270674,0.060630777596519844,0.9503318250377073
0.75,0.0,5,95,95,26,69,0,0.2736842105263158,0.5384615384615384,0.08695652173913043,0.451505016722408,0.013076923076923068,-0.9830434782608696,0.9961204013377927,0.33999999999999975,-67.83,1.0261136712749614,0.02891911238367932,0.9495652173913043
0.75,-0.2,10,95,95,43,52,0,0.45263157894736844,0.4418604651162791,0.019230769230769232,0.42262969588550986,-0.13372093023255813,-1.1873076923076924,1.0535867620751342,-5.749999999999999,-61.74000000000001,0.7265810746552542,0.0016170763260025874,0.9494230769230769
0.75,0.0,8,95,95,31,64,0,0.3263157894736842,0.5161290322580645,0.0625,0.4536290322580645,-0.04258064516129033,-1.03390625,0.9913256048387097,-1.3200000000000003,-66.17,0.9159235668789808,0.014887598630340929,0.9492918346774193
0.8,0.1,8,95,89,25,64,6,0.2808988764044944,0.48,0.0625,0.4175,-0.017199999999999993,-1.07765625,1.06045625,-0.4299999999999998,-68.97,0.9661417322834644,0.014291839359725597,0.947728125
0.8,0.2,8,95,89,25,64,6,0.2808988764044944,0.48,0.0625,0.4175,-0.017199999999999993,-1.07765625,1.06045625,-0.4299999999999998,-68.97,0.9661417322834644,0.014291839359725597,0.947728125
0.9,-0.5,8,95,74,29,45,21,0.3918918918918919,0.3448275862068966,0.0,0.3448275862068966,-0.22931034482758617,-1.431111111111111,1.2018007662835248,-6.649999999999999,-64.39999999999999,0.5365853658536587,0.0,0.945727969348659
0.9,-0.4,8,95,74,29,45,21,0.3918918918918919,0.3448275862068966,0.0,0.3448275862068966,-0.22931034482758617,-1.431111111111111,1.2018007662835248,-6.649999999999999,-64.39999999999999,0.5365853658536587,0.0,0.945727969348659
0.9,-0.4,10,95,74,30,44,21,0.40540540540540543,0.3333333333333333,0.0,0.3333333333333333,-0.237,-1.4531818181818181,1.216181818181818,-7.109999999999999,-63.94,0.5199189736664417,0.0,0.9414242424242423
0.9,-0.4,12,95,74,30,44,21,0.40540540540540543,0.3333333333333333,0.0,0.3333333333333333,-0.237,-1.4531818181818181,1.216181818181818,-7.109999999999999,-63.94,0.5199189736664417,0.0,0.9414242424242423
0.6,-0.1,12,95,95,42,53,0,0.4421052631578947,0.4523809523809524,0.018867924528301886,0.4335130278526505,-0.14738095238095242,-1.1566037735849055,1.0092228212039531,-6.190000000000001,-61.3,0.7116907312529108,0.0016286644951140064,0.938124438454627
0.75,0.1,5,95,95,20,75,0,0.21052631578947367,0.55,0.12,0.43000000000000005,0.08799999999999994,-0.9233333333333331,1.011333333333333,1.759999999999999,-69.24999999999999,1.1663516068052926,0.04205284271683497,0.9356666666666665
0.9,-0.1,3,95,74,6,68,21,0.08108108108108109,0.5,0.10294117647058823,0.3970588235294118,0.024999999999999967,-1.0470588235294118,1.0720588235294117,0.1499999999999998,-71.2,1.0474683544303798,0.05807646514089167,0.9330882352941177
0.8,0.2,10,95,89,26,63,6,0.29213483146067415,0.46153846153846156,0.06349206349206349,0.3980463980463981,-0.024230769230769257,-1.0915873015873014,1.0673565323565322,-0.6300000000000007,-68.77,0.9511627906976744,0.014332807797047445,0.9317246642246642
0.75,-0.5,12,95,95,64,31,0,0.6736842105263158,0.3125,0.0,0.3125,-0.30718749999999995,-1.542903225806452,1.235715725806452,-19.659999999999997,-47.830000000000005,0.4389269406392693,0.0,0.930357862903226
0.75,-0.2,5,95,95,36,59,0,0.37894736842105264,0.4722222222222222,0.05084745762711865,0.4213747645951036,-0.08472222222222221,-1.0922033898305084,1.0074811676082862,-3.05,-64.44,0.8251146788990825,0.01513067400275103,0.9251153483992467
0.85,-0.3,3,95,79,16,63,16,0.20253164556962025,0.5,0.07936507936507936,0.42063492063492064,-0.09187500000000001,-1.0984126984126983,1.0065376984126984,-1.4700000000000002,-69.19999999999999,0.8068331143232588,0.04022191400832178,0.9239037698412698
0.7,-0.2,10,95,95,44,51,0,0.4631578947368421,0.4318181818181818,0.0196078431372549,0.41221033868092694,-0.1611363636363636,-1.184313725490196,1.0231773618538325,-7.089999999999999,-60.400000000000006,0.6830576665176574,0.001652892561983471,0.9237990196078432
0.9,-0.5,10,95,74,31,43,21,0.4189189189189189,0.3225806451612903,0.0,0.3225806451612903,-0.2658064516129032,-1.4606976744186047,1.1948912228057014,-8.24,-62.81,0.4830614805520702,0.0,0.920026256564141
0.75,-0.2,8,95,95,40,55,0,0.42105263157894735,0.45,0.03636363636363636,0.41363636363636364,-0.12450000000000006,-1.1365454545454547,1.0120454545454547,-4.980000000000002,-62.510000000000005,0.7528535980148882,0.0033482142857142855,0.9196590909090909
0.9,-0.5,12,95,74,32,42,21,0.43243243243243246,0.3125,0.0,0.3125,-0.271875,-1.4845238095238096,1.2126488095238095,-8.7,-62.35,0.46951219512195125,0.0,0.9188244047619047
0.6,0.4,8,95,95,16,79,0,0.16842105263157894,0.5625,0.13924050632911392,0.4232594936708861,0.11249999999999999,-0.8770886075949368,0.9895886075949367,1.7999999999999998,-69.29,1.2290076335877862,0.07625649913344888,0.9180537974683545
0.7,0.0,3,95,95,17,78,0,0.17894736842105263,0.5882352941176471,0.1282051282051282,0.4600301659125189,0.035294117647058795,-0.872948717948718,0.9082428355957768,0.5999999999999995,-68.09,1.0645855758880518,0.07461266648545803,0.9141515837104073
0.75,0.0,3,95,95,17,78,0,0.17894736842105263,0.5882352941176471,0.1282051282051282,0.4600301659125189,0.035294117647058795,-0.872948717948718,0.9082428355957768,0.5999999999999995,-68.09,1.0645855758880518,0.07461266648545803,0.9141515837104073
0.6,-0.2,10,95,95,44,51,0,0.4631578947368421,0.4318181818181818,0.0196078431372549,0.41221033868092694,-0.1715909090909091,-1.1752941176470588,1.0037032085561497,-7.55,-59.94,0.6692947875602278,0.001665556295802798,0.9140619429590018
0.8,0.0,8,95,89,28,61,6,0.3146067415730337,0.4642857142857143,0.04918032786885246,0.41510538641686184,-0.09892857142857144,-1.092295081967213,0.9933665105386416,-2.77,-66.63,0.8170409511228532,0.01332741003998223,0.9117886416861827
0.7,-0.4,12,95,95,60,35,0,0.631578947368421,0.3333333333333333,0.0,0.3333333333333333,-0.2843333333333333,-1.440857142857143,1.1565238095238097,-17.06,-50.43000000000001,0.47410604192355105,0.0,0.9115952380952381
0.75,-0.4,12,95,95,60,35,0,0.631578947368421,0.3333333333333333,0.0,0.3333333333333333,-0.2843333333333333,-1.440857142857143,1.1565238095238097,-17.06,-50.43000000000001,0.47410604192355105,0.0,0.9115952380952381
0.75,-0.5,10,95,95,62,33,0,0.6526315789473685,0.3225806451612903,0.0,0.3225806451612903,-0.302258064516129,-1.4772727272727273,1.1750146627565983,-18.74,-48.75,0.4507620164126612,0.0,0.9100879765395895
0.7,-0.5,12,95,95,65,30,0,0.6842105263157895,0.3076923076923077,0.0,0.3076923076923077,-0.33215384615384613,-1.5300000000000002,1.1978461538461542,-21.59,-45.900000000000006,0.41601298350013516,0.0,0.9066153846153848
0.9,-0.3,3,95,74,11,63,21,0.14864864864864866,0.45454545454545453,0.07936507936507936,0.37518037518037517,-0.057272727272727274,-1.1177777777777775,1.0605050505050502,-0.63,-70.41999999999999,0.8839779005524862,0.03955264593562466,0.9054329004329003
0.9,-0.4,5,95,74,21,53,21,0.28378378378378377,0.38095238095238093,0.03773584905660377,0.34321653189577717,-0.15761904761904763,-1.2781132075471697,1.1204941599281222,-3.3100000000000005,-67.74,0.6935185185185185,0.0030905077262693165,0.9034636118598383
0.6,-0.2,12,95,95,45,50,0,0.47368421052631576,0.4222222222222222,0.02,0.4022222222222222,-0.18288888888888885,-1.1852,1.0023111111111112,-8.229999999999999,-59.260000000000005,0.6499361973628242,0.0016846361185983826,0.9033777777777778
0.7,-0.4,10,95,95,57,38,0,0.6,0.3508771929824561,0.0,0.3508771929824561,-0.2696491228070175,-1.3715789473684215,1.101929824561404,-15.37,-52.12000000000001,0.5001626016260162,0.0,0.9018421052631581
0.75,-0.4,10,95,95,57,38,0,0.6,0.3508771929824561,0.0,0.3508771929824561,-0.2696491228070175,-1.3715789473684215,1.101929824561404,-15.37,-52.12000000000001,0.5001626016260162,0.0,0.9018421052631581
0.7,-0.2,8,95,95,40,55,0,0.42105263157894735,0.45,0.03636363636363636,0.41363636363636364,-0.14925000000000008,-1.1185454545454547,0.9692954545454546,-5.970000000000003,-61.52000000000001,0.7175969725638599,0.003401911550299692,0.898284090909091
0.85,-0.4,5,95,79,24,55,16,0.3037974683544304,0.4166666666666667,0.05454545454545454,0.3621212121212121,-0.14874999999999994,-1.22,1.07125,-3.5699999999999985,-67.1,0.6927710843373495,0.014539579967689824,0.8977462121212121
0.7,-0.3,12,95,95,53,42,0,0.5578947368421052,0.37735849056603776,0.0,0.37735849056603776,-0.25698113207547174,-1.2826190476190475,1.0256379155435758,-13.620000000000001,-53.87,0.5303448275862068,0.0,0.8901774483378256
0.75,-0.3,12,95,95,53,42,0,0.5578947368421052,0.37735849056603776,0.0,0.37735849056603776,-0.25698113207547174,-1.2826190476190475,1.0256379155435758,-13.620000000000001,-53.87,0.5303448275862068,0.0,0.8901774483378256
0.8,-0.3,10,95,89,44,45,6,0.4943820224719101,0.36363636363636365,0.0,0.36363636363636365,-0.24931818181818183,-1.2984444444444445,1.0491262626262627,-10.97,-58.43000000000001,0.5474422442244224,0.0,0.888199494949495
0.6,-0.5,12,95,95,67,28,0,0.7052631578947368,0.29850746268656714,0.0,0.29850746268656714,-0.36328358208955225,-1.541071428571429,1.177787846481877,-24.34,-43.15000000000001,0.38721047331319225,0.0,0.8874013859275056
0.7,-0.5,10,95,95,63,32,0,0.6631578947368421,0.31746031746031744,0.0,0.31746031746031744,-0.32809523809523816,-1.463125,1.1350297619047618,-20.670000000000005,-46.82,0.426629680998613,0.0,0.8849751984126983
0.8,-0.4,12,95,89,52,37,6,0.5842696629213483,0.3076923076923077,0.0,0.3076923076923077,-0.30057692307692313,-1.4532432432432432,1.15266632016632,-15.630000000000003,-53.769999999999996,0.45916955017301037,0.0,0.8840254677754678
0.8,-0.5,12,95,89,54,35,6,0.6067415730337079,0.2962962962962963,0.0,0.2962962962962963,-0.3188888888888889,-1.490857142857143,1.171968253968254,-17.22,-52.18000000000001,0.4352246638242046,0.0,0.8822804232804233
0.8,-0.3,12,95,89,46,43,6,0.5168539325842697,0.34782608695652173,0.0,0.34782608695652173,-0.26565217391304347,-1.3297674418604652,1.0641152679474217,-12.22,-57.18000000000001,0.5205963122793251,0.0,0.8798837209302326
0.9,-0.5,3,95,74,19,55,21,0.25675675675675674,0.3684210526315789,0.05454545454545454,0.31387559808612436,-0.11947368421052634,-1.2505454545454546,1.1310717703349282,-2.2700000000000005,-68.78,0.7472160356347437,0.014189479719076968,0.8794114832535884
0.7,0.0,5,95,95,25,70,0,0.2631578947368421,0.52,0.1,0.42000000000000004,-0.03360000000000002,-0.9521428571428571,0.9185428571428571,-0.8400000000000004,-66.64999999999999,0.9329608938547485,0.052459482513505816,0.8792714285714286
0.6,-0.4,12,95,95,59,36,0,0.6210526315789474,0.3389830508474576,0.0,0.3389830508474576,-0.301864406779661,-1.3800000000000001,1.0781355932203391,-17.81,-49.68000000000001,0.4633925881289544,0.0,0.8780508474576272
0.8,-0.4,10,95,89,49,40,6,0.550561797752809,0.32653061224489793,0.0,0.32653061224489793,-0.2844897959183673,-1.3865,1.1020102040816329,-13.94,-55.46,0.4876883498713708,0.0,0.8775357142857143
0.8,-0.4,8,95,89,48,41,6,0.5393258426966292,0.3333333333333333,0.0,0.3333333333333333,-0.27979166666666666,-1.365121951219512,1.0853302845528454,-13.43,-55.97,0.49700374531835206,0.0,0.8759984756097561
0.8,-0.5,8,95,89,50,39,6,0.5617977528089888,0.32,0.0,0.32,-0.2932,-1.4035897435897435,1.1103897435897436,-14.66,-54.74,0.4751163623344075,0.0,0.8751948717948719
0.6,-0.5,10,95,95,66,29,0,0.6947368421052632,0.30303030303030304,0.0,0.30303030303030304,-0.36181818181818176,-1.503793103448276,1.1419749216300943,-23.879999999999995,-43.61000000000001,0.39174732552215996,0.0,0.8740177638453501
0.6,-0.2,8,95,95,42,53,0,0.4421052631578947,0.42857142857142855,0.03773584905660377,0.3908355795148248,-0.174047619047619,-1.1354716981132076,0.9614240790655886,-7.309999999999998,-60.18000000000001,0.6748220640569395,0.0034773969200198713,0.871547619047619
0.6,0.0,3,95,95,15,80,0,0.15789473684210525,0.6,0.1375,0.46249999999999997,-0.024666666666666646,-0.8390000000000001,0.8143333333333335,-0.36999999999999966,-67.12,0.9581447963800905,0.09334053761988383,0.8696666666666667
0.8,-0.5,10,95,89,52,37,6,0.5842696629213483,0.3076923076923077,0.0,0.3076923076923077,-0.31346153846153846,-1.435135135135135,1.1216735966735965,-16.3,-53.099999999999994,0.44876564085221504,0.0,0.8685291060291059
0.8,0.0,3,95,89,13,76,6,0.14606741573033707,0.5384615384615384,0.11842105263157894,0.4200404858299595,-0.02,-0.9097368421052632,0.8897368421052632,-0.26,-69.14,0.9689737470167065,0.06932292367748018,0.864908906882591
0.6,0.3,8,95,95,19,76,0,0.2,0.5263157894736842,0.13157894736842105,0.39473684210526316,0.022105263157894715,-0.8935526315789474,0.9156578947368421,0.4199999999999996,-67.91,1.0400381315538607,0.0617573915446256,0.8525657894736842
0.8,-0.3,8,95,89,42,47,6,0.47191011235955055,0.35714285714285715,0.02127659574468085,0.3358662613981763,-0.23523809523809525,-1.2663829787234042,1.031144883485309,-9.88,-59.519999999999996,0.5711805555555555,0.0018447090390742913,0.8514387031408308
0.6,0.2,5,95,95,16,79,0,0.16842105263157894,0.5625,0.13924050632911392,0.4232594936708861,-0.003750000000000031,-0.8535443037974683,0.8497943037974682,-0.0600000000000005,-67.42999999999999,0.9935553168635873,0.08333333333333334,0.8481566455696202
0.7,0.2,5,95,95,16,79,0,0.16842105263157894,0.5625,0.13924050632911392,0.4232594936708861,-0.003750000000000031,-0.8535443037974683,0.8497943037974682,-0.0600000000000005,-67.42999999999999,0.9935553168635873,0.08333333333333334,0.8481566455696202
0.9,-0.5,5,95,74,24,50,21,0.32432432432432434,0.3333333333333333,0.04,0.29333333333333333,-0.21124999999999997,-1.3196,1.1083500000000002,-5.069999999999999,-65.98,0.5963375796178344,0.00317268469557335,0.8475083333333334
0.75,-0.5,8,95,95,59,36,0,0.6210526315789474,0.3220338983050847,0.027777777777777776,0.29425612052730693,-0.29169491525423724,-1.3966666666666667,1.1049717514124295,-17.209999999999997,-50.28,0.4701354679802955,0.002182972812065886,0.8467419962335216
0.7,-0.1,5,95,95,31,64,0,0.3263157894736842,0.4838709677419355,0.078125,0.4057459677419355,-0.11677419354838711,-0.99796875,0.8811945564516128,-3.6200000000000006,-63.87,0.7751552795031055,0.04343267934701213,0.8463432459677419
0.7,-0.3,10,95,95,50,45,0,0.5263157894736842,0.38,0.022222222222222223,0.3577777777777778,-0.24940000000000004,-1.2226666666666668,0.9732666666666667,-12.470000000000002,-55.02,0.5506306306306304,0.00181422351233672,0.8444111111111112
0.75,-0.3,10,95,95,50,45,0,0.5263157894736842,0.38,0.022222222222222223,0.3577777777777778,-0.24940000000000004,-1.2226666666666668,0.9732666666666667,-12.470000000000002,-55.02,0.5506306306306304,0.00181422351233672,0.8444111111111112
0.7,0.1,5,95,95,19,76,0,0.2,0.5263157894736842,0.13157894736842105,0.39473684210526316,0.004736842105263104,-0.8892105263157895,0.8939473684210526,0.08999999999999897,-67.58,1.0085066162570886,0.06515423986720155,0.8417105263157895
0.6,0.1,3,95,95,9,86,0,0.09473684210526316,0.5555555555555556,0.1744186046511628,0.3811369509043928,0.11666666666666664,-0.7969767441860466,0.9136434108527132,1.0499999999999998,-68.54,1.2408256880733943,0.12699019233218697,0.8379586563307494
0.6,-0.3,10,95,95,49,46,0,0.5157894736842106,0.3877551020408163,0.021739130434782608,0.3660159716060337,-0.25693877551020405,-1.1934782608695653,0.9365394853593613,-12.59,-54.900000000000006,0.5482597775385718,0.001818181818181818,0.8342857142857143
0.8,-0.1,3,95,89,14,75,6,0.15730337078651685,0.5,0.12,0.38,-0.018571428571428572,-0.9218666666666665,0.9032952380952379,-0.26,-69.13999999999999,0.9689737470167065,0.06932292367748018,0.831647619047619
0.85,-0.5,3,95,79,23,56,16,0.2911392405063291,0.391304347826087,0.07142857142857142,0.3198757763975155,-0.1721739130434783,-1.1912500000000001,1.0190760869565219,-3.9600000000000004,-66.71000000000001,0.663551401869159,0.01810420959670298,0.8294138198757764
0.8,-0.3,5,95,89,36,53,6,0.4044943820224719,0.3888888888888889,0.03773584905660377,0.35115303983228513,-0.2119444444444445,-1.1654716981132076,0.9535272536687631,-7.630000000000002,-61.77,0.6186906546726636,0.014203638684966487,0.8279166666666666
0.6,0.2,8,95,95,24,71,0,0.25263157894736843,0.5,0.11267605633802817,0.3873239436619718,-0.05250000000000001,-0.9328169014084505,0.8803169014084505,-1.2600000000000002,-66.22999999999999,0.9012539184952977,0.05534160604763942,0.8274823943661971
0.85,-0.5,5,95,79,28,51,16,0.35443037974683544,0.35714285714285715,0.058823529411764705,0.29831932773109243,-0.21321428571428566,-1.2686274509803919,1.0554131652661063,-5.969999999999999,-64.69999999999999,0.5741797432239658,0.015070787029989345,0.8260259103641456
0.6,-0.3,12,95,95,52,43,0,0.5473684210526316,0.36538461538461536,0.023255813953488372,0.342128801431127,-0.27403846153846156,-1.238139534883721,0.9641010733452594,-14.250000000000002,-53.24,0.5174398916356246,0.0018747656542932134,0.8241793381037568
0.7,-0.3,8,95,95,45,50,0,0.47368421052631576,0.4,0.04,0.36000000000000004,-0.22244444444444447,-1.1496000000000002,0.9271555555555557,-10.010000000000002,-57.480000000000004,0.602462271644162,0.0036401456058242337,0.823577777777778
0.75,-0.3,8,95,95,46,49,0,0.4842105263157895,0.391304347826087,0.04081632653061224,0.35048802129547474,-0.2252173913043479,-1.1659183673469389,0.940700976042591,-10.360000000000003,-57.13,0.5942028985507245,0.0036623648412975234,0.8208385093167703
0.85,-0.4,3,95,79,19,60,16,0.24050632911392406,0.42105263157894735,0.08333333333333333,0.33771929824561403,-0.16263157894736843,-1.1263333333333334,0.963701754385965,-3.0900000000000003,-67.58,0.6652221018418202,0.04114642451759365,0.8195701754385964
0.7,-0.5,8,95,95,60,35,0,0.631578947368421,0.31666666666666665,0.02857142857142857,0.28809523809523807,-0.319,-1.3814285714285717,1.0624285714285717,-19.14,-48.35000000000001,0.44376634699215345,0.002269913330581923,0.8193095238095239
0.6,-0.4,10,95,95,58,37,0,0.6105263157894737,0.3275862068965517,0.02702702702702703,0.3005591798695247,-0.3087931034482758,-1.34,1.0312068965517243,-17.909999999999997,-49.580000000000005,0.4603796324194033,0.002012882447665056,0.8161626281453869
0.75,-0.3,5,95,95,41,54,0,0.43157894736842106,0.4146341463414634,0.05555555555555555,0.35907859078590787,-0.19780487804878055,-1.0996296296296297,0.9018247515808492,-8.110000000000003,-59.38000000000001,0.6395555555555555,0.01639887361272155,0.8099909665763325
0.6,-0.3,8,95,95,46,49,0,0.4842105263157895,0.391304347826087,0.04081632653061224,0.35048802129547474,-0.24239130434782613,-1.149795918367347,0.9074046140195209,-11.150000000000002,-56.34,0.5763677811550151,0.0037135278514588855,0.8041903283052352
0.7,-0.2,5,95,95,37,58,0,0.3894736842105263,0.43243243243243246,0.06896551724137931,0.3634669151910531,-0.17432432432432432,-1.0524137931034483,0.878089468779124,-6.45,-61.04,0.6635367762128326,0.04175824175824175,0.802511649580615
0.8,-0.4,5,95,89,39,50,6,0.43820224719101125,0.358974358974359,0.04,0.318974358974359,-0.23717948717948723,-1.203,0.9658205128205128,-9.250000000000002,-60.15,0.5723532131299122,0.014580602883355179,0.8018846153846154
0.6,0.0,5,95,95,24,71,0,0.25263157894736843,0.5,0.11267605633802817,0.3873239436619718,-0.09416666666666668,-0.918732394366197,0.8245657276995304,-2.2600000000000002,-65.22999999999999,0.8196328810853949,0.07264714245095251,0.7996068075117371
0.6,-0.5,8,95,95,62,33,0,0.6526315789473685,0.3064516129032258,0.030303030303030304,0.2761485826001955,-0.3504838709677419,-1.3866666666666667,1.0361827956989247,-21.73,-45.76,0.4127027027027026,0.002398081534772182,0.7942399804496578
0.75,-0.5,5,95,95,54,41,0,0.5684210526315789,0.3333333333333333,0.04878048780487805,0.2845528455284553,-0.2742592592592593,-1.284878048780488,1.0106187895212289,-14.810000000000002,-52.68000000000001,0.49453924914675773,0.016613776367369798,0.7898622402890697
0.8,-0.2,3,95,89,23,66,6,0.25842696629213485,0.43478260869565216,0.09090909090909091,0.3438735177865613,-0.12347826086956523,-1.0084848484848485,0.8850065876152833,-2.8400000000000003,-66.56,0.7756714060031594,0.049278674475074995,0.7863768115942029
0.7,-0.4,8,95,95,54,41,0,0.5684210526315789,0.3333333333333333,0.04878048780487805,0.2845528455284553,-0.27907407407407403,-1.2785365853658535,0.9994625112917794,-15.069999999999999,-52.419999999999995,0.5016534391534391,0.0039901197035911076,0.784284101174345
0.75,-0.4,8,95,95,54,41,0,0.5684210526315789,0.3333333333333333,0.04878048780487805,0.2845528455284553,-0.27907407407407403,-1.2785365853658535,0.9994625112917794,-15.069999999999999,-52.419999999999995,0.5016534391534391,0.0039901197035911076,0.784284101174345
0.7,-0.4,5,95,95,47,48,0,0.49473684210526314,0.3617021276595745,0.0625,0.2992021276595745,-0.2310638297872341,-1.1797916666666666,0.9487278368794325,-10.860000000000003,-56.629999999999995,0.5699009900990099,0.01718153418951753,0.7735660460992908
0.75,-0.4,5,95,95,47,48,0,0.49473684210526314,0.3617021276595745,0.0625,0.2992021276595745,-0.2310638297872341,-1.1797916666666666,0.9487278368794325,-10.860000000000003,-56.629999999999995,0.5699009900990099,0.01718153418951753,0.7735660460992908
0.75,-0.1,3,95,95,20,75,0,0.21052631578947367,0.5,0.13333333333333333,0.3666666666666667,-0.07099999999999998,-0.8809333333333332,0.8099333333333333,-1.4199999999999995,-66.07,0.8744473916887712,0.0767188373392957,0.7716333333333334
0.9,-0.4,3,95,74,14,60,21,0.1891891891891892,0.35714285714285715,0.08333333333333333,0.27380952380952384,-0.16071428571428573,-1.1466666666666667,0.985952380952381,-2.25,-68.8,0.6808510638297872,0.0404463040446304,0.7667857142857144
0.7,-0.5,5,95,95,55,40,0,0.5789473684210527,0.32727272727272727,0.05,0.2772727272727273,-0.30436363636363634,-1.26875,0.9643863636363637,-16.74,-50.75,0.46397694524495675,0.017234701781564676,0.759465909090909
0.75,-0.5,3,95,95,49,46,0,0.5157894736842106,0.3469387755102041,0.06521739130434782,0.28172138420585624,-0.2510204081632654,-1.1997826086956522,0.9487622005323868,-12.300000000000002,-55.190000000000005,0.5367231638418078,0.020063920454545456,0.7561024844720496
0.8,-0.4,3,95,89,36,53,6,0.4044943820224719,0.3611111111111111,0.05660377358490566,0.30450733752620546,-0.2430555555555556,-1.1443396226415095,0.9012840670859539,-8.750000000000002,-60.650000000000006,0.5811393011010053,0.018290708967303337,0.7551493710691823
0.6,-0.4,8,95,95,56,39,0,0.5894736842105263,0.32142857142857145,0.05128205128205128,0.2701465201465202,-0.3126785714285714,-1.2815384615384615,0.9688598901098902,-17.509999999999998,-49.98,0.4641982864137085,0.0041841004184100415,0.7545764652014653
0.6,0.1,5,95,95,18,77,0,0.18947368421052632,0.5,0.14285714285714285,0.35714285714285715,-0.07388888888888892,-0.8592207792207792,0.7853318903318903,-1.3300000000000005,-66.16,0.874291115311909,0.08479734403098632,0.7498088023088023
0.8,-0.5,5,95,89,45,44,6,0.5056179775280899,0.3111111111111111,0.045454545454545456,0.26565656565656565,-0.30333333333333334,-1.2670454545454548,0.9637121212121215,-13.65,-55.75000000000001,0.47560507107184014,0.015713276836158193,0.7475126262626264
0.8,-0.5,3,95,89,38,51,6,0.42696629213483145,0.34210526315789475,0.058823529411764705,0.28328173374613,-0.25736842105263164,-1.1690196078431374,0.9116511867905057,-9.780000000000001,-59.620000000000005,0.5538321167883211,0.01860082304526749,0.7391073271413828
0.75,-0.2,3,95,95,26,69,0,0.2736842105263158,0.46153846153846156,0.11594202898550725,0.3455964325529543,-0.145,-0.9234782608695652,0.7784782608695652,-3.7699999999999996,-63.72,0.7506613756613755,0.05948339483394834,0.7348355629877369
0.7,-0.3,5,95,95,40,55,0,0.42105263157894735,0.4,0.07272727272727272,0.32727272727272727,-0.24450000000000002,-1.0492727272727274,0.8047727272727273,-9.780000000000001,-57.71000000000001,0.5653333333333334,0.044061620009938705,0.729659090909091
0.6,-0.2,5,95,95,37,58,0,0.3894736842105263,0.40540540540540543,0.08620689655172414,0.3191985088536813,-0.2118918918918919,-1.028448275862069,0.816556383970177,-7.84,-59.650000000000006,0.6081959020489753,0.05106586064269805,0.7274767008387698
0.6,-0.5,5,95,95,58,37,0,0.6105263157894737,0.3103448275862069,0.05405405405405406,0.25629077353215285,-0.34396551724137936,-1.284864864864865,0.9408993476234857,-19.950000000000003,-47.540000000000006,0.42073170731707304,0.018377039025397477,0.7267404473438956
0.7,-0.5,3,95,95,50,45,0,0.5263157894736842,0.34,0.06666666666666667,0.2733333333333334,-0.28240000000000004,-1.1860000000000002,0.9036000000000002,-14.120000000000001,-53.37000000000001,0.5022911526260134,0.020733944954128444,0.7251333333333334
0.6,-0.1,5,95,95,29,66,0,0.30526315789473685,0.4482758620689655,0.10606060606060606,0.34221525600835945,-0.19275862068965516,-0.9378787878787881,0.745120167189133,-5.59,-61.90000000000001,0.6527950310559004,0.07293694773101693,0.7147753396029259
0.6,0.4,5,95,95,11,84,0,0.11578947368421053,0.5454545454545454,0.16666666666666666,0.3787878787878788,-0.12090909090909091,-0.7876190476190476,0.6667099567099566,-1.33,-66.16,0.8086330935251798,0.1285563751317176,0.7121428571428571
0.7,0.4,5,95,95,11,84,0,0.11578947368421053,0.5454545454545454,0.16666666666666666,0.3787878787878788,-0.12090909090909091,-0.7876190476190476,0.6667099567099566,-1.33,-66.16,0.8086330935251798,0.1285563751317176,0.7121428571428571
0.75,0.4,5,95,95,11,84,0,0.11578947368421053,0.5454545454545454,0.16666666666666666,0.3787878787878788,-0.12090909090909091,-0.7876190476190476,0.6667099567099566,-1.33,-66.16,0.8086330935251798,0.1285563751317176,0.7121428571428571
0.7,-0.2,3,95,95,27,68,0,0.28421052631578947,0.4444444444444444,0.11764705882352941,0.326797385620915,-0.18518518518518517,-0.9189705882352941,0.733785403050109,-5.0,-62.49,0.6941896024464832,0.06058328322309079,0.6936900871459695
0.7,-0.1,3,95,95,22,73,0,0.23157894736842105,0.45454545454545453,0.136986301369863,0.3175591531755915,-0.14318181818181822,-0.8813698630136987,0.7381880448318805,-3.150000000000001,-64.34,0.758435582822086,0.0786195045109552,0.6866531755915317
0.75,-0.4,3,95,95,41,54,0,0.43157894736842106,0.36585365853658536,0.09259259259259259,0.2732610659439928,-0.24780487804878054,-1.061666666666667,0.8138617886178865,-10.160000000000002,-57.33000000000001,0.5778977980889073,0.025,0.680191960252936
0.7,-0.4,3,95,95,42,53,0,0.4421052631578947,0.35714285714285715,0.09433962264150944,0.2628032345013477,-0.24761904761904763,-1.0771698113207546,0.829550763701707,-10.4,-57.089999999999996,0.5721925133689838,0.025102459016393446,0.6775786163522012
0.6,-0.4,5,95,95,47,48,0,0.49473684210526314,0.3404255319148936,0.08333333333333333,0.2570921985815603,-0.288936170212766,-1.123125,0.834188829787234,-13.580000000000002,-53.91,0.5047410649161196,0.027772768259693416,0.6741866134751773
0.7,-0.3,3,95,95,34,61,0,0.35789473684210527,0.4117647058823529,0.09836065573770492,0.313404050144648,-0.25264705882352945,-0.9655737704918033,0.7129267116682738,-8.590000000000002,-58.9,0.5876140182429187,0.05061250805931656,0.6698674059787849
0.75,-0.3,3,95,95,34,61,0,0.35789473684210527,0.4117647058823529,0.09836065573770492,0.313404050144648,-0.2558823529411765,-0.9637704918032787,0.7078881388621021,-8.700000000000001,-58.79,0.5845272206303724,0.05070240594219279,0.6673481195756991
0.8,-0.3,3,95,89,30,59,6,0.33707865168539325,0.36666666666666664,0.0847457627118644,0.28192090395480224,-0.2703333333333333,-1.0388135593220338,0.7684802259887005,-8.11,-61.29,0.5611471861471861,0.04517837669418913,0.6661610169491525
0.6,-0.2,3,95,95,28,67,0,0.29473684210526313,0.42857142857142855,0.11940298507462686,0.30916844349680167,-0.21249999999999997,-0.9185074626865672,0.7060074626865673,-5.949999999999999,-61.540000000000006,0.6560693641618497,0.06146103400945555,0.6621721748400853
0.6,-0.3,5,95,95,39,56,0,0.4105263157894737,0.38461538461538464,0.08928571428571429,0.29532967032967034,-0.2812820512820513,-1.0092857142857141,0.7280036630036628,-10.97,-56.519999999999996,0.5259291270527224,0.05374183827222501,0.6593315018315018
0.6,-0.1,3,95,95,19,76,0,0.2,0.47368421052631576,0.14473684210526316,0.3289473684210526,-0.19631578947368425,-0.8389473684210528,0.6426315789473686,-3.730000000000001,-63.76000000000001,0.6942622950819674,0.09777840667893026,0.6502631578947369
0.6,-0.5,3,95,95,53,42,0,0.5578947368421052,0.3018867924528302,0.09523809523809523,0.20664869721473494,-0.33830188679245277,-1.1800000000000002,0.8416981132075474,-17.929999999999996,-49.56,0.44108478802992507,0.024217365623154165,0.6274977538185087
0.8,0.4,5,95,89,9,80,6,0.10112359550561797,0.4444444444444444,0.15,0.2944444444444444,-0.18666666666666668,-0.8465,0.6598333333333334,-1.6800000000000002,-67.72,0.7582733812949639,0.10565240359218174,0.6243611111111111
0.7,0.3,3,95,95,6,89,0,0.06315789473684211,0.5,0.19101123595505617,0.3089887640449438,-0.14333333333333334,-0.7486516853932583,0.605318352059925,-0.86,-66.63,0.7345679012345678,0.1632550546276529,0.6116479400749063
0.75,0.3,3,95,95,6,89,0,0.06315789473684211,0.5,0.19101123595505617,0.3089887640449438,-0.14333333333333334,-0.7486516853932583,0.605318352059925,-0.86,-66.63,0.7345679012345678,0.1632550546276529,0.6116479400749063
0.6,-0.3,3,95,95,34,61,0,0.35789473684210527,0.38235294117647056,0.11475409836065574,0.2675988428158148,-0.3023529411764706,-0.9378688524590165,0.6355159112825459,-10.280000000000001,-57.21000000000001,0.5320892125625852,0.06059113300492609,0.5853567984570878
0.6,-0.4,3,95,95,43,52,0,0.45263157894736844,0.32558139534883723,0.11538461538461539,0.21019677996422184,-0.3113953488372093,-1.0403846153846155,0.7289892665474061,-13.39,-54.1,0.49943925233644854,0.03599429793300071,0.5746914132379249
0.9,0.1,3,95,74,4,70,21,0.05405405405405406,0.5,0.11428571428571428,0.38571428571428573,-0.05000000000000002,-1.012142857142857,0.962142857142857,-0.20000000000000007,-70.85,0.9367088607594937,0.06270670723640695,-9.133214285714285
0.9,0.2,3,95,74,4,70,21,0.05405405405405406,0.5,0.11428571428571428,0.38571428571428573,-0.05000000000000002,-1.012142857142857,0.962142857142857,-0.20000000000000007,-70.85,0.9367088607594937,0.06270670723640695,-9.133214285714285
0.85,0.1,3,95,79,4,75,16,0.05063291139240506,0.5,0.14666666666666667,0.35333333333333333,-0.05000000000000002,-0.9395999999999998,0.8895999999999997,-0.20000000000000007,-70.46999999999998,0.9367088607594937,0.07942521227955586,-9.201866666666668
0.85,0.2,3,95,79,4,75,16,0.05063291139240506,0.5,0.14666666666666667,0.35333333333333333,-0.05000000000000002,-0.9395999999999998,0.8895999999999997,-0.20000000000000007,-70.46999999999998,0.9367088607594937,0.07942521227955586,-9.201866666666668
0.9,0.3,3,95,74,3,71,21,0.04054054054054054,0.3333333333333333,0.1267605633802817,0.20657276995305163,-0.35000000000000003,-0.9859154929577465,0.6359154929577464,-1.05,-70.0,0.6677215189873417,0.07395158089694405,-9.475469483568075
0.85,0.3,3,95,79,3,76,16,0.0379746835443038,0.3333333333333333,0.15789473684210525,0.17543859649122806,-0.35000000000000003,-0.9160526315789472,0.5660526315789471,-1.05,-69.61999999999999,0.6677215189873417,0.09052906596995429,-9.541535087719298
0.6,0.3,3,95,95,3,92,0,0.031578947368421054,0.6666666666666666,0.1956521739130435,0.47101449275362317,-0.7866666666666666,-0.7079347826086956,-0.07873188405797105,-2.36,-65.13,0.12915129151291513,0.18750000000000003,-9.568351449275362
0.8,0.3,3,95,89,4,85,6,0.0449438202247191,0.25,0.17647058823529413,0.07352941176470587,-0.30250000000000005,-0.802235294117647,0.499735294117647,-1.2100000000000002,-68.19,0.6265432098765431,0.1415082462545638,-9.676602941176471
0.6,0.4,3,95,95,2,93,0,0.021052631578947368,0.5,0.20430107526881722,0.29569892473118276,-1.225,-0.6993548387096773,-0.5256451612903228,-2.45,-65.03999999999999,0.0959409594095941,0.18862275449101795,-9.967123655913978
0.7,0.4,3,95,95,4,91,0,0.042105263157894736,0.25,0.2087912087912088,0.0412087912087912,-0.7450000000000001,-0.708901098901099,-0.036098901098901126,-2.9800000000000004,-64.51,0.08024691358024691,0.18987818661308553,-9.97684065934066
0.75,0.4,3,95,95,4,91,0,0.042105263157894736,0.25,0.2087912087912088,0.0412087912087912,-0.7450000000000001,-0.708901098901099,-0.036098901098901126,-2.9800000000000004,-64.51,0.08024691358024691,0.18987818661308553,-9.97684065934066
0.8,0.4,3,95,89,3,86,6,0.033707865168539325,0.0,0.18604651162790697,-0.18604651162790697,-1.08,-0.7693023255813953,-0.31069767441860474,-3.24,-66.16,0.0,0.16706534055142896,-10.34139534883721
0.9,0.4,3,95,74,2,72,21,0.02702702702702703,0.0,0.1388888888888889,-0.1388888888888889,-1.58,-0.9429166666666666,-0.6370833333333334,-3.16,-67.89,0.0,0.10186532610133617,-10.457430555555556
0.85,0.4,3,95,79,2,77,16,0.02531645569620253,0.0,0.16883116883116883,-0.16883116883116883,-1.58,-0.8767532467532466,-0.7032467532467535,-3.16,-67.50999999999999,0.0,0.11809274983670803,-10.520454545454545
