mae_threshold,recovery_level,deadline,development_trades,development_wins,development_losses,development_win_rate,development_mean_R,development_total_R,development_profit_factor,development_max_drawdown_R,development_benchmark_total_R,development_benchmark_mean_R,development_benchmark_win_rate,development_delta_R,development_delta_mean_R,development_delta_win_rate,development_delta_max_DD,development_mae_triggered,development_recovery_exits,development_deadline_exits,development_recovery_exit_pct,_score
0.6,0.4,5,95,21,74,0.22105263157894736,-0.5417894736842106,-51.470000000000006,0.13843321057917646,-51.37999999999999,-67.49,-0.7104210526315788,0.21052631578947367,16.01999999999999,0.16863157894736824,0.01052631578947369,17.66999999999998,95,11,84,0.11578947368421053,17.871315789473673
0.6,0.3,5,95,21,74,0.22105263157894736,-0.5467368421052632,-51.940000000000005,0.13056578506863073,-51.87999999999999,-67.49,-0.7104210526315788,0.21052631578947367,15.54999999999999,0.16368421052631565,0.01052631578947369,17.16999999999998,95,13,82,0.1368421052631579,17.348842105263145
0.6,-0.3,3,95,9,86,0.09473684210526316,-0.5614736842105262,-53.339999999999996,0.025575447570332484,-52.57999999999999,-67.49,-0.7104210526315788,0.21052631578947367,14.149999999999999,0.1489473684210526,-0.11578947368421051,16.469999999999978,95,34,61,0.35789473684210527,15.871473684210523
0.6,0.2,5,95,22,73,0.23157894736842105,-0.5609473684210527,-53.290000000000006,0.10796786072982928,-53.22999999999999,-67.49,-0.7104210526315788,0.21052631578947367,14.199999999999989,0.1494736842105261,0.02105263157894738,15.819999999999979,95,16,79,0.16842105263157894,15.85673684210525
0.6,0.1,5,95,22,73,0.23157894736842105,-0.5624210526315789,-53.43,0.10562437227987949,-53.36999999999999,-67.49,-0.7104210526315788,0.21052631578947367,14.059999999999995,0.1479999999999999,0.02105263157894738,15.679999999999978,95,18,77,0.18947368421052632,15.701999999999993
0.7,0.1,3,95,15,80,0.15789473684210525,-0.5669473684210528,-53.86000000000001,0.06509286582190593,-53.46000000000001,-67.49,-0.7104210526315788,0.21052631578947367,13.629999999999988,0.1434736842105261,-0.05263157894736842,15.58999999999996,95,12,83,0.12631578947368421,15.260736842105247
0.7,0.2,3,95,15,80,0.15789473684210525,-0.5669473684210528,-53.86000000000001,0.06509286582190593,-53.46000000000001,-67.49,-0.7104210526315788,0.21052631578947367,13.629999999999988,0.1434736842105261,-0.05263157894736842,15.58999999999996,95,8,87,0.08421052631578947,15.260736842105247
0.7,0.3,3,95,14,81,0.14736842105263157,-0.5696842105263158,-54.120000000000005,0.07122018191178994,-53.72,-67.49,-0.7104210526315788,0.21052631578947367,13.36999999999999,0.14073684210526305,-0.06315789473684211,15.32999999999997,95,6,89,0.06315789473684211,14.97336842105262
0.7,0.4,3,95,14,81,0.14736842105263157,-0.5696842105263158,-54.120000000000005,0.07122018191178994,-53.72,-67.49,-0.7104210526315788,0.21052631578947367,13.36999999999999,0.14073684210526305,-0.06315789473684211,15.32999999999997,95,4,91,0.042105263157894736,14.97336842105262
0.7,-0.3,3,95,10,85,0.10526315789473684,-0.5706315789473685,-54.21000000000001,0.0407007609272695,-53.45000000000001,-67.49,-0.7104210526315788,0.21052631578947367,13.279999999999987,0.13978947368421035,-0.10526315789473684,15.599999999999959,95,34,61,0.35789473684210527,14.909894736842087
0.6,-0.1,5,95,18,77,0.18947368421052632,-0.5727368421052633,-54.41000000000001,0.06704389574759945,-53.98999999999999,-67.49,-0.7104210526315788,0.21052631578947367,13.079999999999984,0.13768421052631552,-0.02105263157894735,15.059999999999981,95,29,66,0.30526315789473685,14.65484210526314
0.6,-0.2,3,95,9,86,0.09473684210526316,-0.5738947368421052,-54.519999999999996,0.02503576537911302,-53.75999999999999,-67.49,-0.7104210526315788,0.21052631578947367,12.969999999999999,0.1365263157894736,-0.11578947368421051,15.289999999999978,95,28,67,0.29473684210526313,14.567263157894734
0.8,0.4,8,95,25,70,0.2631578947368421,-0.5731578947368421,-54.449999999999996,0.18791946308724833,-54.95999999999998,-67.49,-0.7104210526315788,0.21052631578947367,13.04,0.13726315789473675,0.05263157894736842,14.08999999999999,89,16,73,0.1797752808988764,14.517631578947366
0.6,-0.4,3,95,6,89,0.06315789473684211,-0.5747368421052632,-54.60000000000001,0.021505376344086023,-53.809999999999995,-67.49,-0.7104210526315788,0.21052631578947367,12.889999999999986,0.13568421052631563,-0.14736842105263157,15.239999999999974,95,43,52,0.45263157894736844,14.48184210526314
0.7,-0.1,3,95,13,82,0.1368421052631579,-0.576,-54.72,0.04569236135333102,-53.96,-67.49,-0.7104210526315788,0.21052631578947367,12.769999999999996,0.13442105263157889,-0.07368421052631577,15.089999999999968,95,22,73,0.23157894736842105,14.346210526315783
0.6,0.0,5,95,22,73,0.23157894736842105,-0.5762105263157896,-54.74000000000001,0.06999660210669384,-54.319999999999986,-67.49,-0.7104210526315788,0.21052631578947367,12.749999999999986,0.13421052631578922,0.02105263157894738,14.729999999999983,95,24,71,0.25263157894736843,14.29010526315788
0.8,0.3,8,95,26,69,0.2736842105263158,-0.5757894736842105,-54.7,0.18089248277927522,-55.08999999999997,-67.49,-0.7104210526315788,0.21052631578947367,12.789999999999992,0.13463157894736832,0.06315789473684214,13.96,89,19,70,0.21348314606741572,14.253315789473676
0.7,0.0,3,95,15,80,0.15789473684210525,-0.5769473684210528,-54.81000000000001,0.04843750000000001,-54.050000000000004,-67.49,-0.7104210526315788,0.21052631578947367,12.679999999999986,0.13347368421052608,-0.05263157894736842,14.999999999999964,95,17,78,0.17894736842105263,14.246736842105244
0.7,0.4,5,95,19,76,0.2,-0.5766315789473685,-54.78000000000001,0.129093799682035,-54.64000000000001,-67.49,-0.7104210526315788,0.21052631578947367,12.709999999999987,0.13378947368421035,-0.010526315789473661,14.409999999999961,95,11,84,0.11578947368421053,14.217894736842087
0.8,0.2,8,95,29,66,0.30526315789473685,-0.576421052631579,-54.76,0.17393271986724992,-55.379999999999974,-67.49,-0.7104210526315788,0.21052631578947367,12.729999999999997,0.1339999999999999,0.09473684210526317,13.669999999999995,89,25,64,0.2808988764044944,14.163999999999996
0.8,0.4,5,95,23,72,0.24210526315789474,-0.5791578947368422,-55.02000000000001,0.15444905486399263,-55.28999999999999,-67.49,-0.7104210526315788,0.21052631578947367,12.469999999999985,0.13126315789473664,0.03157894736842107,13.759999999999977,89,9,80,0.10112359550561797,13.91163157894735
0.7,-0.2,3,95,10,85,0.10526315789473684,-0.5805263157894738,-55.150000000000006,0.04003481288076588,-54.39000000000001,-67.49,-0.7104210526315788,0.21052631578947367,12.33999999999999,0.12989473684210506,-0.10526315789473684,14.659999999999961,95,27,68,0.28421052631578947,13.870947368421037
0.7,0.3,5,95,19,76,0.2,-0.5810526315789474,-55.2,0.12241653418124007,-55.14,-67.49,-0.7104210526315788,0.21052631578947367,12.289999999999992,0.12936842105263147,-0.010526315789473661,13.909999999999968,95,13,82,0.1368421052631579,13.745684210526305
0.6,0.4,8,95,21,74,0.22105263157894736,-0.5829473684210525,-55.379999999999995,0.15476190476190474,-55.16999999999999,-67.49,-0.7104210526315788,0.21052631578947367,12.11,0.1274736842105263,0.01052631578947369,13.879999999999981,95,16,79,0.16842105263157894,13.56173684210526
0.6,-0.5,3,95,5,90,0.05263157894736842,-0.5837894736842106,-55.46000000000001,0.014570007107320542,-54.67,-67.49,-0.7104210526315788,0.21052631578947367,12.029999999999987,0.1266315789473682,-0.15789473684210525,14.379999999999967,95,53,42,0.5578947368421052,13.531315789473668
0.8,0.3,5,95,23,72,0.24210526315789474,-0.5829473684210528,-55.38000000000001,0.14891655140617793,-55.72999999999999,-67.49,-0.7104210526315788,0.21052631578947367,12.109999999999985,0.12747368421052607,0.03157894736842107,13.319999999999979,89,12,77,0.1348314606741573,13.505736842105247
0.6,-0.3,5,95,9,86,0.09473684210526316,-0.5843157894736842,-55.510000000000005,0.02460024600246002,-54.5,-67.49,-0.7104210526315788,0.21052631578947367,11.97999999999999,0.1261052631578946,-0.11578947368421051,14.549999999999969,95,39,56,0.4105263157894737,13.498052631578934
0.6,-0.2,5,95,11,84,0.11578947368421053,-0.5854736842105264,-55.620000000000005,0.027112121742172472,-54.60999999999999,-67.49,-0.7104210526315788,0.21052631578947367,11.86999999999999,0.12494736842105247,-0.09473684210526315,14.439999999999976,95,37,58,0.3894736842105263,13.376473684210515
0.8,0.1,8,95,29,66,0.30526315789473685,-0.584421052631579,-55.52,0.16246794388293856,-55.95999999999997,-67.49,-0.7104210526315788,0.21052631578947367,11.969999999999992,0.1259999999999999,0.09473684210526317,13.089999999999996,89,25,64,0.2808988764044944,13.341999999999992
0.6,0.3,8,95,22,73,0.23157894736842105,-0.585578947368421,-55.629999999999995,0.14743295019157088,-55.36999999999998,-67.49,-0.7104210526315788,0.21052631578947367,11.86,0.12484210526315787,0.02105263157894738,13.679999999999986,95,19,76,0.2,13.290421052631578
0.75,0.4,5,95,20,75,0.21052631578947367,-0.5857894736842106,-55.65000000000001,0.1326371571072319,-55.510000000000005,-67.49,-0.7104210526315788,0.21052631578947367,11.839999999999982,0.1246315789473682,0.0,13.539999999999964,95,11,84,0.11578947368421053,13.256315789473664
0.6,0.2,8,95,26,69,0.2736842105263158,-0.5863157894736841,-55.699999999999996,0.13936959208899874,-55.43999999999998,-67.49,-0.7104210526315788,0.21052631578947367,11.79,0.12410526315789472,0.06315789473684214,13.609999999999985,95,24,71,0.25263157894736843,13.213052631578945
0.6,-0.1,8,95,22,73,0.23157894736842105,-0.5868421052631578,-55.74999999999999,0.07881692002643755,-55.14999999999998,-67.49,-0.7104210526315788,0.21052631578947367,11.740000000000002,0.12357894736842101,0.02105263157894738,13.899999999999991,95,36,59,0.37894736842105264,13.191789473684212
0.8,0.0,8,95,31,64,0.3263157894736842,-0.5868421052631579,-55.75,0.12631249020529697,-55.849999999999966,-67.49,-0.7104210526315788,0.21052631578947367,11.739999999999995,0.1235789473684209,0.11578947368421055,13.200000000000003,89,28,61,0.3146067415730337,13.121789473684206
0.7,-0.1,5,95,18,77,0.18947368421052632,-0.5881052631578948,-55.870000000000005,0.06540649046503848,-55.449999999999996,-67.49,-0.7104210526315788,0.21052631578947367,11.61999999999999,0.12231578947368404,-0.02105263157894735,13.599999999999973,95,31,64,0.3263157894736842,13.04115789473683
0.6,0.0,8,95,29,66,0.30526315789473685,-0.5884210526315788,-55.89999999999999,0.09120468216550152,-55.299999999999976,-67.49,-0.7104210526315788,0.21052631578947367,11.590000000000003,0.122,0.09473684210526317,13.749999999999993,95,31,64,0.3263157894736842,13.026000000000003
0.75,0.4,8,95,23,72,0.24210526315789474,-0.5894736842105264,-56.00000000000001,0.17343173431734318,-55.90999999999998,-67.49,-0.7104210526315788,0.21052631578947367,11.489999999999988,0.12094736842105247,0.03157894736842107,13.139999999999986,95,19,76,0.2,12.864473684210513
0.7,0.4,8,95,22,73,0.23157894736842105,-0.5900000000000001,-56.050000000000004,0.16679054556265793,-55.839999999999975,-67.49,-0.7104210526315788,0.21052631578947367,11.43999999999999,0.12042105263157876,0.02105263157894738,13.209999999999994,95,18,77,0.18947368421052632,12.82121052631578
0.75,0.3,5,95,20,75,0.21052631578947367,-0.5902105263157895,-56.07000000000001,0.12609102244389028,-56.01,-67.49,-0.7104210526315788,0.21052631578947367,11.419999999999987,0.12021052631578932,0.0,13.03999999999997,95,14,81,0.14736842105263157,12.784105263157878
0.7,-0.4,3,95,7,88,0.07368421052631578,-0.5910526315789474,-56.150000000000006,0.036051502145922745,-55.36000000000001,-67.49,-0.7104210526315788,0.21052631578947367,11.33999999999999,0.11936842105263146,-0.13684210526315788,13.689999999999962,95,42,53,0.4421052631578947,12.7686842105263
0.7,0.1,5,95,21,74,0.22105263157894736,-0.5915789473684211,-56.2,0.10094384898416253,-56.14000000000001,-67.49,-0.7104210526315788,0.21052631578947367,11.289999999999992,0.11884210526315775,0.01052631578947369,12.909999999999961,95,19,76,0.2,12.640421052631568
0.75,0.3,8,95,24,71,0.25263157894736843,-0.5921052631578948,-56.25000000000001,0.16641967990515708,-56.10999999999998,-67.49,-0.7104210526315788,0.21052631578947367,11.239999999999988,0.11831578947368404,0.04210526315789476,12.93999999999999,95,22,73,0.23157894736842105,12.593157894736828
0.7,0.3,8,95,23,72,0.24210526315789474,-0.5926315789473685,-56.300000000000004,0.15970149253731342,-56.03999999999998,-67.49,-0.7104210526315788,0.21052631578947367,11.18999999999999,0.11778947368421033,0.03157894736842107,13.009999999999991,95,21,74,0.22105263157894736,12.549894736842095
0.6,0.1,8,95,27,68,0.28421052631578947,-0.5938947368421053,-56.419999999999995,0.1264901687567735,-56.15999999999998,-67.49,-0.7104210526315788,0.21052631578947367,11.07,0.11652631578947359,0.0736842105263158,12.889999999999986,95,26,69,0.2736842105263158,12.417263157894737
0.6,-0.4,5,95,6,89,0.06315789473684211,-0.5950526315789475,-56.53000000000001,0.020786419539234366,-55.49000000000001,-67.49,-0.7104210526315788,0.21052631578947367,10.959999999999987,0.11536842105263134,-0.14736842105263157,13.55999999999996,95,47,48,0.49473684210526314,12.3736842105263
0.75,0.2,8,95,28,67,0.29473684210526313,-0.594842105263158,-56.510000000000005,0.15593726661687832,-56.36999999999999,-67.49,-0.7104210526315788,0.21052631578947367,10.97999999999999,0.11557894736842089,0.08421052631578946,12.679999999999978,95,28,67,0.29473684210526313,12.305789473684197
0.7,0.0,5,95,23,72,0.24210526315789474,-0.5953684210526317,-56.56,0.06943073379401118,-56.13999999999999,-67.49,-0.7104210526315788,0.21052631578947367,10.929999999999993,0.11505263157894718,0.03157894736842107,12.909999999999975,95,25,70,0.2631578947368421,12.278526315789463
0.7,0.2,8,95,27,68,0.28421052631578947,-0.5953684210526317,-56.56,0.14908981495411464,-56.29999999999999,-67.49,-0.7104210526315788,0.21052631578947367,10.929999999999993,0.11505263157894718,0.0736842105263158,12.749999999999979,95,26,69,0.2736842105263158,12.262526315789465
0.7,0.2,5,95,20,75,0.21052631578947367,-0.5952631578947369,-56.550000000000004,0.10095389507154214,-56.49000000000001,-67.49,-0.7104210526315788,0.21052631578947367,10.93999999999999,0.1151578947368419,0.0,12.55999999999996,95,16,79,0.16842105263157894,12.253578947368409
0.8,0.2,5,95,24,71,0.25263157894736843,-0.5955789473684211,-56.580000000000005,0.13047487321346238,-56.929999999999986,-67.49,-0.7104210526315788,0.21052631578947367,10.90999999999999,0.11484210526315775,0.04210526315789476,12.119999999999983,89,16,73,0.1797752808988764,12.179421052631566
0.8,-0.1,8,95,26,69,0.2736842105263158,-0.5961052631578947,-56.629999999999995,0.10720479268484942,-56.72999999999996,-67.49,-0.7104210526315788,0.21052631578947367,10.86,0.11431578947368415,0.06315789473684214,12.320000000000007,89,33,56,0.3707865168539326,12.149157894736843
0.6,-0.2,8,95,12,83,0.12631578947368421,-0.597578947368421,-56.769999999999996,0.03304377448475559,-55.559999999999974,-67.49,-0.7104210526315788,0.21052631578947367,10.719999999999999,0.11284210526315785,-0.08421052631578946,13.489999999999995,95,42,53,0.4421052631578947,12.125421052631578
0.7,-0.1,8,95,22,73,0.23157894736842105,-0.598842105263158,-56.89,0.07735971456373662,-56.289999999999985,-67.49,-0.7104210526315788,0.21052631578947367,10.599999999999994,0.11157894736842089,0.02105263157894738,12.759999999999984,95,36,59,0.37894736842105264,11.931789473684203
0.8,0.1,5,95,24,71,0.25263157894736843,-0.598,-56.81,0.12694021822652526,-57.15999999999999,-67.49,-0.7104210526315788,0.21052631578947367,10.679999999999993,0.11242105263157887,0.04210526315789476,11.88999999999998,89,19,70,0.21348314606741572,11.92521052631578
0.6,0.1,3,95,14,81,0.14736842105263157,-0.6,-57.0,0.04072702793672164,-56.239999999999995,-67.49,-0.7104210526315788,0.21052631578947367,10.489999999999995,0.11042105263157886,-0.06315789473684211,12.809999999999974,95,9,86,0.09473684210526316,11.826210526315782
0.6,0.2,3,95,14,81,0.14736842105263157,-0.6,-57.0,0.04072702793672164,-56.239999999999995,-67.49,-0.7104210526315788,0.21052631578947367,10.489999999999995,0.11042105263157886,-0.06315789473684211,12.809999999999974,95,6,89,0.06315789473684211,11.826210526315782
0.75,0.1,5,95,22,73,0.23157894736842105,-0.6007368421052632,-57.07000000000001,0.1050650776227066,-57.010000000000005,-67.49,-0.7104210526315788,0.21052631578947367,10.419999999999987,0.1096842105263156,0.02105263157894738,12.039999999999964,95,20,75,0.21052631578947367,11.678842105263142
0.6,-0.3,8,95,10,85,0.10526315789473684,-0.6023157894736841,-57.21999999999999,0.030333841721742083,-56.009999999999984,-67.49,-0.7104210526315788,0.21052631578947367,10.270000000000003,0.1081052631578947,-0.10526315789473684,13.039999999999985,95,46,49,0.4842105263157895,11.62805263157895
0.8,-0.3,3,95,12,83,0.12631578947368421,-0.6018947368421053,-57.18,0.06369739643032586,-56.41999999999998,-67.49,-0.7104210526315788,0.21052631578947367,10.309999999999995,0.10852631578947358,-0.08421052631578946,12.629999999999988,89,30,59,0.33707865168539325,11.627263157894731
0.75,0.1,3,95,15,80,0.15789473684210525,-0.602,-57.19,0.06153593698720053,-56.78999999999999,-67.49,-0.7104210526315788,0.21052631578947367,10.299999999999997,0.10842105263157886,-0.05263157894736842,12.259999999999977,95,12,83,0.12631578947368421,11.580210526315783
0.75,0.2,3,95,15,80,0.15789473684210525,-0.602,-57.19,0.06153593698720053,-56.78999999999999,-67.49,-0.7104210526315788,0.21052631578947367,10.299999999999997,0.10842105263157886,-0.05263157894736842,12.259999999999977,95,8,87,0.08421052631578947,11.580210526315783
0.8,0.0,10,95,34,61,0.35789473684210527,-0.6030526315789473,-57.28999999999999,0.13328290468986384,-57.579999999999984,-67.49,-0.7104210526315788,0.21052631578947367,10.200000000000003,0.10736842105263156,0.1473684210526316,11.469999999999985,89,31,58,0.34831460674157305,11.400684210526316
0.6,-0.1,3,95,12,83,0.12631578947368421,-0.6041052631578947,-57.38999999999999,0.02909829132126544,-56.62999999999998,-67.49,-0.7104210526315788,0.21052631578947367,10.100000000000001,0.10631578947368414,-0.08421052631578946,12.419999999999987,95,19,76,0.2,11.395157894736842
0.75,0.3,3,95,14,81,0.14736842105263157,-0.6047368421052632,-57.45,0.06737012987012987,-57.04999999999999,-67.49,-0.7104210526315788,0.21052631578947367,10.039999999999992,0.1056842105263156,-0.06315789473684211,11.999999999999979,95,6,89,0.06315789473684211,11.292842105263148
0.75,0.4,3,95,14,81,0.14736842105263157,-0.6047368421052632,-57.45,0.06737012987012987,-57.04999999999999,-67.49,-0.7104210526315788,0.21052631578947367,10.039999999999992,0.1056842105263156,-0.06315789473684211,11.999999999999979,95,4,91,0.042105263157894736,11.292842105263148
0.75,0.2,5,95,21,74,0.22105263157894736,-0.6044210526315791,-57.42000000000001,0.10504987531172066,-57.36000000000001,-67.49,-0.7104210526315788,0.21052631578947367,10.069999999999986,0.10599999999999976,0.01052631578947369,11.689999999999962,95,17,78,0.17894736842105263,11.291999999999982
0.75,-0.3,3,95,10,85,0.10526315789473684,-0.6055789473684211,-57.53,0.03844225305030921,-56.77,-67.49,-0.7104210526315788,0.21052631578947367,9.959999999999994,0.10484210526315774,-0.10526315789473684,12.279999999999966,95,34,61,0.35789473684210527,11.240421052631568
0.7,-0.3,5,95,10,85,0.10526315789473684,-0.6058947368421053,-57.56,0.03842298696959572,-56.550000000000004,-67.49,-0.7104210526315788,0.21052631578947367,9.929999999999993,0.10452631578947358,-0.10526315789473684,12.499999999999964,95,40,55,0.42105263157894735,11.232263157894726
0.8,0.0,5,95,27,68,0.28421052631578947,-0.6051578947368421,-57.49,0.10284019975031211,-57.49999999999998,-67.49,-0.7104210526315788,0.21052631578947367,9.999999999999993,0.10526315789473673,0.0736842105263158,11.54999999999999,89,24,65,0.2696629213483146,11.20763157894736
0.7,0.2,10,95,31,64,0.3263157894736842,-0.6049473684210526,-57.47,0.16163384390955507,-57.78000000000001,-67.49,-0.7104210526315788,0.21052631578947367,10.019999999999996,0.10547368421052628,0.11578947368421055,11.26999999999996,95,29,66,0.30526315789473685,11.199736842105255
0.6,0.0,3,95,13,82,0.1368421052631579,-0.6066315789473684,-57.629999999999995,0.03012453719286436,-56.86999999999999,-67.49,-0.7104210526315788,0.21052631578947367,9.86,0.10378947368421043,-0.07368421052631577,12.179999999999978,95,15,80,0.15789473684210525,11.129894736842102
0.7,0.3,10,95,26,69,0.2736842105263158,-0.6061052631578947,-57.58,0.1706755005041049,-57.89,-67.49,-0.7104210526315788,0.21052631578947367,9.909999999999997,0.10431578947368414,0.06315789473684214,11.159999999999968,95,23,72,0.24210526315789474,11.078157894736835
0.7,0.1,8,95,27,68,0.28421052631578947,-0.6070526315789474,-57.67,0.13239055212877995,-57.40999999999999,-67.49,-0.7104210526315788,0.21052631578947367,9.819999999999993,0.10336842105263144,0.0736842105263158,11.63999999999998,95,27,68,0.28421052631578947,11.035684210526307
0.8,0.3,10,95,28,67,0.29473684210526313,-0.606315789473684,-57.59999999999999,0.18413597733711046,-58.35999999999998,-67.49,-0.7104210526315788,0.21052631578947367,9.890000000000008,0.10410526315789481,0.08421052631578946,10.68999999999999,89,20,69,0.2247191011235955,11.011052631578954
0.7,-0.2,5,95,12,83,0.12631578947368421,-0.608842105263158,-57.84,0.040636921545861675,-56.83,-67.49,-0.7104210526315788,0.21052631578947367,9.649999999999991,0.10157894736842088,-0.08421052631578946,12.21999999999997,95,37,58,0.3894736842105263,10.9227894736842
0.6,0.3,3,95,13,82,0.1368421052631579,-0.6087368421052631,-57.83,0.03745006657789614,-57.06999999999999,-67.49,-0.7104210526315788,0.21052631578947367,9.659999999999997,0.10168421052631571,-0.07368421052631577,11.979999999999976,95,3,92,0.031578947368421054,10.908842105263151
0.6,0.4,3,95,13,82,0.1368421052631579,-0.6087368421052631,-57.83,0.03745006657789614,-57.06999999999999,-67.49,-0.7104210526315788,0.21052631578947367,9.659999999999997,0.10168421052631571,-0.07368421052631577,11.979999999999976,95,2,93,0.021052631578947368,10.908842105263151
0.7,0.0,12,95,36,59,0.37894736842105264,-0.6078947368421054,-57.75000000000001,0.11710747592111301,-57.91,-67.49,-0.7104210526315788,0.21052631578947367,9.739999999999988,0.10252631578947347,0.16842105263157897,11.139999999999972,95,38,57,0.4,10.905263157894721
0.75,-0.1,5,95,20,75,0.21052631578947367,-0.6089473684210527,-57.85,0.069486890783336,-57.44999999999999,-67.49,-0.7104210526315788,0.21052631578947367,9.639999999999993,0.10147368421052616,0.0,11.59999999999998,95,31,64,0.3263157894736842,10.850736842105254
0.7,-0.1,12,95,25,70,0.2631578947368421,-0.608421052631579,-57.800000000000004,0.08486383787207091,-57.959999999999994,-67.49,-0.7104210526315788,0.21052631578947367,9.68999999999999,0.10199999999999987,0.05263157894736842,11.089999999999975,95,44,51,0.4631578947368421,10.849999999999989
0.7,0.3,12,95,28,67,0.29473684210526313,-0.6081052631578948,-57.77,0.18530531659850522,-58.40999999999999,-67.49,-0.7104210526315788,0.21052631578947367,9.719999999999992,0.10231578947368403,0.08421052631578946,10.63999999999998,95,25,70,0.2631578947368421,10.835157894736833
0.8,0.2,10,95,31,64,0.3263157894736842,-0.6079999999999999,-57.759999999999984,0.17225566064775005,-58.569999999999986,-67.49,-0.7104210526315788,0.21052631578947367,9.730000000000011,0.10242105263157897,0.11578947368421055,10.479999999999983,89,26,63,0.29213483146067415,10.8292105263158
0.8,0.2,3,95,15,80,0.15789473684210525,-0.6092631578947368,-57.879999999999995,0.08010171646535283,-57.479999999999976,-67.49,-0.7104210526315788,0.21052631578947367,9.61,0.101157894736842,-0.05263157894736842,11.569999999999993,89,8,81,0.0898876404494382,10.817578947368421
0.75,-0.1,8,95,23,72,0.24210526315789474,-0.6094736842105263,-57.9,0.0803684879288437,-57.29999999999998,-67.49,-0.7104210526315788,0.21052631578947367,9.589999999999996,0.10094736842105256,0.03157894736842107,11.749999999999986,95,37,58,0.3894736842105263,10.815473684210522
0.75,0.1,8,95,28,67,0.29473684210526313,-0.6090526315789474,-57.86000000000001,0.1357729648991785,-57.71999999999999,-67.49,-0.7104210526315788,0.21052631578947367,9.629999999999988,0.10136842105263144,0.08421052631578946,11.329999999999977,95,28,67,0.29473684210526313,10.8136842105263
0.7,0.0,8,95,29,66,0.30526315789473685,-0.6095789473684211,-57.910000000000004,0.08831863979848867,-57.309999999999974,-67.49,-0.7104210526315788,0.21052631578947367,9.579999999999991,0.10084210526315773,0.09473684210526317,11.739999999999995,95,31,64,0.3263157894736842,10.80442105263157
0.7,0.2,12,95,33,62,0.3473684210526316,-0.6087368421052632,-57.83000000000001,0.17326661901358115,-58.76,-67.49,-0.7104210526315788,0.21052631578947367,9.659999999999982,0.1016842105263156,0.13684210526315793,10.28999999999997,95,32,63,0.3368421052631579,10.739842105263136
0.75,0.2,10,95,32,63,0.3368421052631579,-0.6093684210526316,-57.88999999999999,0.16824712643678164,-58.19999999999999,-67.49,-0.7104210526315788,0.21052631578947367,9.600000000000001,0.10105263157894728,0.12631578947368421,10.84999999999998,95,30,65,0.3157894736842105,10.735526315789473
0.7,-0.5,3,95,6,89,0.06315789473684211,-0.6104210526315791,-57.99000000000001,0.028805895159939712,-57.20000000000001,-67.49,-0.7104210526315788,0.21052631578947367,9.499999999999986,0.09999999999999976,-0.14736842105263157,11.849999999999959,95,50,45,0.5263157894736842,10.734999999999982
0.8,-0.1,5,95,24,71,0.25263157894736843,-0.6097894736842105,-57.93,0.09864633577096624,-57.93999999999998,-67.49,-0.7104210526315788,0.21052631578947367,9.559999999999995,0.1006315789473683,0.04210526315789476,11.109999999999985,89,27,62,0.30337078651685395,10.721315789473678
0.75,0.0,3,95,15,80,0.15789473684210525,-0.6120000000000001,-58.14000000000001,0.04579025110782866,-57.379999999999995,-67.49,-0.7104210526315788,0.21052631578947367,9.349999999999987,0.09842105263157874,-0.05263157894736842,11.669999999999973,95,17,78,0.17894736842105263,10.566210526315775
0.8,0.1,3,95,15,80,0.15789473684210525,-0.6116842105263158,-58.11,0.07644628099173553,-57.70999999999998,-67.49,-0.7104210526315788,0.21052631578947367,9.379999999999995,0.09873684210526301,-0.05263157894736842,11.33999999999999,89,8,81,0.0898876404494382,10.563368421052626
0.8,0.3,3,95,14,81,0.14736842105263157,-0.6119999999999999,-58.13999999999999,0.0855614973262032,-57.739999999999974,-67.49,-0.7104210526315788,0.21052631578947367,9.350000000000001,0.09842105263157896,-0.06315789473684211,11.309999999999995,89,4,85,0.0449438202247191,10.530210526315791
0.8,0.4,3,95,14,81,0.14736842105263157,-0.6119999999999999,-58.13999999999999,0.0855614973262032,-57.739999999999974,-67.49,-0.7104210526315788,0.21052631578947367,9.350000000000001,0.09842105263157896,-0.06315789473684211,11.309999999999995,89,3,86,0.033707865168539325,10.530210526315791
0.75,0.0,5,95,24,71,0.25263157894736843,-0.612421052631579,-58.18,0.07327174259318253,-57.77999999999999,-67.49,-0.7104210526315788,0.21052631578947367,9.309999999999995,0.09799999999999986,0.04210526315789476,11.269999999999982,95,26,69,0.2736842105263158,10.485999999999994
0.8,0.1,10,95,32,63,0.3368421052631579,-0.6114736842105262,-58.08999999999999,0.16549346358281855,-58.71999999999999,-67.49,-0.7104210526315788,0.21052631578947367,9.400000000000006,0.09894736842105267,0.12631578947368421,10.329999999999977,89,28,61,0.3146067415730337,10.482473684210529
0.75,-0.1,3,95,13,82,0.1368421052631579,-0.6134736842105263,-58.28,0.04302134646962233,-57.519999999999996,-67.49,-0.7104210526315788,0.21052631578947367,9.209999999999994,0.09694736842105256,-0.07368421052631577,11.529999999999973,95,20,75,0.21052631578947367,10.411473684210517
0.75,0.2,12,95,33,62,0.3473684210526316,-0.6125263157894737,-58.190000000000005,0.17237946238088467,-59.12,-67.49,-0.7104210526315788,0.21052631578947367,9.29999999999999,0.09789473684210515,0.13684210526315793,9.929999999999971,95,32,63,0.3368421052631579,10.341947368421039
0.75,0.3,12,95,28,67,0.29473684210526313,-0.612842105263158,-58.220000000000006,0.18413677130044845,-58.85999999999999,-67.49,-0.7104210526315788,0.21052631578947367,9.269999999999989,0.09757894736842088,0.08421052631578946,10.189999999999976,95,25,70,0.2631578947368421,10.337789473684198
0.8,-0.3,8,95,14,81,0.14736842105263157,-0.6150526315789474,-58.43000000000001,0.07047406936048363,-57.369999999999976,-67.49,-0.7104210526315788,0.21052631578947367,9.059999999999988,0.09536842105263144,-0.06315789473684211,11.679999999999993,89,42,47,0.47191011235955055,10.275684210526302
0.8,-0.4,3,95,10,85,0.10526315789473684,-0.6150526315789474,-58.43000000000001,0.06151622229360744,-57.639999999999986,-67.49,-0.7104210526315788,0.21052631578947367,9.059999999999988,0.09536842105263144,-0.10526315789473684,11.409999999999982,89,36,53,0.4044943820224719,10.248684210526301
0.75,0.3,10,95,26,69,0.2736842105263158,-0.6143157894736843,-58.36,0.17278525868178596,-58.37999999999999,-67.49,-0.7104210526315788,0.21052631578947367,9.129999999999995,0.09610526315789458,0.06315789473684214,10.66999999999998,95,24,71,0.25263157894736843,10.245052631578941
0.7,0.0,10,95,33,62,0.3473684210526316,-0.6156842105263157,-58.489999999999995,0.10208781086889775,-58.07999999999999,-67.49,-0.7104210526315788,0.21052631578947367,9.0,0.09473684210526312,0.13684210526315793,10.969999999999978,95,35,60,0.3684210526315789,10.14436842105263
0.75,0.0,8,95,29,66,0.30526315789473685,-0.6168421052631579,-58.6,0.09105010082208778,-57.99999999999998,-67.49,-0.7104210526315788,0.21052631578947367,8.889999999999993,0.09357894736842098,0.09473684210526317,11.04999999999999,95,31,64,0.3263157894736842,10.041789473684203
0.8,0.0,3,95,16,79,0.16842105263157894,-0.617157894736842,-58.629999999999995,0.06803369893498648,-57.86999999999998,-67.49,-0.7104210526315788,0.21052631578947367,8.86,0.09326315789473683,-0.04210526315789473,11.179999999999986,89,13,76,0.14606741573033707,10.024631578947366
0.7,0.4,10,95,24,71,0.25263157894736843,-0.6163157894736842,-58.55,0.17570040827819228,-58.91,-67.49,-0.7104210526315788,0.21052631578947367,8.939999999999998,0.09410526315789469,0.04210526315789476,10.139999999999972,95,21,74,0.22105263157894736,10.001052631578943
0.75,-0.2,3,95,10,85,0.10526315789473684,-0.6176842105263158,-58.68,0.0377172843555264,-57.92,-67.49,-0.7104210526315788,0.21052631578947367,8.809999999999995,0.092736842105263,-0.10526315789473684,11.129999999999967,95,26,69,0.2736842105263158,9.969368421052623
0.6,-0.5,5,95,5,90,0.05263157894736842,-0.6181052631578947,-58.72,0.013772253946926436,-57.68,-67.49,-0.7104210526315788,0.21052631578947367,8.769999999999996,0.09231578947368413,-0.15789473684210525,11.369999999999969,95,58,37,0.6105263157894737,9.953157894736835
0.7,-0.2,8,95,13,82,0.1368421052631579,-0.6190526315789474,-58.81,0.04606650446066505,-57.59999999999998,-67.49,-0.7104210526315788,0.21052631578947367,8.679999999999993,0.09136842105263143,-0.07368421052631577,11.449999999999989,95,40,55,0.42105263157894735,9.870684210526308
0.8,-0.2,3,95,12,83,0.12631578947368421,-0.6186315789473684,-58.77,0.06208107245451644,-58.009999999999984,-67.49,-0.7104210526315788,0.21052631578947367,8.719999999999992,0.09178947368421042,-0.08421052631578946,11.039999999999985,89,23,66,0.25842696629213485,9.869894736842095
0.8,-0.1,3,95,15,80,0.15789473684210525,-0.6187368421052631,-58.779999999999994,0.06683600571519288,-58.01999999999998,-67.49,-0.7104210526315788,0.21052631578947367,8.71,0.0916842105263157,-0.05263157894736842,11.029999999999987,89,14,75,0.15730337078651685,9.858842105263157
0.7,0.1,10,95,31,64,0.3263157894736842,-0.618,-58.71,0.1435448577680525,-59.02,-67.49,-0.7104210526315788,0.21052631578947367,8.779999999999994,0.09242105263157885,0.11578947368421055,10.029999999999966,95,31,64,0.3263157894736842,9.82921052631578
0.75,-0.3,5,95,11,84,0.11578947368421053,-0.6197894736842106,-58.88,0.04369010881923015,-57.870000000000005,-67.49,-0.7104210526315788,0.21052631578947367,8.609999999999992,0.09063157894736829,-0.09473684210526315,11.179999999999964,95,41,54,0.43157894736842106,9.773315789473672
0.75,0.0,10,95,33,62,0.3473684210526316,-0.6193684210526315,-58.83999999999999,0.10969889544560446,-58.429999999999986,-67.49,-0.7104210526315788,0.21052631578947367,8.650000000000006,0.09105263157894739,0.13684210526315793,10.619999999999983,95,35,60,0.3684210526315789,9.757526315789477
0.7,-0.4,5,95,7,88,0.07368421052631578,-0.6201052631578948,-58.910000000000004,0.03442058678905097,-57.87000000000001,-67.49,-0.7104210526315788,0.21052631578947367,8.579999999999991,0.09031578947368402,-0.13684210526315788,11.179999999999957,95,47,48,0.49473684210526314,9.743157894736829
0.8,-0.3,5,95,14,81,0.14736842105263157,-0.6203157894736842,-58.93,0.06991792929292931,-58.069999999999986,-67.49,-0.7104210526315788,0.21052631578947367,8.559999999999995,0.09010526315789469,-0.06315789473684211,10.979999999999983,89,36,53,0.4044943820224719,9.703052631578942
0.7,-0.1,10,95,24,71,0.25263157894736843,-0.6198947368421052,-58.88999999999999,0.0812792511700468,-58.47999999999999,-67.49,-0.7104210526315788,0.21052631578947367,8.600000000000001,0.09052631578947368,0.04210526315789476,10.569999999999979,95,41,54,0.43157894736842106,9.702263157894738
0.8,0.4,10,95,26,69,0.2736842105263158,-0.619157894736842,-58.81999999999999,0.18824178857300577,-59.69999999999998,-67.49,-0.7104210526315788,0.21052631578947367,8.670000000000002,0.09126315789473682,0.06315789473684214,9.349999999999987,89,18,71,0.20224719101123595,9.650631578947369
0.7,-0.3,8,95,11,84,0.11578947368421053,-0.6211578947368421,-59.010000000000005,0.04359805510534846,-57.79999999999999,-67.49,-0.7104210526315788,0.21052631578947367,8.47999999999999,0.08926315789473671,-0.09473684210526315,11.249999999999979,95,45,50,0.47368421052631576,9.649631578947357
0.75,0.0,12,95,35,60,0.3684210526315789,-0.6198947368421054,-58.89000000000001,0.11470234515935059,-59.04999999999999,-67.49,-0.7104210526315788,0.21052631578947367,8.599999999999987,0.09052631578947345,0.15789473684210525,9.999999999999979,95,37,58,0.3894736842105263,9.645263157894723
0.7,0.1,12,95,34,61,0.35789473684210527,-0.6200000000000001,-58.900000000000006,0.15555555555555559,-59.83,-67.49,-0.7104210526315788,0.21052631578947367,8.58999999999999,0.09042105263157874,0.1473684210526316,9.21999999999997,95,34,61,0.35789473684210527,9.557210526315776
0.6,0.2,10,95,29,66,0.30526315789473685,-0.6214736842105264,-59.040000000000006,0.14927953890489917,-58.97000000000001,-67.49,-0.7104210526315788,0.21052631578947367,8.449999999999989,0.08894736842105244,0.09473684210526317,10.079999999999956,95,27,68,0.28421052631578947,9.50247368421051
0.6,-0.4,8,95,6,89,0.06315789473684211,-0.6230526315789473,-59.18999999999999,0.01987083954297069,-57.949999999999996,-67.49,-0.7104210526315788,0.21052631578947367,8.300000000000004,0.08736842105263154,-0.14736842105263157,11.099999999999973,95,56,39,0.5894736842105263,9.453684210526317
0.8,-0.5,3,95,10,85,0.10526315789473684,-0.6226315789473685,-59.150000000000006,0.06081295649412511,-58.36,-67.49,-0.7104210526315788,0.21052631578947367,8.33999999999999,0.0877894736842103,-0.10526315789473684,10.68999999999997,89,38,51,0.42696629213483145,9.452894736842092
0.6,-0.3,12,95,11,84,0.11578947368421053,-0.623263157894737,-59.21000000000001,0.031725265739983646,-58.31999999999999,-67.49,-0.7104210526315788,0.21052631578947367,8.279999999999987,0.08715789473684188,-0.09473684210526315,10.729999999999976,95,52,43,0.5473684210526316,9.396578947368404
0.75,0.1,10,95,32,63,0.3368421052631579,-0.6224210526315789,-59.129999999999995,0.15043103448275863,-59.43999999999999,-67.49,-0.7104210526315788,0.21052631578947367,8.36,0.08799999999999997,0.12631578947368421,9.609999999999978,95,32,63,0.3368421052631579,9.364999999999998
0.8,-0.1,10,95,27,68,0.28421052631578947,-0.622736842105263,-59.15999999999999,0.10512781727423991,-59.44999999999998,-67.49,-0.7104210526315788,0.21052631578947367,8.330000000000005,0.08768421052631581,0.0736842105263158,9.599999999999987,89,37,52,0.4157303370786517,9.333842105263162
0.9,0.3,8,95,23,72,0.24210526315789474,-0.6222105263157894,-59.10999999999999,0.17513257047167177,-60.469999999999985,-67.49,-0.7104210526315788,0.21052631578947367,8.380000000000003,0.0882105263157894,0.03157894736842107,8.579999999999984,74,9,65,0.12162162162162163,9.282105263157897
0.75,-0.4,3,95,7,88,0.07368421052631578,-0.624421052631579,-59.32000000000001,0.034190817323347444,-58.530000000000015,-67.49,-0.7104210526315788,0.21052631578947367,8.169999999999987,0.08599999999999985,-0.13684210526315788,10.519999999999953,95,41,54,0.43157894736842106,9.264999999999983
0.8,0.0,12,95,35,60,0.3684210526315789,-0.624,-59.28,0.13231850117096017,-59.69999999999999,-67.49,-0.7104210526315788,0.21052631578947367,8.209999999999994,0.08642105263157884,0.15789473684210525,9.34999999999998,89,32,57,0.3595505617977528,9.188210526315782
0.6,0.3,10,95,24,71,0.25263157894736843,-0.6246315789473685,-59.34000000000001,0.15566306203756405,-59.27000000000001,-67.49,-0.7104210526315788,0.21052631578947367,8.149999999999984,0.0857894736842103,0.04210526315789476,9.779999999999959,95,21,74,0.22105263157894736,9.170894736842087
0.75,0.4,10,95,24,71,0.25263157894736843,-0.6245263157894737,-59.33,0.17768537768537768,-59.399999999999984,-67.49,-0.7104210526315788,0.21052631578947367,8.159999999999997,0.08589473684210513,0.04210526315789476,9.649999999999984,95,22,73,0.23157894736842105,9.167947368421046
0.75,0.1,12,95,34,61,0.35789473684210527,-0.6237894736842106,-59.260000000000005,0.15475681072600203,-60.19,-67.49,-0.7104210526315788,0.21052631578947367,8.22999999999999,0.08663157894736828,0.1473684210526316,8.859999999999971,95,34,61,0.35789473684210527,9.159315789473672
0.8,-0.2,8,95,16,79,0.16842105263157894,-0.626421052631579,-59.510000000000005,0.07146200655328444,-58.54999999999997,-67.49,-0.7104210526315788,0.21052631578947367,7.97999999999999,0.08399999999999985,-0.04210526315789473,10.5,89,35,54,0.39325842696629215,9.07199999999999
0.6,-0.1,12,95,24,71,0.25263157894736843,-0.6257894736842105,-59.449999999999996,0.08057531704299412,-59.16999999999997,-67.49,-0.7104210526315788,0.21052631578947367,8.04,0.08463157894736839,0.04210526315789476,9.879999999999995,95,42,53,0.4421052631578947,9.070315789473684
0.7,-0.3,12,95,13,82,0.1368421052631579,-0.6266315789473684,-59.53,0.04782469609724888,-58.64,-67.49,-0.7104210526315788,0.21052631578947367,7.959999999999994,0.08378947368421041,-0.07368421052631577,10.409999999999968,95,53,42,0.5578947368421052,9.042894736842095
0.9,0.2,8,95,24,71,0.25263157894736843,-0.6249473684210526,-59.37,0.1713886950453594,-60.72999999999998,-67.49,-0.7104210526315788,0.21052631578947367,8.119999999999997,0.08547368421052626,0.04210526315789476,8.319999999999986,74,11,63,0.14864864864864866,8.99473684210526
0.6,-0.3,10,95,11,84,0.11578947368421053,-0.6283157894736842,-59.69,0.03147817621288334,-58.669999999999995,-67.49,-0.7104210526315788,0.21052631578947367,7.799999999999997,0.08210526315789468,-0.09473684210526315,10.379999999999974,95,49,46,0.5157894736842106,8.879052631578942
0.75,-0.1,12,95,25,70,0.2631578947368421,-0.6275789473684211,-59.620000000000005,0.08248691905201601,-59.78,-67.49,-0.7104210526315788,0.21052631578947367,7.86999999999999,0.08284210526315772,0.05263157894736842,9.269999999999968,95,43,52,0.45263157894736844,8.838421052631565
0.7,0.4,12,95,26,69,0.2736842105263158,-0.6272631578947369,-59.59,0.1877044711014177,-60.279999999999994,-67.49,-0.7104210526315788,0.21052631578947367,7.8999999999999915,0.08315789473684199,0.06315789473684214,8.769999999999975,95,23,72,0.24210526315789474,8.81857894736841
0.6,0.0,12,95,33,62,0.3473684210526316,-0.6285263157894737,-59.71,0.10291466346153844,-59.42999999999997,-67.49,-0.7104210526315788,0.21052631578947367,7.779999999999994,0.08189473684210513,0.13684210526315793,9.619999999999997,95,35,60,0.3684210526315789,8.782947368421047
0.6,-0.1,10,95,23,72,0.24210526315789474,-0.6288421052631579,-59.739999999999995,0.0760903185895453,-59.330000000000005,-67.49,-0.7104210526315788,0.21052631578947367,7.75,0.08157894736842097,0.03157894736842107,9.719999999999963,95,38,57,0.4,8.762789473684206
0.8,0.2,12,95,32,63,0.3368421052631579,-0.628,-59.660000000000004,0.17242335968927733,-60.59999999999999,-67.49,-0.7104210526315788,0.21052631578947367,7.829999999999991,0.08242105263157884,0.12631578947368421,8.449999999999982,89,28,61,0.3146067415730337,8.716210526315779
0.9,0.1,8,95,24,71,0.25263157894736843,-0.6283157894736842,-59.69,0.1669225401256106,-61.04999999999998,-67.49,-0.7104210526315788,0.21052631578947367,7.799999999999997,0.08210526315789468,0.04210526315789476,7.999999999999986,74,13,61,0.17567567567567569,8.641052631578942
0.6,0.2,12,95,30,65,0.3157894736842105,-0.6296842105263158,-59.82,0.1590046393926613,-60.259999999999984,-67.49,-0.7104210526315788,0.21052631578947367,7.669999999999995,0.080736842105263,0.10526315789473684,8.789999999999985,95,30,65,0.3157894736842105,8.589368421052624
0.75,-0.2,5,95,13,82,0.1368421052631579,-0.6311578947368421,-59.96,0.045222929936305736,-58.949999999999996,-67.49,-0.7104210526315788,0.21052631578947367,7.529999999999994,0.0792631578947367,-0.07368421052631577,10.099999999999973,95,36,59,0.37894736842105264,8.57963157894736
0.6,0.3,12,95,26,69,0.2736842105263158,-0.6308421052631579,-59.93,0.167870036101083,-60.13999999999998,-67.49,-0.7104210526315788,0.21052631578947367,7.559999999999995,0.07957894736842097,0.06315789473684214,8.90999999999999,95,23,72,0.24210526315789474,8.490789473684204
0.85,0.4,8,95,21,74,0.22105263157894736,-0.6296842105263158,-59.82000000000001,0.17727960390592765,-61.559999999999974,-67.49,-0.7104210526315788,0.21052631578947367,7.6699999999999875,0.080736842105263,0.01052631578947369,7.489999999999995,79,9,70,0.11392405063291139,8.459368421052618
0.75,-0.3,8,95,11,84,0.11578947368421053,-0.6327368421052633,-60.110000000000014,0.042834394904458596,-58.89999999999999,-67.49,-0.7104210526315788,0.21052631578947367,7.379999999999981,0.07768421052631558,-0.09473684210526315,10.149999999999977,95,46,49,0.4842105263157895,8.433842105263137
0.9,0.4,8,95,22,73,0.23157894736842105,-0.6309473684210525,-59.93999999999999,0.17777777777777776,-61.29999999999997,-67.49,-0.7104210526315788,0.21052631578947367,7.550000000000004,0.07947368421052636,0.02105263157894738,7.75,74,7,67,0.0945945945945946,8.364736842105268
0.8,-0.2,5,95,16,79,0.16842105263157894,-0.6330526315789474,-60.14,0.07076637824474659,-59.37999999999999,-67.49,-0.7104210526315788,0.21052631578947367,7.349999999999994,0.07736842105263142,-0.04210526315789473,9.66999999999998,89,31,58,0.34831460674157305,8.355684210526308
0.75,0.4,12,95,26,69,0.2736842105263158,-0.632,-60.04,0.18656008670911803,-60.73,-67.49,-0.7104210526315788,0.21052631578947367,7.449999999999996,0.07842105263157884,0.06315789473684214,8.319999999999972,95,23,72,0.24210526315789474,8.321210526315783
0.6,-0.2,10,95,13,82,0.1368421052631579,-0.6336842105263157,-60.199999999999996,0.03355273719698186,-59.179999999999986,-67.49,-0.7104210526315788,0.21052631578947367,7.289999999999999,0.0767368421052631,-0.07368421052631577,9.869999999999983,95,44,51,0.4631578947368421,8.315368421052629
0.75,-0.3,12,95,13,82,0.1368421052631579,-0.6335789473684211,-60.19000000000001,0.047325102880658436,-59.300000000000004,-67.49,-0.7104210526315788,0.21052631578947367,7.299999999999983,0.07684210526315771,-0.07368421052631577,9.749999999999964,95,53,42,0.5578947368421052,8.313421052631558
0.85,0.3,8,95,22,73,0.23157894736842105,-0.6311578947368421,-59.96000000000001,0.1722805080066262,-61.699999999999974,-67.49,-0.7104210526315788,0.21052631578947367,7.529999999999987,0.0792631578947367,0.02105263157894738,7.349999999999994,79,11,68,0.13924050632911392,8.304631578947355
0.8,0.1,12,95,33,62,0.3473684210526316,-0.6332631578947369,-60.160000000000004,0.16339869281045752,-60.919999999999995,-67.49,-0.7104210526315788,0.21052631578947367,7.329999999999991,0.07715789473684198,0.13684210526315793,8.129999999999974,89,29,60,0.3258426966292135,8.18157894736841
0.6,0.1,10,95,29,66,0.30526315789473685,-0.6345263157894737,-60.28000000000001,0.1314121037463977,-60.21000000000001,-67.49,-0.7104210526315788,0.21052631578947367,7.209999999999987,0.07589473684210513,0.09473684210526317,8.83999999999996,95,29,66,0.30526315789473685,8.131947368421036
0.8,0.3,12,95,27,68,0.28421052631578947,-0.6338947368421053,-60.220000000000006,0.18045726728361458,-60.86999999999998,-67.49,-0.7104210526315788,0.21052631578947367,7.269999999999989,0.07652631578947355,0.0736842105263158,8.179999999999986,89,21,68,0.23595505617977527,8.126263157894725
0.85,-0.3,3,95,13,82,0.1368421052631579,-0.6332631578947369,-60.16,0.11956680813698227,-61.49999999999997,-67.49,-0.7104210526315788,0.21052631578947367,7.329999999999998,0.07715789473684198,-0.07368421052631577,7.549999999999997,79,16,63,0.20253164556962025,8.123578947368419
0.6,0.0,10,95,31,64,0.3263157894736842,-0.6349473684210526,-60.32,0.08950943396226417,-59.910000000000004,-67.49,-0.7104210526315788,0.21052631578947367,7.169999999999995,0.07547368421052625,0.11578947368421055,9.139999999999965,95,33,62,0.3473684210526316,8.121736842105255
0.75,-0.1,10,95,24,71,0.25263157894736843,-0.635157894736842,-60.33999999999999,0.07948131197559115,-59.929999999999986,-67.49,-0.7104210526315788,0.21052631578947367,7.150000000000006,0.07526315789473681,0.04210526315789476,9.119999999999983,95,40,55,0.42105263157894735,8.099631578947372
0.6,0.4,10,95,22,73,0.23157894736842105,-0.634842105263158,-60.31000000000001,0.16096271563717304,-60.29,-67.49,-0.7104210526315788,0.21052631578947367,7.1799999999999855,0.07557894736842086,0.02105263157894738,8.75999999999997,95,19,76,0.2,8.093789473684193
0.9,-0.3,8,95,18,77,0.18947368421052632,-0.6337894736842105,-60.209999999999994,0.1429181494661922,-61.56999999999998,-67.49,-0.7104210526315788,0.21052631578947367,7.280000000000001,0.07663157894736838,-0.02105263157894735,7.47999999999999,74,23,51,0.3108108108108108,8.066315789473684
0.85,0.2,8,95,23,72,0.24210526315789474,-0.6335789473684211,-60.190000000000005,0.16899074968935524,-61.92999999999997,-67.49,-0.7104210526315788,0.21052631578947367,7.29999999999999,0.07684210526315771,0.03157894736842107,7.119999999999997,79,14,65,0.17721518987341772,8.050421052631568
0.9,0.0,8,95,24,71,0.25263157894736843,-0.634,-60.23,0.15938590369853453,-61.58999999999998,-67.49,-0.7104210526315788,0.21052631578947367,7.259999999999998,0.07642105263157883,0.04210526315789476,7.459999999999987,74,14,60,0.1891891891891892,8.044210526315787
0.75,-0.2,8,95,13,82,0.1368421052631579,-0.6366315789473684,-60.480000000000004,0.044851547694251426,-59.26999999999999,-67.49,-0.7104210526315788,0.21052631578947367,7.009999999999991,0.0737894736842104,-0.07368421052631577,9.77999999999998,95,40,55,0.42105263157894735,8.024894736842093
0.8,-0.1,12,95,27,68,0.28421052631578947,-0.635578947368421,-60.379999999999995,0.10322293182830834,-60.79999999999999,-67.49,-0.7104210526315788,0.21052631578947367,7.109999999999999,0.07484210526315782,0.0736842105263158,8.249999999999979,89,38,51,0.42696629213483145,7.972421052631576
0.9,-0.4,8,95,16,79,0.16842105263157894,-0.635157894736842,-60.339999999999996,0.1405782652043868,-61.69999999999998,-67.49,-0.7104210526315788,0.21052631578947367,7.149999999999999,0.07526315789473681,-0.04210526315789473,7.349999999999987,74,29,45,0.3918918918918919,7.922631578947366
0.8,-0.3,10,95,15,80,0.15789473684210525,-0.6390526315789473,-60.709999999999994,0.07014856792770717,-59.839999999999996,-67.49,-0.7104210526315788,0.21052631578947367,6.780000000000001,0.07136842105263153,-0.05263157894736842,9.209999999999972,89,44,45,0.4943820224719101,7.736684210526315
0.85,0.1,8,95,23,72,0.24210526315789474,-0.6375789473684211,-60.57000000000001,0.16374430484605823,-62.309999999999974,-67.49,-0.7104210526315788,0.21052631578947367,6.9199999999999875,0.07284210526315771,0.03157894736842107,6.739999999999995,79,15,64,0.189873417721519,7.630421052631566
0.8,-0.4,8,95,10,85,0.10526315789473684,-0.6404210526315789,-60.839999999999996,0.05922375135302302,-59.59999999999997,-67.49,-0.7104210526315788,0.21052631578947367,6.649999999999999,0.06999999999999995,-0.10526315789473684,9.449999999999996,89,48,41,0.5393258426966292,7.629999999999998
0.9,0.3,3,95,15,80,0.15789473684210525,-0.6378947368421052,-60.599999999999994,0.13871517907902217,-62.40999999999998,-67.49,-0.7104210526315788,0.21052631578947367,6.890000000000001,0.07252631578947366,-0.05263157894736842,6.639999999999986,74,3,71,0.04054054054054054,7.590263157894737
0.9,0.4,3,95,15,80,0.15789473684210525,-0.6378947368421052,-60.599999999999994,0.13871517907902217,-62.40999999999998,-67.49,-0.7104210526315788,0.21052631578947367,6.890000000000001,0.07252631578947366,-0.05263157894736842,6.639999999999986,74,2,72,0.02702702702702703,7.590263157894737
0.7,-0.2,12,95,15,80,0.15789473684210525,-0.6405263157894737,-60.85,0.049070167213627135,-59.959999999999994,-67.49,-0.7104210526315788,0.21052631578947367,6.6399999999999935,0.06989473684210512,-0.05263157894736842,9.089999999999975,95,48,47,0.5052631578947369,7.583947368421043
0.9,-0.2,3,95,15,80,0.15789473684210525,-0.639157894736842,-60.71999999999999,0.135042735042735,-62.529999999999994,-67.49,-0.7104210526315788,0.21052631578947367,6.770000000000003,0.0712631578947368,-0.05263157894736842,6.519999999999975,74,9,65,0.12162162162162163,7.457631578947369
0.9,-0.3,3,95,15,80,0.15789473684210525,-0.6394736842105262,-60.74999999999999,0.1349850491243058,-62.55999999999999,-67.49,-0.7104210526315788,0.21052631578947367,6.740000000000002,0.07094736842105265,-0.05263157894736842,6.489999999999981,74,11,63,0.14864864864864866,7.424473684210526
0.6,0.1,12,95,31,64,0.3263157894736842,-0.6409473684210526,-60.89,0.14154800507542648,-61.32999999999998,-67.49,-0.7104210526315788,0.21052631578947367,6.599999999999994,0.06947368421052624,0.11578947368421055,7.719999999999992,95,31,64,0.3263157894736842,7.406736842105257
0.9,0.2,3,95,15,80,0.15789473684210525,-0.64,-60.8,0.13587265491756678,-62.609999999999985,-67.49,-0.7104210526315788,0.21052631578947367,6.689999999999998,0.07042105263157883,-0.05263157894736842,6.4399999999999835,74,4,70,0.05405405405405406,7.369210526315785
0.9,0.0,3,95,15,80,0.15789473684210525,-0.6408421052631579,-60.879999999999995,0.13473564525298462,-62.68999999999999,-67.49,-0.7104210526315788,0.21052631578947367,6.609999999999999,0.06957894736842096,-0.05263157894736842,6.359999999999978,74,5,69,0.06756756756756757,7.280789473684207
0.9,0.1,3,95,15,80,0.15789473684210525,-0.6408421052631579,-60.879999999999995,0.13473564525298462,-62.68999999999999,-67.49,-0.7104210526315788,0.21052631578947367,6.609999999999999,0.06957894736842096,-0.05263157894736842,6.359999999999978,74,4,70,0.05405405405405406,7.280789473684207
0.8,-0.3,12,95,15,80,0.15789473684210525,-0.6436842105263159,-61.150000000000006,0.06967898980678536,-60.410000000000004,-67.49,-0.7104210526315788,0.21052631578947367,6.339999999999989,0.06673684210526298,-0.05263157894736842,8.639999999999965,89,46,43,0.5168539325842697,7.237368421052617
0.7,-0.3,10,95,12,83,0.12631578947368421,-0.6439999999999999,-61.17999999999999,0.04436113714464229,-60.16,-67.49,-0.7104210526315788,0.21052631578947367,6.310000000000002,0.06642105263157894,-0.08421052631578946,8.889999999999972,95,50,45,0.5263157894736842,7.232210526315789
0.9,-0.1,3,95,15,80,0.15789473684210525,-0.6417894736842105,-60.96999999999999,0.1345635202271114,-62.779999999999994,-67.49,-0.7104210526315788,0.21052631578947367,6.520000000000003,0.06863157894736838,-0.05263157894736842,6.269999999999975,74,6,68,0.08108108108108109,7.181315789473684
0.6,-0.2,12,95,13,82,0.1368421052631579,-0.6445263157894736,-61.23,0.033006948831332907,-60.33999999999998,-67.49,-0.7104210526315788,0.21052631578947367,6.259999999999998,0.06589473684210523,-0.07368421052631577,8.709999999999987,95,45,50,0.47368421052631576,7.1639473684210495
0.9,-0.1,8,95,21,74,0.22105263157894736,-0.6428421052631579,-61.07,0.1507439855374774,-62.42999999999998,-67.49,-0.7104210526315788,0.21052631578947367,6.419999999999995,0.06757894736842096,0.01052631578947369,6.61999999999999,74,17,57,0.22972972972972974,7.115789473684204
0.8,-0.4,5,95,10,85,0.10526315789473684,-0.6451578947368422,-61.290000000000006,0.05881449631449629,-60.249999999999986,-67.49,-0.7104210526315788,0.21052631578947367,6.199999999999989,0.06526315789473669,-0.10526315789473684,8.799999999999983,89,39,50,0.43820224719101125,7.112631578947355
0.75,-0.5,3,95,6,89,0.06315789473684211,-0.6450526315789475,-61.280000000000015,0.027301587301587306,-60.490000000000016,-67.49,-0.7104210526315788,0.21052631578947367,6.2099999999999795,0.0653684210526313,-0.14736842105263157,8.559999999999953,95,49,46,0.5157894736842106,7.098684210526291
0.85,-0.4,3,95,12,83,0.12631578947368421,-0.6432631578947369,-61.11,0.11754512635379062,-62.449999999999974,-67.49,-0.7104210526315788,0.21052631578947367,6.3799999999999955,0.06715789473684197,-0.08421052631578946,6.599999999999994,79,19,60,0.24050632911392406,7.073578947368416
0.9,-0.4,3,95,15,80,0.15789473684210525,-0.642842105263158,-61.07000000000001,0.13437278525868177,-62.87999999999999,-67.49,-0.7104210526315788,0.21052631578947367,6.4199999999999875,0.06757894736842085,-0.05263157894736842,6.16999999999998,74,14,60,0.1891891891891892,7.070789473684196
0.75,-0.4,5,95,7,88,0.07368421052631578,-0.6458947368421053,-61.36,0.03309171131421367,-60.32000000000001,-67.49,-0.7104210526315788,0.21052631578947367,6.1299999999999955,0.06452631578947354,-0.13684210526315788,8.729999999999961,95,47,48,0.49473684210526314,7.035263157894729
0.7,-0.2,10,95,14,81,0.14736842105263157,-0.6470526315789473,-61.47,0.046385355259075396,-60.449999999999996,-67.49,-0.7104210526315788,0.21052631578947367,6.019999999999996,0.06336842105263152,-0.06315789473684211,8.599999999999973,95,44,51,0.4631578947368421,6.911684210526309
0.85,0.3,3,95,12,83,0.12631578947368421,-0.6447368421052632,-61.25,0.1208554614611741,-62.68999999999997,-67.49,-0.7104210526315788,0.21052631578947367,6.239999999999995,0.06568421052631568,-0.08421052631578946,6.359999999999999,79,3,76,0.0379746835443038,6.908842105263153
0.85,0.4,3,95,12,83,0.12631578947368421,-0.6447368421052632,-61.25,0.1208554614611741,-62.68999999999997,-67.49,-0.7104210526315788,0.21052631578947367,6.239999999999995,0.06568421052631568,-0.08421052631578946,6.359999999999999,79,2,77,0.02531645569620253,6.908842105263153
0.6,-0.5,8,95,5,90,0.05263157894736842,-0.6473684210526315,-61.499999999999986,0.013157894736842106,-60.25999999999999,-67.49,-0.7104210526315788,0.21052631578947367,5.990000000000009,0.06305263157894736,-0.15789473684210525,8.789999999999978,95,62,33,0.6526315789473685,6.900526315789481
0.75,-0.3,10,95,12,83,0.12631578947368421,-0.6477894736842105,-61.54,0.04411307859583722,-60.51999999999999,-67.49,-0.7104210526315788,0.21052631578947367,5.949999999999996,0.06263157894736837,-0.08421052631578946,8.52999999999998,95,50,45,0.5263157894736842,6.834315789473678
0.85,-0.2,3,95,13,82,0.1368421052631579,-0.645578947368421,-61.33,0.11755395683453237,-62.76999999999998,-67.49,-0.7104210526315788,0.21052631578947367,6.159999999999997,0.06484210526315781,-0.07368421052631577,6.279999999999987,79,12,67,0.1518987341772152,6.820421052631573
0.9,-0.2,8,95,18,77,0.18947368421052632,-0.6461052631578947,-61.379999999999995,0.1405768692243069,-62.73999999999999,-67.49,-0.7104210526315788,0.21052631578947367,6.109999999999999,0.0643157894736841,-0.02105263157894735,6.309999999999981,74,18,56,0.24324324324324326,6.77315789473684
0.85,0.2,3,95,12,83,0.12631578947368421,-0.6468421052631579,-61.45,0.11798478541696568,-62.88999999999997,-67.49,-0.7104210526315788,0.21052631578947367,6.039999999999992,0.06357894736842096,-0.08421052631578946,6.159999999999997,79,4,75,0.05063291139240506,6.6877894736842025
0.7,-0.5,5,95,6,89,0.06315789473684211,-0.6495789473684213,-61.710000000000015,0.02711650638499133,-60.670000000000016,-67.49,-0.7104210526315788,0.21052631578947367,5.77999999999998,0.060842105263157586,-0.14736842105263157,8.379999999999953,95,55,40,0.5789473684210527,6.648421052631554
0.85,0.0,3,95,13,82,0.1368421052631579,-0.6472631578947369,-61.49,0.11728395061728396,-62.92999999999998,-67.49,-0.7104210526315788,0.21052631578947367,5.999999999999993,0.06315789473684197,-0.07368421052631577,6.11999999999999,79,6,73,0.0759493670886076,6.643578947368413
0.7,-0.4,8,95,7,88,0.07368421052631578,-0.6498947368421053,-61.74,0.03289473684210527,-60.5,-67.49,-0.7104210526315788,0.21052631578947367,5.749999999999993,0.06052631578947354,-0.13684210526315788,8.549999999999969,95,54,41,0.5684210526315789,6.635263157894727
0.9,-0.5,3,95,15,80,0.15789473684210525,-0.6471578947368423,-61.48000000000001,0.13359639233370912,-63.29,-67.49,-0.7104210526315788,0.21052631578947367,6.009999999999984,0.06326315789473658,-0.05263157894736842,5.75999999999997,74,19,55,0.25675675675675674,6.617631578947349
0.85,0.1,3,95,12,83,0.12631578947368421,-0.6476842105263158,-61.53,0.11683651499928234,-62.96999999999998,-67.49,-0.7104210526315788,0.21052631578947367,5.959999999999994,0.06273684210526309,-0.08421052631578946,6.079999999999991,79,4,75,0.05063291139240506,6.599368421052624
0.85,-0.1,3,95,13,82,0.1368421052631579,-0.6482105263157895,-61.58,0.1171326164874552,-63.01999999999998,-67.49,-0.7104210526315788,0.21052631578947367,5.909999999999997,0.06221052631578938,-0.07368421052631577,6.029999999999987,79,7,72,0.08860759493670886,6.54410526315789
0.85,-0.5,3,95,12,83,0.12631578947368421,-0.6485263157894737,-61.61,0.11670250896057348,-62.84999999999999,-67.49,-0.7104210526315788,0.21052631578947367,5.8799999999999955,0.061894736842105114,-0.08421052631578946,6.1999999999999815,79,23,56,0.2911392405063291,6.530947368421046
0.6,0.4,12,95,24,71,0.25263157894736843,-0.65,-61.75,0.1708070363904928,-62.009999999999984,-67.49,-0.7104210526315788,0.21052631578947367,5.739999999999995,0.06042105263157882,0.04210526315789476,7.039999999999985,95,21,74,0.22105263157894736,6.474210526315783
0.85,-0.3,8,95,16,79,0.16842105263157894,-0.6497894736842106,-61.730000000000004,0.12390008515469766,-62.619999999999976,-67.49,-0.7104210526315788,0.21052631578947367,5.759999999999991,0.06063157894736826,-0.04210526315789473,6.429999999999993,79,27,52,0.34177215189873417,6.433315789473674
0.85,0.0,8,95,23,72,0.24210526315789474,-0.65,-61.75,0.14745271296424126,-63.489999999999974,-67.49,-0.7104210526315788,0.21052631578947367,5.739999999999995,0.06042105263157882,0.03157894736842107,5.559999999999995,79,16,63,0.20253164556962025,6.3262105263157835
0.85,-0.1,8,95,20,75,0.21052631578947367,-0.650842105263158,-61.830000000000005,0.14065323141070185,-63.56999999999998,-67.49,-0.7104210526315788,0.21052631578947367,5.6599999999999895,0.05957894736842084,0.0,5.47999999999999,79,20,59,0.25316455696202533,6.237789473684199
0.6,-0.4,10,95,6,89,0.06315789473684211,-0.6545263157894737,-62.18000000000001,0.018933417481855477,-61.13000000000002,-67.49,-0.7104210526315788,0.21052631578947367,5.309999999999988,0.05589473684210511,-0.14736842105263157,7.919999999999952,95,58,37,0.6105263157894737,6.129947368421036
0.8,-0.5,5,95,10,85,0.10526315789473684,-0.6570526315789473,-62.42,0.05781132075471696,-61.37999999999999,-67.49,-0.7104210526315788,0.21052631578947367,5.069999999999993,0.05336842105263151,-0.10526315789473684,7.66999999999998,89,45,44,0.5056179775280899,5.863684210526307
0.8,0.4,12,95,25,70,0.2631578947368421,-0.6558947368421053,-62.31,0.18239076236714344,-63.079999999999984,-67.49,-0.7104210526315788,0.21052631578947367,5.179999999999993,0.054526315789473534,0.05263157894736842,5.969999999999985,89,19,70,0.21348314606741572,5.804263157894728
0.9,-0.4,5,95,16,79,0.16842105263157894,-0.6563157894736842,-62.35,0.13666574356134034,-63.90999999999999,-67.49,-0.7104210526315788,0.21052631578947367,5.1399999999999935,0.054105263157894656,-0.04210526315789473,5.139999999999979,74,21,53,0.28378378378378377,5.681052631578939
0.6,-0.4,12,95,6,89,0.06315789473684211,-0.6587368421052632,-62.58,0.01881467544684854,-61.66,-67.49,-0.7104210526315788,0.21052631578947367,4.909999999999997,0.051684210526315666,-0.14736842105263157,7.389999999999972,95,59,36,0.6210526315789474,5.674842105263152
0.75,-0.4,8,95,7,88,0.07368421052631578,-0.66,-62.7,0.032407407407407406,-61.46,-67.49,-0.7104210526315788,0.21052631578947367,4.789999999999992,0.05042105263157881,-0.13684210526315788,7.589999999999968,95,54,41,0.5684210526315789,5.574210526315778
0.75,-0.2,12,95,15,80,0.15789473684210525,-0.6596842105263158,-62.67,0.04771311350858532,-61.78,-67.49,-0.7104210526315788,0.21052631578947367,4.819999999999993,0.05073684210526308,-0.05263157894736842,7.269999999999968,95,47,48,0.49473684210526314,5.572368421052621
0.8,-0.2,10,95,17,78,0.17894736842105263,-0.6598947368421052,-62.69,0.07015722337585285,-61.91999999999999,-67.49,-0.7104210526315788,0.21052631578947367,4.799999999999997,0.05052631578947364,-0.03157894736842104,7.129999999999981,89,39,50,0.43820224719101125,5.538263157894733
0.85,-0.4,8,95,13,82,0.1368421052631579,-0.6587368421052632,-62.58,0.11995499929686401,-63.46999999999997,-67.49,-0.7104210526315788,0.21052631578947367,4.909999999999997,0.051684210526315666,-0.07368421052631577,5.579999999999998,79,32,47,0.4050632911392405,5.4938421052631545
0.8,-0.5,8,95,10,85,0.10526315789473684,-0.6609473684210527,-62.790000000000006,0.057490243170219134,-61.54999999999998,-67.49,-0.7104210526315788,0.21052631578947367,4.699999999999989,0.049473684210526114,-0.10526315789473684,7.499999999999986,89,50,39,0.5617977528089888,5.47473684210525
0.75,-0.2,10,95,14,81,0.14736842105263157,-0.6623157894736841,-62.91999999999999,0.04536489151873767,-61.899999999999984,-67.49,-0.7104210526315788,0.21052631578947367,4.570000000000007,0.04810526315789476,-0.06315789473684211,7.149999999999984,95,43,52,0.45263157894736844,5.309052631578954
0.9,0.4,5,95,17,78,0.17894736842105263,-0.6633684210526315,-63.019999999999996,0.15849913206035524,-64.57999999999998,-67.49,-0.7104210526315788,0.21052631578947367,4.469999999999999,0.047052631578947346,-0.03157894736842104,4.469999999999985,74,5,69,0.06756756756756757,4.940526315789471
0.85,-0.2,8,95,16,79,0.16842105263157894,-0.6646315789473685,-63.14,0.12146931960484204,-64.12999999999997,-67.49,-0.7104210526315788,0.21052631578947367,4.349999999999994,0.04578947368421038,-0.04210526315789473,4.920000000000002,79,21,58,0.26582278481012656,4.8648947368421
0.85,0.4,5,95,16,79,0.16842105263157894,-0.6651578947368422,-63.190000000000005,0.1513564329841526,-65.13,-67.49,-0.7104210526315788,0.21052631578947367,4.29999999999999,0.04526315789473667,-0.04210526315789473,3.9199999999999733,79,6,73,0.0759493670886076,4.7146315789473565
0.85,0.3,10,95,23,72,0.24210526315789474,-0.6654736842105263,-63.22,0.17218803194971846,-65.14999999999998,-67.49,-0.7104210526315788,0.21052631578947367,4.269999999999996,0.044947368421052514,0.03157894736842107,3.8999999999999915,79,12,67,0.1518987341772152,4.682473684210521
0.9,-0.3,5,95,16,79,0.16842105263157894,-0.6658947368421052,-63.25999999999999,0.13496513058936144,-64.81999999999998,-67.49,-0.7104210526315788,0.21052631578947367,4.230000000000004,0.044526315789473636,-0.04210526315789473,4.22999999999999,74,16,58,0.21621621621621623,4.67526315789474
0.6,-0.5,10,95,5,90,0.05263157894736842,-0.6690526315789473,-63.56,0.012736874805840322,-62.51000000000002,-67.49,-0.7104210526315788,0.21052631578947367,3.9299999999999926,0.0413684210526315,-0.15789473684210525,6.539999999999949,95,66,29,0.6947368421052632,4.604684210526303
0.8,-0.4,10,95,10,85,0.10526315789473684,-0.6696842105263157,-63.61999999999999,0.05678280207561153,-62.57,-67.49,-0.7104210526315788,0.21052631578947367,3.8700000000000045,0.04073684210526318,-0.10526315789473684,6.4799999999999685,89,49,40,0.550561797752809,4.538368421052633
0.85,0.1,10,95,25,70,0.2631578947368421,-0.6673684210526316,-63.4,0.165130366078483,-65.32999999999998,-67.49,-0.7104210526315788,0.21052631578947367,4.089999999999996,0.04305263157894723,0.05263157894736842,3.7199999999999847,79,18,61,0.22784810126582278,4.483526315789468
0.85,0.2,10,95,24,71,0.25263157894736843,-0.6682105263157895,-63.48,0.16627265563435775,-65.40999999999997,-67.49,-0.7104210526315788,0.21052631578947367,4.009999999999998,0.042210526315789365,0.04210526315789476,3.6400000000000006,79,15,64,0.189873417721519,4.395105263157893
0.9,0.3,10,95,23,72,0.24210526315789474,-0.6687368421052632,-63.53,0.17116764514024788,-65.07999999999997,-67.49,-0.7104210526315788,0.21052631578947367,3.9599999999999937,0.04168421052631566,0.03157894736842107,3.969999999999999,74,10,64,0.13513513513513514,4.377842105263151
0.9,-0.5,8,95,15,80,0.15789473684210525,-0.6689473684210526,-63.55,0.1298096672600301,-64.91,-67.49,-0.7104210526315788,0.21052631578947367,3.9399999999999977,0.04147368421052622,-0.05263157894736842,4.139999999999972,74,29,45,0.3918918918918919,4.374736842105258
0.9,-0.3,10,95,18,77,0.18947368421052632,-0.6704210526315789,-63.69,0.13617252136172525,-65.23999999999998,-67.49,-0.7104210526315788,0.21052631578947367,3.799999999999997,0.039999999999999925,-0.02105263157894735,3.809999999999988,74,25,49,0.33783783783783783,4.200999999999996
0.7,-0.5,8,95,6,89,0.06315789473684211,-0.6736842105263159,-64.00000000000001,0.026171637248934874,-62.76000000000001,-67.49,-0.7104210526315788,0.21052631578947367,3.4899999999999807,0.03673684210526296,-0.14736842105263157,6.2899999999999565,95,60,35,0.631578947368421,4.137368421052608
0.9,0.1,10,95,25,70,0.2631578947368421,-0.6710526315789473,-63.75,0.16360535292574124,-65.29999999999997,-67.49,-0.7104210526315788,0.21052631578947367,3.739999999999995,0.0393684210526315,0.05263157894736842,3.75,74,15,59,0.20270270270270271,4.134684210526311
0.75,-0.5,5,95,6,89,0.06315789473684211,-0.6737894736842107,-64.01000000000002,0.0261676555606268,-62.970000000000006,-67.49,-0.7104210526315788,0.21052631578947367,3.4799999999999756,0.036631578947368126,-0.14736842105263157,6.079999999999963,95,54,41,0.5684210526315789,4.106315789473656
0.9,0.3,5,95,17,78,0.17894736842105263,-0.6713684210526315,-63.779999999999994,0.14835091467485648,-65.33999999999997,-67.49,-0.7104210526315788,0.21052631578947367,3.710000000000001,0.03905263157894734,-0.03157894736842104,3.7099999999999937,74,6,68,0.08108108108108109,4.100526315789474
0.9,-0.5,5,95,15,80,0.15789473684210525,-0.6713684210526316,-63.78,0.1294021294021294,-65.33999999999999,-67.49,-0.7104210526315788,0.21052631578947367,3.7099999999999937,0.03905263157894723,-0.05263157894736842,3.7099999999999795,74,24,50,0.32432432432432434,4.100526315789465
0.85,-0.4,5,95,13,82,0.1368421052631579,-0.6718947368421052,-63.83,0.11788280818131566,-64.91999999999997,-67.49,-0.7104210526315788,0.21052631578947367,3.6599999999999966,0.03852631578947363,-0.07368421052631577,4.1299999999999955,79,24,55,0.3037974683544304,4.092263157894733
0.9,0.2,10,95,24,71,0.25263157894736843,-0.6714736842105263,-63.790000000000006,0.16527087149960742,-65.33999999999997,-67.49,-0.7104210526315788,0.21052631578947367,3.6999999999999886,0.03894736842105251,0.04210526315789476,3.7099999999999937,74,12,62,0.16216216216216217,4.090473684210514
0.9,0.0,5,95,19,76,0.2,-0.6718947368421052,-63.82999999999999,0.1416083916083916,-65.38999999999999,-67.49,-0.7104210526315788,0.21052631578947367,3.6600000000000037,0.03852631578947363,-0.010526315789473661,3.6599999999999824,74,9,65,0.12162162162162163,4.0452631578947384
0.85,0.4,10,95,22,73,0.23157894736842105,-0.6716842105263157,-63.80999999999999,0.17971461627458546,-65.73999999999997,-67.49,-0.7104210526315788,0.21052631578947367,3.680000000000007,0.03873684210526318,0.02105263157894738,3.3100000000000023,79,11,68,0.13924050632911392,4.030368421052638
0.8,-0.2,12,95,17,78,0.17894736842105263,-0.6746315789473685,-64.09,0.06873002034292357,-63.45,-67.49,-0.7104210526315788,0.21052631578947367,3.3999999999999915,0.03578947368421037,-0.03157894736842104,5.599999999999966,89,40,49,0.449438202247191,3.977894736842093
0.9,-0.1,5,95,18,77,0.18947368421052632,-0.672736842105263,-63.90999999999998,0.1411100658513641,-65.46999999999998,-67.49,-0.7104210526315788,0.21052631578947367,3.5800000000000125,0.037684210526315876,-0.02105263157894735,3.579999999999984,74,11,63,0.14864864864864866,3.956842105263169
0.85,-0.3,5,95,14,81,0.14736842105263157,-0.6733684210526315,-63.96999999999999,0.11802012960154419,-65.05999999999999,-67.49,-0.7104210526315788,0.21052631578947367,3.520000000000003,0.03705263157894734,-0.06315789473684211,3.9899999999999807,79,20,59,0.25316455696202533,3.937526315789475
0.7,-0.4,12,95,7,88,0.07368421052631578,-0.6753684210526317,-64.16000000000001,0.03169332930878358,-63.24000000000001,-67.49,-0.7104210526315788,0.21052631578947367,3.329999999999984,0.03505263157894711,-0.13684210526315788,5.80999999999996,95,60,35,0.631578947368421,3.9285263157894534
0.85,0.0,5,95,19,76,0.2,-0.6731578947368422,-63.95,0.13475849005547288,-65.88999999999999,-67.49,-0.7104210526315788,0.21052631578947367,3.539999999999992,0.037263157894736665,-0.010526315789473661,3.1599999999999824,79,12,67,0.1518987341772152,3.8746315789473584
0.85,0.3,5,95,16,79,0.16842105263157894,-0.6731578947368422,-63.95,0.1411496105291432,-65.89,-67.49,-0.7104210526315788,0.21052631578947367,3.539999999999992,0.037263157894736665,-0.04210526315789473,3.159999999999968,79,7,72,0.08860759493670886,3.874631578947357
0.9,-0.4,10,95,16,79,0.16842105263157894,-0.6737894736842104,-64.00999999999999,0.13359501894964804,-65.55999999999997,-67.49,-0.7104210526315788,0.21052631578947367,3.480000000000004,0.03663157894736846,-0.04210526315789473,3.489999999999995,74,30,44,0.40540540540540543,3.8473157894736874
0.6,-0.5,12,95,5,90,0.05263157894736842,-0.6767368421052632,-64.29,0.01259407157118722,-63.370000000000005,-67.49,-0.7104210526315788,0.21052631578947367,3.1999999999999886,0.03368421052631565,-0.15789473684210525,5.679999999999964,95,67,28,0.7052631578947368,3.784842105263143
0.9,-0.2,5,95,16,79,0.16842105263157894,-0.6749473684210524,-64.11999999999998,0.1333964049195837,-65.67999999999999,-67.49,-0.7104210526315788,0.21052631578947367,3.3700000000000188,0.035473684210526435,-0.04210526315789473,3.369999999999976,74,13,61,0.17567567567567569,3.7247368421052793
0.9,0.2,5,95,18,77,0.18947368421052632,-0.675157894736842,-64.13999999999999,0.1435438643343571,-65.69999999999997,-67.49,-0.7104210526315788,0.21052631578947367,3.3500000000000085,0.035263157894736885,-0.02105263157894735,3.3499999999999943,74,8,66,0.10810810810810811,3.7026315789473765
0.9,0.1,5,95,18,77,0.18947368421052632,-0.6759999999999998,-64.21999999999998,0.14247563092535723,-65.77999999999999,-67.49,-0.7104210526315788,0.21052631578947367,3.2700000000000102,0.03442105263157902,-0.02105263157894735,3.269999999999982,74,8,66,0.10810810810810811,3.614210526315798
0.85,-0.1,5,95,17,78,0.17894736842105263,-0.6762105263157894,-64.24,0.13212645231018647,-66.17999999999998,-67.49,-0.7104210526315788,0.21052631578947367,3.25,0.03421052631578947,-0.03157894736842104,2.8699999999999903,79,14,65,0.17721518987341772,3.5541052631578935
0.8,-0.4,12,95,10,85,0.10526315789473684,-0.6791578947368422,-64.52000000000001,0.05603511338697877,-63.60000000000001,-67.49,-0.7104210526315788,0.21052631578947367,2.9699999999999847,0.03126315789473666,-0.10526315789473684,5.44999999999996,89,52,37,0.5842696629213483,3.530631578947349
0.85,0.2,5,95,17,78,0.17894736842105263,-0.6769473684210526,-64.31,0.13631479989255982,-66.24999999999999,-67.49,-0.7104210526315788,0.21052631578947367,3.1799999999999926,0.03347368421052621,-0.03157894736842104,2.799999999999983,79,9,70,0.11392405063291139,3.4767368421052542
0.9,0.0,10,95,25,70,0.2631578947368421,-0.6775789473684211,-64.37,0.15547100498556807,-65.91999999999996,-67.49,-0.7104210526315788,0.21052631578947367,3.1199999999999903,0.032842105263157784,0.05263157894736842,3.1300000000000097,74,15,59,0.20270270270270271,3.4494210526315703
0.85,0.1,5,95,17,78,0.17894736842105263,-0.6777894736842105,-64.39,0.1352403975288746,-66.32999999999998,-67.49,-0.7104210526315788,0.21052631578947367,3.0999999999999943,0.032631578947368345,-0.03157894736842104,2.7199999999999847,79,10,69,0.12658227848101267,3.388315789473677
0.7,-0.4,10,95,7,88,0.07368421052631578,-0.6817894736842106,-64.77000000000001,0.031404217137729916,-63.72000000000003,-67.49,-0.7104210526315788,0.21052631578947367,2.7199999999999847,0.02863157894736823,-0.13684210526315788,5.3299999999999415,95,57,38,0.6,3.267315789473663
0.9,0.4,10,95,22,73,0.23157894736842105,-0.6795789473684211,-64.56,0.1776843714176538,-66.10999999999997,-67.49,-0.7104210526315788,0.21052631578947367,2.9299999999999926,0.030842105263157782,0.02105263157894738,2.9399999999999977,74,9,65,0.12162162162162163,3.239421052631571
0.85,0.0,10,95,25,70,0.2631578947368421,-0.6806315789473683,-64.65999999999998,0.14853831972609954,-66.58999999999997,-67.49,-0.7104210526315788,0.21052631578947367,2.8300000000000125,0.029789473684210588,0.05263157894736842,2.4599999999999937,79,18,61,0.22784810126582278,3.0908947368421176
0.75,-0.4,12,95,7,88,0.07368421052631578,-0.683684210526316,-64.95000000000002,0.03131991051454138,-64.03000000000003,-67.49,-0.7104210526315788,0.21052631578947367,2.539999999999978,0.026736842105262837,-0.13684210526315788,5.019999999999939,95,60,35,0.631578947368421,3.055368421052603
0.75,-0.4,10,95,7,88,0.07368421052631578,-0.6851578947368422,-65.09,0.03125465098973061,-64.04000000000002,-67.49,-0.7104210526315788,0.21052631578947367,2.3999999999999915,0.025263157894736654,-0.13684210526315788,5.009999999999948,95,57,38,0.6,2.9136315789473546
0.9,-0.1,10,95,21,74,0.22105263157894736,-0.6834736842105262,-64.92999999999999,0.14306453741586378,-66.47999999999998,-67.49,-0.7104210526315788,0.21052631578947367,2.5600000000000023,0.02694736842105261,0.01052631578947369,2.569999999999993,74,19,55,0.25675675675675674,2.830473684210528
0.85,-0.3,10,95,16,79,0.16842105263157894,-0.6853684210526314,-65.10999999999999,0.11822860238353196,-66.18999999999997,-67.49,-0.7104210526315788,0.21052631578947367,2.3800000000000097,0.025052631578947437,-0.04210526315789473,2.8599999999999994,79,29,50,0.3670886075949367,2.6785263157894836
0.75,-0.5,8,95,6,89,0.06315789473684211,-0.6880000000000002,-65.36000000000001,0.025641025641025637,-64.12,-67.49,-0.7104210526315788,0.21052631578947367,2.1299999999999812,0.022421052631578675,-0.14736842105263157,4.929999999999964,95,59,36,0.6210526315789474,2.634210526315767
0.9,-0.3,12,95,18,77,0.18947368421052632,-0.6865263157894735,-65.21999999999998,0.13340419877757112,-66.89999999999999,-67.49,-0.7104210526315788,0.21052631578947367,2.2700000000000102,0.023894736842105302,-0.02105263157894735,2.1499999999999773,74,26,48,0.35135135135135137,2.4969473684210604
0.9,-0.2,10,95,18,77,0.18947368421052632,-0.6869473684210526,-65.26,0.13333333333333336,-66.80999999999997,-67.49,-0.7104210526315788,0.21052631578947367,2.2299999999999898,0.023473684210526202,-0.02105263157894735,2.239999999999995,74,21,53,0.28378378378378377,2.4657368421052523
0.9,0.3,12,95,24,71,0.25263157894736843,-0.688,-65.36,0.16971544715447157,-67.03999999999999,-67.49,-0.7104210526315788,0.21052631578947367,2.1299999999999955,0.022421052631578897,0.04210526315789476,2.0099999999999767,74,10,64,0.13513513513513514,2.3422105263157826
0.85,-0.2,5,95,14,81,0.14736842105263157,-0.6889473684210526,-65.45,0.11566004593973787,-66.63999999999999,-67.49,-0.7104210526315788,0.21052631578947367,2.039999999999992,0.0214736842105262,-0.06315789473684211,2.4099999999999824,79,15,64,0.189873417721519,2.2917368421052533
0.85,-0.5,8,95,12,83,0.12631578947368421,-0.6908421052631578,-65.63,0.11034295784194119,-66.41999999999997,-67.49,-0.7104210526315788,0.21052631578947367,1.8599999999999994,0.01957894736842103,-0.08421052631578946,2.6299999999999955,79,33,46,0.4177215189873418,2.1327894736842095
0.85,-0.5,5,95,12,83,0.12631578947368421,-0.6908421052631577,-65.62999999999998,0.1103429578419412,-66.61999999999998,-67.49,-0.7104210526315788,0.21052631578947367,1.8600000000000136,0.01957894736842114,-0.08421052631578946,2.4299999999999926,79,28,51,0.35443037974683544,2.1127894736842237
0.85,-0.1,10,95,20,75,0.21052631578947367,-0.6905263157894737,-65.6,0.13365029054410987,-67.52999999999999,-67.49,-0.7104210526315788,0.21052631578947367,1.8900000000000006,0.019894736842105187,0.0,1.5199999999999818,79,23,56,0.2911392405063291,2.0519473684210516
0.85,0.3,12,95,24,71,0.25263157894736843,-0.6905263157894737,-65.6,0.17390756831633297,-67.65999999999998,-67.49,-0.7104210526315788,0.21052631578947367,1.8900000000000006,0.019894736842105187,0.04210526315789476,1.3899999999999864,79,13,66,0.16455696202531644,2.0389473684210517
0.9,0.2,12,95,25,70,0.2631578947368421,-0.6928421052631578,-65.82,0.16355318337781163,-67.49999999999999,-67.49,-0.7104210526315788,0.21052631578947367,1.6700000000000017,0.017578947368421027,0.05263157894736842,1.549999999999983,74,13,61,0.17567567567567569,1.8337894736842104
0.85,-0.4,10,95,13,82,0.1368421052631579,-0.6937894736842105,-65.91,0.1145889306824288,-66.99,-67.49,-0.7104210526315788,0.21052631578947367,1.5799999999999983,0.01663157894736833,-0.07368421052631577,2.059999999999974,79,35,44,0.4430379746835443,1.7943157894736799
0.8,-0.5,10,95,10,85,0.10526315789473684,-0.6967368421052633,-66.19000000000001,0.05469865752642101,-65.14000000000001,-67.49,-0.7104210526315788,0.21052631578947367,1.299999999999983,0.013684210526315521,-0.10526315789473684,3.909999999999954,89,52,37,0.5842696629213483,1.697842105263136
0.85,0.2,12,95,26,69,0.2736842105263158,-0.6941052631578947,-65.94,0.16710875331564987,-67.99999999999997,-67.49,-0.7104210526315788,0.21052631578947367,1.5499999999999972,0.016315789473684172,0.06315789473684214,1.0499999999999972,79,17,62,0.21518987341772153,1.663157894736839
0.9,0.1,12,95,25,70,0.2631578947368421,-0.6970526315789474,-66.22,0.1584699453551912,-67.89999999999999,-67.49,-0.7104210526315788,0.21052631578947367,1.269999999999996,0.013368421052631474,0.05263157894736842,1.1499999999999773,74,15,59,0.20270270270270271,1.3916842105263096
0.9,-0.4,12,95,16,79,0.16842105263157894,-0.6970526315789474,-66.22,0.12971481140754368,-67.9,-67.49,-0.7104210526315788,0.21052631578947367,1.269999999999996,0.013368421052631474,-0.04210526315789473,1.149999999999963,74,30,44,0.40540540540540543,1.391684210526308
0.85,0.1,12,95,26,69,0.2736842105263158,-0.6989473684210527,-66.4,0.16129847164329922,-68.45999999999998,-67.49,-0.7104210526315788,0.21052631578947367,1.0899999999999892,0.011473684210526192,0.06315789473684214,0.5899999999999892,79,19,60,0.24050632911392406,1.154736842105251
0.7,-0.5,10,95,6,89,0.06315789473684211,-0.7023157894736842,-66.72,0.02513150204558737,-65.67000000000002,-67.49,-0.7104210526315788,0.21052631578947367,0.769999999999996,0.008105263157894615,-0.14736842105263157,3.379999999999953,95,63,32,0.6631578947368421,1.1120526315789387
0.7,-0.5,12,95,6,89,0.06315789473684211,-0.7031578947368419,-66.79999999999998,0.025102159953298304,-65.87999999999998,-67.49,-0.7104210526315788,0.21052631578947367,0.6900000000000119,0.007263157894736971,-0.14736842105263157,3.1699999999999875,95,65,30,0.6842105263157895,1.0106315789473792
0.9,0.4,12,95,23,72,0.24210526315789474,-0.701578947368421,-66.64999999999999,0.175531914893617,-68.33,-67.49,-0.7104210526315788,0.21052631578947367,0.8400000000000034,0.008842105263157873,0.03157894736842107,0.7199999999999704,74,9,65,0.12162162162162163,0.9164210526315794
0.9,0.0,12,95,25,70,0.2631578947368421,-0.7035789473684211,-66.84,0.15059092642012958,-68.51999999999998,-67.49,-0.7104210526315788,0.21052631578947367,0.6499999999999915,0.006842105263157761,0.05263157894736842,0.5299999999999869,74,15,59,0.20270270270270271,0.7064210526315691
0.8,-0.5,12,95,10,85,0.10526315789473684,-0.7061052631578949,-67.08000000000001,0.054012128049640375,-66.16000000000001,-67.49,-0.7104210526315788,0.21052631578947367,0.4099999999999824,0.00431578947368394,-0.10526315789473684,2.889999999999958,89,54,35,0.6067415730337079,0.7011578947368202
0.85,-0.2,10,95,16,79,0.16842105263157894,-0.7045263157894738,-66.93,0.11538461538461538,-68.10999999999999,-67.49,-0.7104210526315788,0.21052631578947367,0.5599999999999881,0.005894736842105064,-0.04210526315789473,0.9399999999999835,79,25,54,0.31645569620253167,0.656947368421039
0.9,-0.1,12,95,21,74,0.22105263157894736,-0.704736842105263,-66.94999999999999,0.13934953078801898,-68.63,-67.49,-0.7104210526315788,0.21052631578947367,0.5400000000000063,0.005684210526315847,0.01052631578947369,0.4199999999999733,74,19,55,0.25675675675675674,0.5848421052631616
0.9,-0.5,10,95,15,80,0.15789473684210525,-0.7070526315789473,-67.16999999999999,0.12367906066536201,-68.71999999999997,-67.49,-0.7104210526315788,0.21052631578947367,0.3200000000000074,0.003368421052631576,-0.05263157894736842,0.3299999999999983,74,31,43,0.4189189189189189,0.354684210526323
0.85,0.4,12,95,23,72,0.24210526315789474,-0.7066315789473684,-67.13,0.17903876727406137,-69.18999999999997,-67.49,-0.7104210526315788,0.21052631578947367,0.35999999999999943,0.0037894736842104537,0.03157894736842107,-0.14000000000000057,79,12,67,0.1518987341772152,0.3478947368421046
0.85,-0.3,12,95,16,79,0.16842105263157894,-0.7082105263157893,-67.27999999999999,0.11485330877516116,-68.48999999999997,-67.49,-0.7104210526315788,0.21052631578947367,0.21000000000000796,0.0022105263157895516,-0.04210526315789473,0.5600000000000023,79,30,49,0.379746835443038,0.26710526315790295
0.9,-0.2,12,95,18,77,0.18947368421052632,-0.7101052631578947,-67.46,0.12954838709677424,-69.14,-67.49,-0.7104210526315788,0.21052631578947367,0.030000000000001137,0.0003157894736841582,-0.02105263157894735,-0.09000000000003183,74,22,52,0.2972972972972973,0.02115789473684003
0.85,0.0,12,95,26,69,0.2736842105263158,-0.7122105263157894,-67.66,0.14538335227990398,-69.71999999999997,-67.49,-0.7104210526315788,0.21052631578947367,-0.1700000000000017,-0.001789473684210563,0.06315789473684214,-0.6700000000000017,79,19,60,0.24050632911392406,-100.23789473684211
0.75,-0.5,10,95,6,89,0.06315789473684211,-0.7157894736842105,-68.0,0.0246701090074584,-66.95000000000002,-67.49,-0.7104210526315788,0.21052631578947367,-0.5100000000000051,-0.005368421052631689,-0.14736842105263157,2.0999999999999517,95,62,33,0.6526315789473685,-100.30268421052632
0.85,-0.1,12,95,20,75,0.21052631578947367,-0.7177894736842105,-68.19,0.1292299833993104,-70.24999999999999,-67.49,-0.7104210526315788,0.21052631578947367,-0.7000000000000028,-0.007368421052631691,0.0,-1.200000000000017,79,23,56,0.2911392405063291,-100.82368421052632
0.75,-0.5,12,95,6,89,0.06315789473684211,-0.7236842105263156,-68.74999999999999,0.024407549311763872,-67.83,-67.49,-0.7104210526315788,0.21052631578947367,-1.259999999999991,-0.013263157894736755,-0.14736842105263157,1.2199999999999704,95,64,31,0.6736842105263158,-101.14463157894737
0.85,-0.4,12,95,13,82,0.1368421052631579,-0.7231578947368423,-68.70000000000002,0.11044930726401658,-69.90999999999998,-67.49,-0.7104210526315788,0.21052631578947367,-1.2100000000000222,-0.01273684210526349,-0.07368421052631577,-0.8600000000000136,79,35,44,0.4430379746835443,-101.30236842105265
0.9,-0.5,12,95,15,80,0.15789473684210525,-0.7244210526315789,-68.82,0.12107279693486589,-70.5,-67.49,-0.7104210526315788,0.21052631578947367,-1.3299999999999983,-0.014000000000000012,-0.05263157894736842,-1.4500000000000313,74,32,42,0.43243243243243246,-101.482
0.85,-0.5,10,95,12,83,0.12631578947368421,-0.73,-69.35,0.10504581236288554,-70.33,-67.49,-0.7104210526315788,0.21052631578947367,-1.8599999999999994,-0.01957894736842114,-0.08421052631578946,-1.2800000000000296,79,36,43,0.45569620253164556,-101.99778947368421
0.85,-0.2,12,95,16,79,0.16842105263157894,-0.7336842105263159,-69.70000000000002,0.11130944791533852,-71.00999999999999,-67.49,-0.7104210526315788,0.21052631578947367,-2.210000000000022,-0.023263157894737096,-0.04210526315789473,-1.9600000000000222,79,25,54,0.31645569620253167,-102.4176315789474
0.85,-0.5,12,95,12,83,0.12631578947368421,-0.7534736842105263,-71.58,0.10210737581535374,-72.68999999999998,-67.49,-0.7104210526315788,0.21052631578947367,-4.090000000000003,-0.04305263157894745,-0.08421052631578946,-3.640000000000015,79,37,42,0.46835443037974683,-104.47552631578948
