original_index,window,benchmark_R,strategy_R,state,mae_bar,recovery_bar,exit_bar,exit_type
0,1,-1.04,-1.19,FAILED_TO_RECOVER,2,,8,FAILURE_EXIT
1,1,2.03,0.39,RECOVERED,3,6.0,6,RECOVERY_EXIT
2,1,0.21,0.59,RECOVERED,5,9.0,9,RECOVERY_EXIT
3,1,0.1,-0.71,FAILED_TO_RECOVER,4,,10,FAILURE_EXIT
4,1,0.26,0.43,RECOVERED,7,10.0,10,RECOVERY_EXIT
5,1,-0.5,-0.28,FAILED_TO_RECOVER,5,,11,FAILURE_EXIT
6,1,-0.73,-1.04,FAILED_TO_RECOVER,3,,9,FAILURE_EXIT
7,1,-0.71,-0.72,FAILED_TO_RECOVER,8,,14,FAILURE_EXIT
8,2,-1.7,0.2,RECOVERED,2,7.0,7,RECOVERY_EXIT
9,3,-1.35,-1.41,FAILED_TO_RECOVER,3,,9,FAILURE_EXIT
10,3,-1.25,-1.06,FAILED_TO_RECOVER,6,,12,FAILURE_EXIT
11,3,-0.79,0.52,RECOVERED,3,8.0,8,RECOVERY_EXIT
12,3,-0.93,-0.63,FAILED_TO_RECOVER,6,,12,FAILURE_EXIT
13,3,-0.74,-1.11,FAILED_TO_RECOVER,7,,13,FAILURE_EXIT
14,3,0.78,-0.64,FAILED_TO_RECOVER,3,,9,FAILURE_EXIT
15,3,0.24,-0.14,FAILED_TO_RECOVER,8,,14,FAILURE_EXIT
16,3,2.11,0.28,RECOVERED,1,2.0,2,RECOVERY_EXIT
17,3,-1.2,-1.02,FAILED_TO_RECOVER,1,,7,FAILURE_EXIT
18,3,-0.46,-1.12,FAILED_TO_RECOVER,2,,8,FAILURE_EXIT
19,3,-0.34,-1.6,FAILED_TO_RECOVER,5,,11,FAILURE_EXIT
20,3,-0.38,-0.69,FAILED_TO_RECOVER,8,,14,FAILURE_EXIT
21,3,-0.35,-0.46,FAILED_TO_RECOVER,3,,9,FAILURE_EXIT
22,3,-1.93,-0.64,FAILED_TO_RECOVER,2,,8,FAILURE_EXIT
23,4,0.09,0.38,RECOVERED,3,6.0,6,RECOVERY_EXIT
24,5,-6.46,-4.11,FAILED_TO_RECOVER,1,,7,FAILURE_EXIT
25,5,-0.08,-0.73,FAILED_TO_RECOVER,5,,11,FAILURE_EXIT
26,5,-1.35,-0.76,FAILED_TO_RECOVER,5,,11,FAILURE_EXIT
27,5,-0.39,-0.95,FAILED_TO_RECOVER,3,,9,FAILURE_EXIT
28,5,-1.04,-1.21,FAILED_TO_RECOVER,2,,8,FAILURE_EXIT
29,5,-2.71,0.25,RECOVERED,1,2.0,2,RECOVERY_EXIT
30,5,-1.97,-0.07,FAILED_TO_RECOVER,2,,8,FAILURE_EXIT
31,6,-0.77,-0.95,FAILED_TO_RECOVER,7,,13,FAILURE_EXIT
32,6,-0.83,-0.78,FAILED_TO_RECOVER,3,,9,FAILURE_EXIT
33,6,-0.62,-0.56,FAILED_TO_RECOVER,7,,13,FAILURE_EXIT
34,6,-1.81,-0.84,FAILED_TO_RECOVER,4,,10,FAILURE_EXIT
35,6,-1.56,-0.51,FAILED_TO_RECOVER,6,,12,FAILURE_EXIT
36,6,0.35,0.25,RECOVERED,6,10.0,10,RECOVERY_EXIT
37,6,1.25,0.35,RECOVERED,3,7.0,7,RECOVERY_EXIT
38,6,0.55,-0.3,FAILED_TO_RECOVER,7,,13,FAILURE_EXIT
39,6,-1.43,-1.24,FAILED_TO_RECOVER,5,,11,FAILURE_EXIT
40,6,-2.92,0.53,RECOVERED,4,8.0,8,RECOVERY_EXIT
41,6,-0.47,-0.35,FAILED_TO_RECOVER,7,,13,FAILURE_EXIT
42,6,0.1,-0.58,FAILED_TO_RECOVER,4,,10,FAILURE_EXIT
43,6,-0.61,-0.48,FAILED_TO_RECOVER,6,,12,FAILURE_EXIT
44,6,-0.8,-1.63,FAILED_TO_RECOVER,3,,9,FAILURE_EXIT
45,6,-0.51,-0.89,FAILED_TO_RECOVER,3,,9,FAILURE_EXIT
46,6,-1.25,-0.67,FAILED_TO_RECOVER,2,,8,FAILURE_EXIT
47,6,-0.45,0.9,RECOVERED,7,10.0,10,RECOVERY_EXIT
48,8,-0.75,-0.38,FAILED_TO_RECOVER,7,,13,FAILURE_EXIT
49,9,-1.75,-1.23,FAILED_TO_RECOVER,5,,11,FAILURE_EXIT
50,9,-0.21,0.15,FAILED_TO_RECOVER,8,,14,FAILURE_EXIT
51,9,-0.68,-0.27,FAILED_TO_RECOVER,3,,9,FAILURE_EXIT
52,9,-0.94,-0.75,FAILED_TO_RECOVER,7,,13,FAILURE_EXIT
53,9,-1.3,-0.84,FAILED_TO_RECOVER,7,,13,FAILURE_EXIT
54,9,-0.03,-0.37,FAILED_TO_RECOVER,2,,8,FAILURE_EXIT
55,9,-1.13,-1.04,FAILED_TO_RECOVER,3,,9,FAILURE_EXIT
56,9,-0.17,-0.31,FAILED_TO_RECOVER,1,,7,FAILURE_EXIT
57,9,-0.97,-1.02,FAILED_TO_RECOVER,7,,13,FAILURE_EXIT
58,9,-1.02,-0.83,FAILED_TO_RECOVER,3,,9,FAILURE_EXIT
59,9,-2.17,-1.68,FAILED_TO_RECOVER,3,,9,FAILURE_EXIT
60,9,-1.74,-1.43,FAILED_TO_RECOVER,5,,11,FAILURE_EXIT
61,9,-0.2,-0.97,FAILED_TO_RECOVER,4,,10,FAILURE_EXIT
62,9,-0.08,0.2,RECOVERED,3,5.0,5,RECOVERY_EXIT
63,9,2.1,0.22,RECOVERED,8,10.0,10,RECOVERY_EXIT
64,9,-0.75,-0.47,FAILED_TO_RECOVER,6,,12,FAILURE_EXIT
65,9,1.67,-0.5,FAILED_TO_RECOVER,3,,9,FAILURE_EXIT
66,9,-2.62,-1.93,FAILED_TO_RECOVER,4,,10,FAILURE_EXIT
67,9,0.0,-0.53,FAILED_TO_RECOVER,7,,13,FAILURE_EXIT
68,10,-1.18,-0.94,FAILED_TO_RECOVER,5,,11,FAILURE_EXIT
69,10,-0.66,0.26,RECOVERED,4,8.0,8,RECOVERY_EXIT
70,10,1.42,0.26,RECOVERED,5,11.0,11,RECOVERY_EXIT
71,10,0.85,0.27,RECOVERED,1,5.0,5,RECOVERY_EXIT
72,10,-1.69,-1.61,FAILED_TO_RECOVER,3,,9,FAILURE_EXIT
73,10,-1.62,-2.14,FAILED_TO_RECOVER,2,,8,FAILURE_EXIT
74,10,-0.19,-0.79,FAILED_TO_RECOVER,2,,8,FAILURE_EXIT
75,10,0.34,0.16,FAILED_TO_RECOVER,5,,11,FAILURE_EXIT
76,10,-3.33,-1.47,FAILED_TO_RECOVER,3,,9,FAILURE_EXIT
77,10,-1.2,-1.14,FAILED_TO_RECOVER,3,,9,FAILURE_EXIT
78,10,-0.36,0.22,RECOVERED,7,13.0,13,RECOVERY_EXIT
79,10,0.11,-0.9,FAILED_TO_RECOVER,2,,8,FAILURE_EXIT
80,11,-1.34,-0.93,FAILED_TO_RECOVER,1,,7,FAILURE_EXIT
81,11,-0.91,0.17,FAILED_TO_RECOVER,4,,10,FAILURE_EXIT
82,11,-0.79,-0.25,FAILED_TO_RECOVER,3,,9,FAILURE_EXIT
83,11,-1.57,-0.88,FAILED_TO_RECOVER,2,,8,FAILURE_EXIT
84,11,0.58,-0.11,FAILED_TO_RECOVER,5,,11,FAILURE_EXIT
85,11,-2.52,-1.61,FAILED_TO_RECOVER,1,,7,FAILURE_EXIT
86,11,-1.16,-0.82,FAILED_TO_RECOVER,3,,9,FAILURE_EXIT
87,11,-1.14,-1.86,FAILED_TO_RECOVER,5,,11,FAILURE_EXIT
88,11,-0.26,-0.18,FAILED_TO_RECOVER,2,,8,FAILURE_EXIT
89,11,0.24,0.28,RECOVERED,8,14.0,14,RECOVERY_EXIT
90,11,-0.46,-0.73,FAILED_TO_RECOVER,6,,12,FAILURE_EXIT
91,11,-1.76,-0.47,FAILED_TO_RECOVER,3,,9,FAILURE_EXIT
92,11,-0.64,-0.34,FAILED_TO_RECOVER,2,,8,FAILURE_EXIT
93,11,-0.27,-0.69,FAILED_TO_RECOVER,5,,11,FAILURE_EXIT
94,11,-0.88,0.02,FAILED_TO_RECOVER,5,,11,FAILURE_EXIT
95,12,-0.76,-1.46,FAILED_TO_RECOVER,1,,7,FAILURE_EXIT
96,12,-1.45,-1.5,FAILED_TO_RECOVER,2,,8,FAILURE_EXIT
97,12,-1.36,-0.91,FAILED_TO_RECOVER,2,,8,FAILURE_EXIT
98,12,-2.61,-0.9,FAILED_TO_RECOVER,5,,11,FAILURE_EXIT
99,12,1.04,0.01,FAILED_TO_RECOVER,3,,9,FAILURE_EXIT
100,12,-1.52,-0.45,FAILED_TO_RECOVER,3,,9,FAILURE_EXIT
101,12,1.58,0.9,RECOVERED,1,6.0,6,RECOVERY_EXIT
102,12,-1.31,-1.01,FAILED_TO_RECOVER,4,,10,FAILURE_EXIT
103,12,0.25,0.08,FAILED_TO_RECOVER,5,,11,FAILURE_EXIT
104,12,-0.64,-0.46,FAILED_TO_RECOVER,5,,11,FAILURE_EXIT
105,12,-1.46,-1.05,FAILED_TO_RECOVER,5,,11,FAILURE_EXIT
106,12,-0.63,0.71,RECOVERED,8,13.0,13,RECOVERY_EXIT
107,12,1.46,-0.31,FAILED_TO_RECOVER,2,,8,FAILURE_EXIT
108,12,-2.49,-1.17,FAILED_TO_RECOVER,1,,7,FAILURE_EXIT
109,12,1.37,0.52,RECOVERED,2,4.0,4,RECOVERY_EXIT
110,12,-1.29,0.23,RECOVERED,4,5.0,5,RECOVERY_EXIT
111,12,-4.12,-2.89,FAILED_TO_RECOVER,2,,8,FAILURE_EXIT
112,12,-1.57,-0.31,FAILED_TO_RECOVER,3,,9,FAILURE_EXIT
113,12,-1.76,-1.27,FAILED_TO_RECOVER,4,,10,FAILURE_EXIT
114,13,1.46,-0.19,FAILED_TO_RECOVER,4,,10,FAILURE_EXIT
115,14,-0.77,-1.14,FAILED_TO_RECOVER,1,,7,FAILURE_EXIT
116,14,0.17,-0.48,FAILED_TO_RECOVER,2,,8,FAILURE_EXIT
117,14,-0.69,-0.76,FAILED_TO_RECOVER,3,,9,FAILURE_EXIT
118,14,-0.71,-0.92,FAILED_TO_RECOVER,6,,12,FAILURE_EXIT
119,14,-1.83,0.25,RECOVERED,1,3.0,3,RECOVERY_EXIT
120,14,-0.21,-0.23,FAILED_TO_RECOVER,2,,8,FAILURE_EXIT
121,14,-0.66,-0.5,FAILED_TO_RECOVER,1,,7,FAILURE_EXIT
122,14,0.36,0.37,RECOVERED,5,6.0,6,RECOVERY_EXIT
123,14,-0.7,-0.29,FAILED_TO_RECOVER,4,,10,FAILURE_EXIT
124,14,-1.59,-1.43,FAILED_TO_RECOVER,2,,8,FAILURE_EXIT
125,14,-0.86,0.29,RECOVERED,3,9.0,9,RECOVERY_EXIT
126,14,-0.92,-1.17,FAILED_TO_RECOVER,2,,8,FAILURE_EXIT
127,14,1.08,0.23,RECOVERED,8,10.0,10,RECOVERY_EXIT
128,14,-0.26,-1.29,FAILED_TO_RECOVER,2,,8,FAILURE_EXIT
129,14,0.34,-1.59,FAILED_TO_RECOVER,7,,13,FAILURE_EXIT
130,14,1.49,-0.18,FAILED_TO_RECOVER,2,,8,FAILURE_EXIT
131,14,1.72,0.23,RECOVERED,3,7.0,7,RECOVERY_EXIT
132,14,-0.28,-1.13,FAILED_TO_RECOVER,3,,9,FAILURE_EXIT
133,14,-1.67,-1.31,FAILED_TO_RECOVER,4,,10,FAILURE_EXIT
134,14,-0.63,-0.96,FAILED_TO_RECOVER,4,,10,FAILURE_EXIT
135,15,-0.66,-0.84,FAILED_TO_RECOVER,4,,10,FAILURE_EXIT
136,15,-1.7,0.26,RECOVERED,7,12.0,12,RECOVERY_EXIT
137,15,-1.17,-0.58,FAILED_TO_RECOVER,5,,11,FAILURE_EXIT
138,16,1.92,0.76,RECOVERED,7,12.0,12,RECOVERY_EXIT
139,16,-0.77,0.48,RECOVERED,4,9.0,9,RECOVERY_EXIT
140,18,-2.22,-1.35,FAILED_TO_RECOVER,6,,12,FAILURE_EXIT
141,18,0.02,-0.57,FAILED_TO_RECOVER,2,,8,FAILURE_EXIT
142,18,-1.71,-0.52,FAILED_TO_RECOVER,6,,12,FAILURE_EXIT
143,18,-0.72,-0.18,FAILED_TO_RECOVER,7,,13,FAILURE_EXIT
144,18,-0.79,-0.65,FAILED_TO_RECOVER,6,,12,FAILURE_EXIT
145,18,-0.57,0.41,RECOVERED,2,5.0,5,RECOVERY_EXIT
146,18,0.36,0.22,RECOVERED,1,4.0,4,RECOVERY_EXIT
147,18,-0.21,0.02,FAILED_TO_RECOVER,2,,8,FAILURE_EXIT
148,18,-0.85,-0.87,FAILED_TO_RECOVER,4,,10,FAILURE_EXIT
149,19,-3.62,-1.55,FAILED_TO_RECOVER,3,,9,FAILURE_EXIT
150,19,3.2,0.66,RECOVERED,1,2.0,2,RECOVERY_EXIT
151,20,-2.01,-1.12,FAILED_TO_RECOVER,4,,10,FAILURE_EXIT
152,20,2.81,-1.21,FAILED_TO_RECOVER,3,,9,FAILURE_EXIT
153,20,-1.63,-1.62,FAILED_TO_RECOVER,5,,11,FAILURE_EXIT
154,20,-0.83,-1.49,FAILED_TO_RECOVER,2,,8,FAILURE_EXIT
155,20,-0.47,-0.51,FAILED_TO_RECOVER,4,,10,FAILURE_EXIT
156,20,2.48,0.4,RECOVERED,4,6.0,6,RECOVERY_EXIT
157,20,-1.99,-0.01,FAILED_TO_RECOVER,7,,13,FAILURE_EXIT
158,20,1.6,0.24,RECOVERED,2,7.0,7,RECOVERY_EXIT
159,20,-1.01,-0.77,FAILED_TO_RECOVER,2,,8,FAILURE_EXIT
160,20,-0.53,-0.25,FAILED_TO_RECOVER,1,,7,FAILURE_EXIT
161,20,-1.65,0.28,RECOVERED,3,9.0,9,RECOVERY_EXIT
162,20,1.38,0.0,FAILED_TO_RECOVER,6,,12,FAILURE_EXIT
163,20,-2.13,-1.16,FAILED_TO_RECOVER,1,,7,FAILURE_EXIT
164,20,0.85,0.43,RECOVERED,2,8.0,8,RECOVERY_EXIT
165,20,-1.62,-0.27,FAILED_TO_RECOVER,3,,9,FAILURE_EXIT
166,20,0.82,-0.77,FAILED_TO_RECOVER,6,,12,FAILURE_EXIT
167,20,0.66,0.2,RECOVERED,4,7.0,7,RECOVERY_EXIT
168,20,-4.76,0.06,FAILED_TO_RECOVER,2,,8,FAILURE_EXIT
169,20,-0.64,-1.86,FAILED_TO_RECOVER,5,,11,FAILURE_EXIT
170,20,-0.33,-1.61,FAILED_TO_RECOVER,1,,7,FAILURE_EXIT
171,20,-0.46,0.39,RECOVERED,1,7.0,7,RECOVERY_EXIT
172,20,-1.05,1.64,RECOVERED,2,6.0,6,RECOVERY_EXIT
173,20,-2.57,-0.42,FAILED_TO_RECOVER,4,,10,FAILURE_EXIT
174,20,0.34,-0.53,FAILED_TO_RECOVER,1,,7,FAILURE_EXIT
175,20,-1.25,0.43,RECOVERED,2,4.0,4,RECOVERY_EXIT
176,20,-2.55,-1.84,FAILED_TO_RECOVER,6,,12,FAILURE_EXIT
177,20,-3.23,-2.6,FAILED_TO_RECOVER,5,,11,FAILURE_EXIT
178,20,-0.42,-0.67,FAILED_TO_RECOVER,2,,8,FAILURE_EXIT
179,20,0.87,0.41,RECOVERED,4,5.0,5,RECOVERY_EXIT
180,20,-1.73,-1.37,FAILED_TO_RECOVER,4,,10,FAILURE_EXIT
181,20,-2.14,-1.35,FAILED_TO_RECOVER,6,,12,FAILURE_EXIT
182,20,-1.83,-1.14,FAILED_TO_RECOVER,4,,10,FAILURE_EXIT
183,20,-1.25,-1.11,FAILED_TO_RECOVER,5,,11,FAILURE_EXIT
184,21,3.94,0.94,RECOVERED,1,5.0,5,RECOVERY_EXIT
185,22,-2.77,-0.63,FAILED_TO_RECOVER,3,,9,FAILURE_EXIT
186,22,-1.24,-0.08,FAILED_TO_RECOVER,3,,9,FAILURE_EXIT
187,22,-1.29,-1.03,FAILED_TO_RECOVER,1,,7,FAILURE_EXIT
188,22,0.39,0.06,FAILED_TO_RECOVER,5,,11,FAILURE_EXIT
189,22,-0.96,-1.07,FAILED_TO_RECOVER,1,,7,FAILURE_EXIT
190,22,-0.85,-1.22,FAILED_TO_RECOVER,4,,10,FAILURE_EXIT
191,22,-2.0,0.27,RECOVERED,7,11.0,11,RECOVERY_EXIT
192,22,-1.49,0.22,RECOVERED,4,5.0,5,RECOVERY_EXIT
193,22,-1.14,-1.74,FAILED_TO_RECOVER,2,,8,FAILURE_EXIT
194,22,-0.05,-0.47,FAILED_TO_RECOVER,4,,10,FAILURE_EXIT
