mae_threshold,recovery_threshold,deadline,trades,total_R,mean_R,win_rate,profit_factor,max_drawdown_R,delta_total_R_vs_frozen,delta_mean_R_vs_frozen,delta_win_rate_vs_frozen,delta_max_DD_vs_frozen,positive_OOS,PF_above_1
0.5,0.1,4,217,28.955200000000005,0.1334341013824885,0.48847926267281105,1.324534189337016,-8.289200000000001,-5.390000000000001,-0.024838709677419357,-0.05069124423963134,-0.5247999999999955,True,True
0.5,0.1,5,217,30.7452,0.14168294930875577,0.5023041474654378,1.3461486498657977,-7.749199999999995,-3.600000000000005,-0.016589861751152096,-0.03686635944700456,0.01520000000001076,True,True
0.5,0.1,6,217,31.505200000000002,0.1451852534562212,0.5253456221198156,1.3514997076897677,-7.2844000000000015,-2.8400000000000034,-0.013087557603686656,-0.01382488479262678,0.480000000000004,True,True
0.5,0.1,7,217,31.565200000000004,0.14546175115207374,0.543778801843318,1.3477461915065196,-8.708800000000004,-2.780000000000001,-0.012811059907834127,0.004608294930875556,-0.9443999999999981,True,True
0.5,0.1,8,217,32.995200000000004,0.15205161290322583,0.5576036866359447,1.3612713345333671,-8.49880000000001,-1.3500000000000014,-0.00622119815668204,0.018433179723502335,-0.7344000000000044,True,True
0.5,0.15,4,217,30.845200000000006,0.14214377880184334,0.48847926267281105,1.34571759051701,-8.289200000000001,-3.5,-0.01612903225806453,-0.05069124423963134,-0.5247999999999955,True,True
0.5,0.15,5,217,32.6352,0.1503926267281106,0.5023041474654378,1.3674274494262608,-7.749199999999995,-1.710000000000008,-0.007880184331797269,-0.03686635944700456,0.01520000000001076,True,True
0.5,0.15,6,217,33.3952,0.15389493087557604,0.5253456221198156,1.3725862092048717,-7.2844000000000015,-0.9500000000000028,-0.004377880184331828,-0.01382488479262678,0.480000000000004,True,True
0.5,0.15,7,217,33.455200000000005,0.1541714285714286,0.543778801843318,1.3685678654369027,-8.708800000000007,-0.8900000000000006,-0.0041013824884792716,0.004608294930875556,-0.9444000000000017,True,True
0.5,0.15,8,217,34.88520000000001,0.16076129032258069,0.5576036866359447,1.381965339184591,-8.49880000000001,0.5400000000000063,0.002488479262672816,0.018433179723502335,-0.7344000000000044,True,True
0.5,0.2,4,217,31.015200000000007,0.1429271889400922,0.48847926267281105,1.347622975808332,-8.059200000000004,-3.3299999999999983,-0.01534562211981566,-0.05069124423963134,-0.2947999999999986,True,True
0.5,0.2,5,217,32.5952,0.15020829493087556,0.4976958525345622,1.3669771044620185,-7.6691999999999965,-1.750000000000007,-0.008064516129032306,-0.04147465437788017,0.09520000000000906,True,True
0.5,0.2,6,217,32.0752,0.1478119815668203,0.5207373271889401,1.3515444844850113,-7.2844000000000015,-2.270000000000003,-0.010460829493087576,-0.018433179723502335,0.480000000000004,True,True
0.5,0.2,7,217,32.275200000000005,0.14873364055299543,0.5345622119815668,1.3499774454353033,-8.708800000000007,-2.0700000000000003,-0.009539170506912442,-0.004608294930875556,-0.9444000000000017,True,True
0.5,0.2,8,217,32.8952,0.15159078341013826,0.5483870967741935,1.3514789915248084,-8.49880000000001,-1.4500000000000028,-0.006682027649769606,0.009216589861751112,-0.7344000000000044,True,True
0.5,0.25,4,217,29.255200000000002,0.13481658986175116,0.4792626728110599,1.3233304745316135,-8.209200000000003,-5.090000000000003,-0.023456221198156713,-0.05990783410138251,-0.4447999999999972,True,True
0.5,0.25,5,217,30.7152,0.14154470046082948,0.48847926267281105,1.3386430990685865,-7.689199999999996,-3.630000000000006,-0.01672811059907839,-0.05069124423963134,0.07520000000000948,True,True
0.5,0.25,6,217,30.055200000000006,0.13850322580645164,0.511520737327189,1.3213744963687226,-7.2844000000000015,-4.289999999999999,-0.019769585253456234,-0.027649769585253448,0.480000000000004,True,True
0.5,0.25,7,217,29.1652,0.13440184331797234,0.5207373271889401,1.3061616110719205,-8.708800000000004,-5.180000000000007,-0.023870967741935534,-0.018433179723502335,-0.9443999999999981,True,True
0.5,0.25,8,217,28.985200000000006,0.13357235023041478,0.5299539170506913,1.2975563284563933,-9.959600000000016,-5.359999999999999,-0.024700460829493093,-0.009216589861751112,-2.1952000000000105,True,True
0.5,0.3,4,217,28.4752,0.1312221198156682,0.47465437788018433,1.312877153041178,-8.209200000000003,-5.8700000000000045,-0.027050691244239672,-0.06451612903225806,-0.4447999999999972,True,True
0.5,0.3,5,217,29.5252,0.13606082949308757,0.4792626728110599,1.3231360565957615,-7.7096000000000195,-4.820000000000004,-0.022211981566820305,-0.05990783410138251,0.05479999999998597,True,True
0.5,0.3,6,217,27.955200000000005,0.12882580645161293,0.4976958525345622,1.2947592175519398,-7.799600000000002,-6.390000000000001,-0.02944700460829494,-0.04147465437788017,-0.03519999999999612,True,True
0.5,0.3,7,217,26.2452,0.12094562211981567,0.5069124423963134,1.268463433196128,-9.379600000000003,-8.100000000000005,-0.037327188940092196,-0.032258064516129004,-1.615199999999998,True,True
0.5,0.3,8,217,25.8652,0.11919447004608295,0.511520737327189,1.2597408335743439,-11.629600000000007,-8.480000000000004,-0.039078341013824916,-0.027649769585253448,-3.8652000000000015,True,True
0.6,0.1,4,217,28.225200000000008,0.13007004608294934,0.4930875576036866,1.3129845820839914,-8.0292,-6.119999999999997,-0.028202764976958533,-0.04608294930875578,-0.26479999999999393,True,True
0.6,0.1,5,217,29.935200000000005,0.13795023041474658,0.5069124423963134,1.33379720073862,-7.834799999999994,-4.41,-0.020322580645161292,-0.032258064516129004,-0.0703999999999887,True,True
0.6,0.1,6,217,33.775200000000005,0.1556460829493088,0.5345622119815668,1.3851184937879701,-7.2844000000000015,-0.5700000000000003,-0.0026267281105990803,-0.004608294930875556,0.480000000000004,True,True
0.6,0.1,7,217,33.7252,0.15541566820276498,0.5483870967741935,1.3755974999665892,-8.738800000000015,-0.6200000000000045,-0.0028571428571428914,0.009216589861751112,-0.9744000000000099,True,True
0.6,0.1,8,217,32.01520000000001,0.14753548387096777,0.5576036866359447,1.3467069810961136,-8.418800000000005,-2.3299999999999983,-0.010737327188940105,0.018433179723502335,-0.654399999999999,True,True
0.6,0.15,4,217,30.11520000000001,0.1387797235023042,0.4930875576036866,1.333942479995742,-8.0292,-4.229999999999997,-0.019493087557603678,-0.04608294930875578,-0.26479999999999393,True,True
0.6,0.15,5,217,31.825200000000006,0.1466599078341014,0.5069124423963134,1.3548719458345604,-7.834799999999994,-2.5199999999999996,-0.011612903225806465,-0.032258064516129004,-0.0703999999999887,True,True
0.6,0.15,6,217,35.665200000000006,0.16435576036866362,0.5345622119815668,1.4066690383668108,-7.284400000000005,1.3200000000000003,0.006082949308755747,-0.004608294930875556,0.4800000000000004,True,True
0.6,0.15,7,217,35.6152,0.16412534562211983,0.5483870967741935,1.3966464270281589,-8.738800000000019,1.269999999999996,0.005852534562211964,0.009216589861751112,-0.9744000000000135,True,True
0.6,0.15,8,217,33.90520000000001,0.15624516129032262,0.5576036866359447,1.3671746400291096,-8.418800000000012,-0.4399999999999977,-0.002027649769585249,0.018433179723502335,-0.6544000000000061,True,True
0.6,0.2,4,217,30.285200000000003,0.139563133640553,0.4930875576036866,1.3358275819243122,-7.799200000000003,-4.060000000000002,-0.018709677419354864,-0.04608294930875578,-0.034799999999997056,True,True
0.6,0.2,5,217,31.785200000000003,0.14647557603686637,0.5023041474654378,1.3544259194833235,-7.754799999999996,-2.5600000000000023,-0.011797235023041502,-0.03686635944700456,0.0096000000000096,True,True
0.6,0.2,6,217,34.345200000000006,0.15827281105990787,0.5299539170506913,1.3845581945296652,-7.284400000000005,0.0,0.0,-0.009216589861751112,0.4800000000000004,True,True
0.6,0.2,7,217,34.4352,0.15868755760368664,0.5391705069124424,1.377410106005208,-8.738800000000019,0.0899999999999963,0.00041474654377876563,0.0,-0.9744000000000135,True,True
0.6,0.2,8,217,31.91520000000001,0.14707465437788023,0.5483870967741935,1.3373671258594009,-8.418800000000005,-2.429999999999996,-0.011198156682027643,0.009216589861751112,-0.654399999999999,True,True
0.6,0.25,4,217,28.8952,0.13315760368663593,0.4838709677419355,1.3159989851357388,-7.949200000000001,-5.450000000000006,-0.02511520737327194,-0.055299539170506895,-0.18479999999999563,True,True
0.6,0.25,5,217,30.2152,0.1392405529953917,0.4930875576036866,1.33000148535181,-7.7747999999999955,-4.130000000000006,-0.019032258064516167,-0.04608294930875578,-0.010399999999989973,True,True
0.6,0.25,6,217,32.32520000000001,0.1489640552995392,0.5207373271889401,1.3529306436891047,-7.284400000000005,-2.019999999999996,-0.009308755760368659,-0.018433179723502335,0.4800000000000004,True,True
0.6,0.25,7,217,31.3252,0.1443557603686636,0.5253456221198156,1.3322542871931506,-8.738800000000008,-3.0200000000000067,-0.01391705069124427,-0.01382488479262678,-0.9744000000000028,True,True
0.6,0.25,8,217,28.005200000000002,0.12905622119815668,0.5299539170506913,1.2845455432185071,-9.369600000000005,-6.340000000000003,-0.029216589861751185,-0.009216589861751112,-1.6052,True,True
0.6,0.3,4,217,28.115199999999998,0.129563133640553,0.4792626728110599,1.3056970255776836,-7.949200000000001,-6.2300000000000075,-0.028709677419354873,-0.05990783410138251,-0.18479999999999563,True,True
0.6,0.3,5,217,29.0252,0.1337566820276498,0.4838709677419355,1.314701813277127,-7.7747999999999955,-5.320000000000004,-0.024516129032258083,-0.055299539170506895,-0.010399999999989973,True,True
0.6,0.3,6,217,30.2252,0.13928663594470048,0.5069124423963134,1.3253141723028974,-7.709600000000012,-4.1200000000000045,-0.018986175115207393,-0.032258064516129004,0.054799999999993076,True,True
0.6,0.3,7,217,28.105199999999996,0.12951705069124422,0.5069124423963134,1.2903405756977218,-9.459600000000005,-6.240000000000009,-0.028755760368663646,-0.032258064516129004,-1.6951999999999998,True,True
0.6,0.3,8,217,24.8652,0.11458617511520738,0.511520737327189,1.2471424538916305,-11.0396,-9.480000000000004,-0.043686635944700486,-0.027649769585253448,-3.2751999999999946,True,True
0.7,0.1,4,217,28.055200000000006,0.1292866359447005,0.48847926267281105,1.3122073251072777,-8.879199999999994,-6.289999999999999,-0.028986175115207374,-0.05069124423963134,-1.1147999999999882,True,True
0.7,0.1,5,217,29.995200000000008,0.1382267281105991,0.5253456221198156,1.3281721823003738,-8.144800000000004,-4.349999999999998,-0.020046082949308763,-0.01382488479262678,-0.3803999999999981,True,True
0.7,0.1,6,217,33.775200000000005,0.1556460829493088,0.543778801843318,1.3820257253638701,-7.7644000000000055,-0.5700000000000003,-0.0026267281105990803,0.004608294930875556,0.0,True,True
0.7,0.1,7,217,31.645200000000006,0.14583041474654382,0.5483870967741935,1.3419594384314812,-8.969599999999996,-2.6999999999999993,-0.012442396313364051,0.009216589861751112,-1.2051999999999907,True,True
0.7,0.1,8,217,28.445200000000007,0.13108387096774196,0.5576036866359447,1.2966415964826659,-9.614799999999999,-5.899999999999999,-0.02718894009216591,0.018433179723502335,-1.8503999999999934,True,True
0.7,0.15,4,217,29.945200000000007,0.13799631336405532,0.48847926267281105,1.3332398554208293,-8.879199999999994,-4.399999999999999,-0.020276497695852547,-0.05069124423963134,-1.1147999999999882,True,True
0.7,0.15,5,217,31.885200000000008,0.14693640552995396,0.5253456221198156,1.348850338290256,-8.144800000000004,-2.4599999999999973,-0.011336405529953908,-0.01382488479262678,-0.3803999999999981,True,True
0.7,0.15,6,217,35.665200000000006,0.16435576036866362,0.543778801843318,1.4034032041334321,-7.764400000000009,1.3200000000000003,0.006082949308755747,0.004608294930875556,-3.552713678800501e-15,True,True
0.7,0.15,7,217,33.5352,0.15454009216589865,0.5483870967741935,1.362382862477956,-8.969599999999996,-0.8100000000000023,-0.0037327188940092237,0.009216589861751112,-1.2051999999999907,True,True
0.7,0.15,8,217,30.335200000000004,0.1397935483870968,0.5576036866359447,1.3163515165167043,-9.614799999999999,-4.010000000000002,-0.01847926267281108,0.018433179723502335,-1.8503999999999934,True,True
0.7,0.2,4,217,30.1152,0.13877972350230416,0.48847926267281105,1.3351316703167573,-8.649199999999997,-4.230000000000004,-0.019493087557603705,-0.05069124423963134,-0.8847999999999914,True,True
0.7,0.2,5,217,31.845200000000006,0.14675207373271892,0.5207373271889401,1.3484127053592534,-8.064800000000005,-2.5,-0.011520737327188946,-0.018433179723502335,-0.3003999999999998,True,True
0.7,0.2,6,217,34.345200000000006,0.15827281105990787,0.5391705069124424,1.3815251586300057,-7.7644000000000055,0.0,0.0,0.0,0.0,True,True
0.7,0.2,7,217,32.3552,0.14910230414746545,0.5391705069124424,1.3442379466926548,-9.529599999999995,-1.990000000000002,-0.009170506912442422,0.0,-1.7651999999999894,True,True
0.7,0.2,8,217,28.345200000000006,0.1306230414746544,0.5483870967741935,1.2887923481010854,-9.829600000000003,-6.0,-0.027649769585253475,0.009216589861751112,-2.0651999999999973,True,True
0.7,0.25,4,217,28.7252,0.13237419354838711,0.4792626728110599,1.3152430619573143,-8.799199999999995,-5.6200000000000045,-0.025898617511520755,-0.05990783410138251,-1.03479999999999,True,True
0.7,0.25,5,217,30.275200000000005,0.13951705069124426,0.511520737327189,1.3245598236721814,-8.084800000000005,-4.07,-0.01875576036866361,-0.027649769585253448,-0.32039999999999935,True,True
0.7,0.25,6,217,32.1452,0.14813456221198157,0.5299539170506913,1.348265670503398,-7.904800000000005,-2.200000000000003,-0.010138248847926301,-0.009216589861751112,-0.14039999999999964,True,True
0.7,0.25,7,217,29.455199999999998,0.13573824884792626,0.5253456221198156,1.3035654658108555,-10.089599999999994,-4.890000000000008,-0.022534562211981607,-0.01382488479262678,-2.325199999999988,True,True
0.7,0.25,8,217,24.435200000000002,0.11260460829493088,0.5299539170506913,1.2396293840981933,-10.704799999999999,-9.910000000000004,-0.04566820276497699,-0.009216589861751112,-2.9403999999999932,True,True
0.7,0.3,4,217,27.945200000000007,0.12877972350230418,0.47465437788018433,1.3049095043360235,-8.799199999999995,-6.399999999999999,-0.029493087557603687,-0.06451612903225806,-1.03479999999999,True,True
0.7,0.3,5,217,29.0852,0.13403317972350232,0.5023041474654378,1.3095790562720064,-8.419600000000017,-5.260000000000005,-0.024239631336405554,-0.03686635944700456,-0.6552000000000113,True,True
0.7,0.3,6,217,30.045200000000005,0.1384571428571429,0.5161290322580645,1.32092440996018,-7.904800000000005,-4.300000000000001,-0.01981566820276498,-0.02304147465437789,-0.14039999999999964,True,True
0.7,0.3,7,217,26.2352,0.12089953917050691,0.5069124423963134,1.263535802826296,-10.089599999999994,-8.110000000000007,-0.037373271889400955,-0.032258064516129004,-2.325199999999988,True,True
0.7,0.3,8,217,21.5452,0.09928663594470047,0.511520737327189,1.206845569542477,-11.0796,-12.800000000000004,-0.0589861751152074,-0.027649769585253448,-3.3151999999999937,True,True
0.8,0.1,4,217,22.865200000000005,0.10536958525345624,0.4792626728110599,1.240153427972457,-10.389199999999997,-11.48,-0.052903225806451626,-0.05990783410138251,-2.6247999999999916,True,True
0.8,0.1,5,217,29.035200000000003,0.13380276497695853,0.5299539170506913,1.3133831548135584,-7.964800000000004,-5.310000000000002,-0.024470046082949337,-0.009216589861751112,-0.20039999999999836,True,True
0.8,0.1,6,217,30.915200000000002,0.14246635944700461,0.5345622119815668,1.333206870386977,-8.314800000000005,-3.4300000000000033,-0.015806451612903255,-0.004608294930875556,-0.5503999999999998,True,True
0.8,0.1,7,217,27.535200000000003,0.12689032258064517,0.5391705069124424,1.2844228123308559,-9.599599999999999,-6.810000000000002,-0.0313824884792627,0.0,-1.8351999999999933,True,True
0.8,0.1,8,217,28.2452,0.13016221198156683,0.5483870967741935,1.2934541842769103,-10.249600000000001,-6.100000000000005,-0.028110599078341042,0.009216589861751112,-2.4851999999999954,True,True
0.8,0.15,4,217,24.365200000000005,0.1122820276497696,0.4792626728110599,1.255907943216526,-10.389199999999997,-9.98,-0.045990783410138264,-0.05990783410138251,-2.6247999999999916,True,True
0.8,0.15,5,217,30.535200000000003,0.1407152073732719,0.5299539170506913,1.329572977243586,-7.964800000000004,-3.8100000000000023,-0.017557603686635975,-0.009216589861751112,-0.20039999999999836,True,True
0.8,0.15,6,217,32.4152,0.14937880184331798,0.5345622119815668,1.3493740084155348,-8.314800000000005,-1.9300000000000068,-0.008894009216589893,-0.004608294930875556,-0.5503999999999998,True,True
0.8,0.15,7,217,29.035200000000003,0.13380276497695853,0.5391705069124424,1.2999169514145117,-9.599599999999999,-5.310000000000002,-0.024470046082949337,0.0,-1.8351999999999933,True,True
0.8,0.15,8,217,29.7452,0.1370746543778802,0.5483870967741935,1.3090384703295976,-10.249600000000001,-4.600000000000005,-0.02119815668202768,0.009216589861751112,-2.4851999999999954,True,True
0.8,0.2,4,217,24.5152,0.11297327188940093,0.4792626728110599,1.2574833947409327,-10.389199999999997,-9.830000000000005,-0.04529953917050694,-0.05990783410138251,-2.6247999999999916,True,True
0.8,0.2,5,217,30.805200000000006,0.14195944700460833,0.5299539170506913,1.332487145280991,-7.964800000000004,-3.539999999999999,-0.01631336405529954,-0.009216589861751112,-0.20039999999999836,True,True
0.8,0.2,6,217,30.995200000000004,0.14283502304147466,0.5299539170506913,1.3283709853078904,-8.314800000000005,-3.3500000000000014,-0.015437788018433207,-0.009216589861751112,-0.5503999999999998,True,True
0.8,0.2,7,217,28.185200000000005,0.1298857142857143,0.5345622119815668,1.288042611813087,-9.599599999999999,-6.16,-0.02838709677419357,-0.004608294930875556,-1.8351999999999933,True,True
0.8,0.2,8,217,27.8852,0.12850322580645163,0.543778801843318,1.2836721572967869,-10.249600000000001,-6.460000000000004,-0.029769585253456243,0.004608294930875556,-2.4851999999999954,True,True
0.8,0.25,4,217,23.125200000000003,0.10656774193548388,0.4700460829493088,1.2397119128275087,-10.539199999999996,-11.220000000000002,-0.05170506912442399,-0.06912442396313362,-2.77479999999999,True,True
0.8,0.25,5,217,28.925200000000007,0.13329585253456225,0.5207373271889401,1.305987043376339,-8.93960000000001,-5.419999999999998,-0.02497695852534562,-0.018433179723502335,-1.1752000000000038,True,True
0.8,0.25,6,217,28.485200000000003,0.13126820276497697,0.5207373271889401,1.294661883422916,-9.539600000000014,-5.860000000000003,-0.0270046082949309,-0.018433179723502335,-1.7752000000000088,True,True
0.8,0.25,7,217,24.975200000000005,0.11509308755760371,0.5207373271889401,1.2475468526367124,-10.789600000000004,-9.370000000000001,-0.04317972350230416,-0.018433179723502335,-3.025199999999998,True,True
0.8,0.25,8,217,23.6652,0.10905622119815668,0.5253456221198156,1.2317373150229924,-10.9296,-10.680000000000007,-0.04921658986175119,-0.01382488479262678,-3.165199999999995,True,True
0.8,0.3,4,217,22.345200000000006,0.10297327188940095,0.46543778801843316,1.2303609867135117,-10.539199999999996,-12.0,-0.05529953917050692,-0.07373271889400923,-2.77479999999999,True,True
0.8,0.3,5,217,28.45520000000001,0.13112995391705073,0.5161290322580645,1.2991794832973755,-8.93960000000001,-5.889999999999997,-0.027142857142857135,-0.02304147465437789,-1.1752000000000038,True,True
0.8,0.3,6,217,27.435200000000002,0.1264294930875576,0.511520737327189,1.2811824849237685,-9.539600000000007,-6.910000000000004,-0.031843317972350266,-0.027649769585253448,-1.7752000000000017,True,True
0.8,0.3,7,217,22.8652,0.10536958525345623,0.5069124423963134,1.2234658055840066,-11.039599999999997,-11.480000000000004,-0.05290322580645164,-0.032258064516129004,-3.275199999999991,True,True
0.8,0.3,8,217,22.415199999999995,0.1032958525345622,0.511520737327189,1.21728408465231,-10.9296,-11.93000000000001,-0.054976958525345676,-0.027649769585253448,-3.165199999999995,True,True
0.9,0.1,4,217,15.525200000000007,0.07154470046082953,0.4792626728110599,1.150509739139202,-11.329199999999993,-18.82,-0.08672811059907834,-0.05990783410138251,-3.5647999999999875,True,True
0.9,0.1,5,217,21.305200000000003,0.09818064516129034,0.5207373271889401,1.214401011162233,-9.5748,-13.040000000000003,-0.06009216589861753,-0.018433179723502335,-1.8103999999999942,True,True
0.9,0.1,6,217,23.725200000000008,0.10933271889400925,0.5207373271889401,1.2399373791474182,-8.214000000000002,-10.619999999999997,-0.04894009216589862,-0.018433179723502335,-0.44959999999999667,True,True
0.9,0.1,7,217,20.025199999999998,0.09228202764976957,0.5207373271889401,1.1952139191739588,-9.989599999999992,-14.320000000000007,-0.0659907834101383,-0.018433179723502335,-2.2251999999999867,True,True
0.9,0.1,8,217,24.475200000000005,0.11278894009216592,0.5345622119815668,1.2486538766321111,-9.0796,-9.870000000000001,-0.04548387096774195,-0.004608294930875556,-1.3151999999999937,True,True
0.9,0.15,4,217,17.02520000000001,0.07845714285714289,0.4792626728110599,1.1650515555865781,-11.329199999999993,-17.319999999999997,-0.07981566820276498,-0.05990783410138251,-3.5647999999999875,True,True
0.9,0.15,5,217,22.805200000000003,0.1050930875576037,0.5207373271889401,1.2294959887612862,-9.5748,-11.540000000000003,-0.05317972350230417,-0.018433179723502335,-1.8103999999999942,True,True
0.9,0.15,6,217,25.225200000000008,0.11624516129032261,0.5207373271889401,1.2551071593271903,-8.214000000000006,-9.119999999999997,-0.04202764976958526,-0.018433179723502335,-0.4496000000000002,True,True
0.9,0.15,7,217,21.525199999999998,0.09919447004608294,0.5207373271889401,1.2098365386115144,-9.989599999999992,-12.820000000000007,-0.059078341013824934,-0.018433179723502335,-2.2251999999999867,True,True
0.9,0.15,8,217,25.975200000000005,0.11970138248847928,0.5345622119815668,1.263893009098778,-9.0796,-8.370000000000001,-0.03857142857142859,-0.004608294930875556,-1.3151999999999937,True,True
0.9,0.2,4,217,17.035200000000007,0.07850322580645164,0.4792626728110599,1.1651485010295606,-11.329199999999993,-17.31,-0.07976958525345623,-0.05990783410138251,-3.5647999999999875,True,True
0.9,0.2,5,217,22.935200000000002,0.10569216589861752,0.5207373271889401,1.2308042201532041,-9.5748,-11.410000000000004,-0.05258064516129035,-0.018433179723502335,-1.8103999999999942,True,True
0.9,0.2,6,217,23.665200000000006,0.10905622119815671,0.5161290322580645,1.235496184725368,-8.214000000000002,-10.68,-0.04921658986175116,-0.02304147465437789,-0.44959999999999667,True,True
0.9,0.2,7,217,20.5352,0.09463225806451613,0.5161290322580645,1.198176427898646,-9.989599999999992,-13.810000000000006,-0.06364055299539174,-0.02304147465437789,-2.2251999999999867,True,True
0.9,0.2,8,217,23.975200000000005,0.11048479262672813,0.5299539170506913,1.238604788178438,-9.0796,-10.370000000000001,-0.047788018433179744,-0.009216589861751112,-1.3151999999999937,True,True
0.9,0.25,4,217,15.905200000000008,0.07329585253456225,0.47465437788018433,1.1529187353620973,-11.479199999999992,-18.439999999999998,-0.08497695852534562,-0.06451612903225806,-3.714799999999986,True,True
0.9,0.25,5,217,21.705200000000005,0.10002396313364058,0.5161290322580645,1.2160564120532589,-9.594799999999998,-12.64,-0.05824884792626729,-0.02304147465437789,-1.830399999999992,True,True
0.9,0.25,6,217,21.475200000000008,0.09896405529953921,0.511520737327189,1.2099015939666198,-9.769199999999994,-12.869999999999997,-0.05930875576036866,-0.027649769585253448,-2.004799999999989,True,True
0.9,0.25,7,217,18.4652,0.08509308755760368,0.5069124423963134,1.175223570138014,-11.629599999999993,-15.880000000000006,-0.07317972350230419,-0.032258064516129004,-3.8651999999999873,True,True
0.9,0.25,8,217,21.685200000000005,0.09993179723502306,0.5207373271889401,1.2116438677035513,-10.819599999999998,-12.66,-0.05834101382488481,-0.018433179723502335,-3.055199999999992,True,True
0.9,0.3,4,217,15.075200000000008,0.06947096774193552,0.4700460829493088,1.144135048206917,-11.479199999999999,-19.269999999999996,-0.08880184331797235,-0.06912442396313362,-3.714799999999993,True,True
0.9,0.3,5,217,21.10520000000001,0.09725898617511526,0.511520737327189,1.20935455328199,-9.594799999999998,-13.239999999999995,-0.06101382488479261,-0.027649769585253448,-1.830399999999992,True,True
0.9,0.3,6,217,19.905200000000008,0.09172903225806456,0.5023041474654378,1.1925611487963723,-9.76919999999999,-14.439999999999998,-0.06654377880184331,-0.03686635944700456,-2.0047999999999853,True,True
0.9,0.3,7,217,16.3352,0.07527741935483871,0.4930875576036866,1.1534242252335851,-11.87959999999999,-18.010000000000005,-0.08299539170506916,-0.04608294930875578,-4.115199999999984,True,True
0.9,0.3,8,217,19.865200000000005,0.09154470046082952,0.5069124423963134,1.1915441786197773,-10.849600000000002,-14.48,-0.06672811059907835,-0.032258064516129004,-3.085199999999997,True,True
