feature,bucket,trades,recovery_trades,recovery_rate,mean_R,median_R,total_R
mae_8,"(0.749, 0.86]",50,14,0.28,-0.31699999999999995,-0.7794,-15.849999999999998
mae_8,"(0.86, 1.02]",48,12,0.25,-0.4269,-1.0444,-20.4912
mae_8,"(1.02, 1.38]",50,0,0.0,-1.0444,-1.0444,-52.22
mae_8,"(1.38, 5.75]",47,1,0.02127659574468085,-0.985889361702128,-1.0444,-46.33680000000002
mfe_8,"(-0.031, 0.09]",50,3,0.06,-0.8912,-1.0444,-44.56
mfe_8,"(0.09, 0.28]",51,5,0.09803921568627451,-0.8038117647058824,-1.0444,-40.994400000000006
mfe_8,"(0.28, 0.515]",45,7,0.15555555555555556,-0.7017333333333333,-1.0444,-31.578
mfe_8,"(0.515, 3.68]",49,12,0.24489795918367346,-0.36256326530612243,-1.0444,-17.7656
close_8,"(-5.171, -0.955]",49,1,0.02040816326530612,-0.988277551020408,-1.0444,-48.425599999999996
close_8,"(-0.955, -0.62]",50,2,0.04,-0.9208000000000002,-1.0444,-46.040000000000006
close_8,"(-0.62, -0.285]",47,7,0.14893617021276595,-0.6507829787234041,-1.0444,-30.586799999999993
close_8,"(-0.285, 3.32]",49,17,0.3469387755102041,-0.20093061224489797,-1.0444,-9.845600000000001
mae_change_1_8,"(-0.001, 0.525]",49,11,0.22448979591836735,-0.4441959183673469,-1.0444,-21.7656
mae_change_1_8,"(0.525, 0.71]",52,13,0.25,-0.4486307692307691,-1.0444,-23.328799999999994
mae_change_1_8,"(0.71, 0.995]",45,2,0.044444444444444446,-0.9195111111111116,-1.0444,-41.37800000000002
mae_change_1_8,"(0.995, 5.01]",49,1,0.02040816326530612,-0.988277551020408,-1.0444,-48.425599999999996
mae_change_3_8,"(-0.001, 0.165]",49,11,0.22448979591836735,-0.40991020408163265,-1.0444,-20.0856
mae_change_3_8,"(0.165, 0.41]",49,8,0.16326530612244897,-0.7170530612244898,-1.0444,-35.1356
mae_change_3_8,"(0.41, 0.68]",48,7,0.14583333333333334,-0.6718999999999999,-1.0444,-32.2512
mae_change_3_8,"(0.68, 3.95]",49,1,0.02040816326530612,-0.967869387755102,-1.0444,-47.425599999999996
mae_change_5_8,"(-0.001, 0.13]",98,22,0.22448979591836735,-0.4914408163265305,-1.0444,-48.161199999999994
mae_change_5_8,"(0.13, 0.365]",48,3,0.0625,-0.8971083333333333,-1.0444,-43.0612
mae_change_5_8,"(0.365, 1.94]",49,2,0.04081632653061224,-0.891338775510204,-1.0444,-43.675599999999996
mfe_change_1_8,"(-0.001, 0.26]",148,13,0.08783783783783784,-0.8195351351351352,-1.0444,-121.2912
mfe_change_1_8,"(0.26, 3.59]",47,14,0.2978723404255319,-0.28950638297872333,-1.0444,-13.606799999999996
mfe_change_3_8,"(-0.001, 2.9]",195,27,0.13846153846153847,-0.6917846153846152,-1.0444,-134.89799999999997
mfe_change_5_8,"(-0.001, 2.12]",195,27,0.13846153846153847,-0.6917846153846152,-1.0444,-134.89799999999997
close_change_1_8,"(-4.481000000000001, -0.87]",50,2,0.04,-0.9037999999999999,-1.0444,-45.19
close_change_1_8,"(-0.87, -0.52]",50,2,0.04,-0.96,-1.0444,-48.0
close_change_1_8,"(-0.52, -0.095]",46,7,0.15217391304347827,-0.6400521739130434,-1.0444,-29.442399999999996
close_change_1_8,"(-0.095, 3.67]",49,16,0.32653061224489793,-0.25031836734693874,-1.0444,-12.2656
close_change_3_8,"(-3.7809999999999997, -0.65]",50,1,0.02,-0.9466,-1.0444,-47.33
close_change_3_8,"(-0.65, -0.24]",48,3,0.0625,-0.8873166666666665,-1.0444,-42.59119999999999
close_change_3_8,"(-0.24, 0.205]",48,8,0.16666666666666666,-0.6571083333333333,-1.0444,-31.541199999999996
close_change_3_8,"(0.205, 2.79]",49,15,0.30612244897959184,-0.2741959183673469,-1.0444,-13.435599999999999
close_change_5_8,"(-2.131, -0.4]",50,2,0.04,-0.9118,-1.0444,-45.59
close_change_5_8,"(-0.4, -0.08]",48,5,0.10416666666666667,-0.7373166666666666,-1.0444,-35.3912
close_change_5_8,"(-0.08, 0.275]",48,6,0.125,-0.723775,-1.0444,-34.7412
close_change_5_8,"(0.275, 2.24]",49,14,0.2857142857142857,-0.3913387755102041,-1.0444,-19.1756
mfe_minus_mae_8,"(-5.731000000000001, -1.125]",49,0,0.0,-1.0444,-1.0444,-51.175599999999996
mfe_minus_mae_8,"(-1.125, -0.76]",49,2,0.04081632653061224,-0.9078693877551022,-1.0444,-44.485600000000005
mfe_minus_mae_8,"(-0.76, -0.48]",49,13,0.2653061224489796,-0.5050122448979592,-1.0444,-24.7456
mfe_minus_mae_8,"(-0.48, 2.7]",48,12,0.25,-0.3019,-1.0444,-14.4912
mfe_to_mae_8,"(-0.0313, 0.0791]",49,1,0.02040816326530612,-0.9699102040816326,-1.0444,-47.5256
mfe_to_mae_8,"(0.0791, 0.25]",49,5,0.10204081632653061,-0.7699102040816327,-1.0444,-37.7256
mfe_to_mae_8,"(0.25, 0.475]",48,8,0.16666666666666666,-0.7250249999999999,-1.0444,-34.801199999999994
mfe_to_mae_8,"(0.475, 3.755]",49,13,0.2653061224489796,-0.3029714285714285,-1.0444,-14.845599999999997
mae_speed_1_8,"(0.0928, 0.108]",50,14,0.28,-0.31699999999999995,-0.7794,-15.849999999999998
mae_speed_1_8,"(0.108, 0.128]",48,12,0.25,-0.4269,-1.0444,-20.4912
mae_speed_1_8,"(0.128, 0.172]",50,0,0.0,-1.0444,-1.0444,-52.22
mae_speed_1_8,"(0.172, 0.719]",47,1,0.02127659574468085,-0.985889361702128,-1.0444,-46.33680000000002
mae_speed_3_8,"(-0.001, 0.033]",49,11,0.22448979591836735,-0.40991020408163265,-1.0444,-20.0856
mae_speed_3_8,"(0.033, 0.082]",49,8,0.16326530612244897,-0.7170530612244898,-1.0444,-35.1356
mae_speed_3_8,"(0.082, 0.136]",49,7,0.14285714285714285,-0.6795020408163266,-1.0444,-33.2956
mae_speed_3_8,"(0.136, 0.79]",48,1,0.020833333333333332,-0.9662749999999999,-1.0444,-46.38119999999999
mae_speed_5_8,"(-0.001, 0.0433]",98,22,0.22448979591836735,-0.4914408163265305,-1.0444,-48.161199999999994
mae_speed_5_8,"(0.0433, 0.122]",48,3,0.0625,-0.8971083333333333,-1.0444,-43.0612
mae_speed_5_8,"(0.122, 0.647]",49,2,0.04081632653061224,-0.891338775510204,-1.0444,-43.675599999999996
mfe_speed_1_8,"(-0.00475, 0.0112]",50,3,0.06,-0.8912,-1.0444,-44.56
mfe_speed_1_8,"(0.0112, 0.035]",51,5,0.09803921568627451,-0.8038117647058824,-1.0444,-40.994400000000006
mfe_speed_1_8,"(0.035, 0.0644]",45,7,0.15555555555555556,-0.7017333333333333,-1.0444,-31.578
mfe_speed_1_8,"(0.0644, 0.46]",49,12,0.24489795918367346,-0.36256326530612243,-1.0444,-17.7656
mfe_speed_3_8,"(-0.001, 0.58]",195,27,0.13846153846153847,-0.6917846153846152,-1.0444,-134.89799999999997
mfe_speed_5_8,"(-0.001, 0.707]",195,27,0.13846153846153847,-0.6917846153846152,-1.0444,-134.89799999999997
mae_path_std_8,"(-0.001, 0.2]",49,12,0.24489795918367346,-0.4172571428571428,-1.0444,-20.4456
mae_path_std_8,"(0.2, 0.283]",49,7,0.14285714285714285,-0.6552163265306123,-1.0444,-32.1056
mae_path_std_8,"(0.283, 0.387]",48,7,0.14583333333333334,-0.7066916666666666,-1.0444,-33.9212
mae_path_std_8,"(0.387, 1.651]",49,1,0.02040816326530612,-0.988277551020408,-1.0444,-48.425599999999996
mfe_path_std_8,"(-0.001, 0.0963]",146,13,0.08904109589041095,-0.8221397260273972,-1.0444,-120.03239999999998
mfe_path_std_8,"(0.0963, 1.3]",49,14,0.2857142857142857,-0.3033795918367347,-1.0444,-14.8656
close_path_std_8,"(0.122, 0.257]",49,8,0.16326530612244897,-0.6484816326530612,-1.0444,-31.7756
close_path_std_8,"(0.257, 0.335]",49,7,0.14285714285714285,-0.7227673469387756,-1.0444,-35.415600000000005
close_path_std_8,"(0.335, 0.462]",48,6,0.125,-0.691275,-1.0444,-33.1812
close_path_std_8,"(0.462, 1.62]",49,6,0.12244897959183673,-0.704604081632653,-1.0444,-34.5256
quality,"(0.749, 0.829]",49,5,0.10204081632653061,-0.7601142857142857,-1.0444,-37.2456
quality,"(0.829, 0.938]",49,8,0.16326530612244897,-0.7188897959183673,-1.0444,-35.2256
quality,"(0.938, 1.0]",97,14,0.14432989690721648,-0.6435752577319587,-1.0444,-62.42679999999999
vol_percentile,"(0.401, 0.451]",49,6,0.12244897959183673,-0.6829714285714286,-1.0444,-33.4656
vol_percentile,"(0.451, 0.505]",49,6,0.12244897959183673,-0.7260326530612246,-1.0444,-35.5756
vol_percentile,"(0.505, 0.561]",48,7,0.14583333333333334,-0.711275,-1.0444,-34.1412
vol_percentile,"(0.561, 0.6]",49,8,0.16326530612244897,-0.6472571428571429,-1.0444,-31.7156
