past_return_30,directional_pressure_30,close_location_30,normalized_momentum_30,past_return_5,past_return_10,past_return_15,directional_pressure_5,directional_pressure_10,directional_pressure_15,close_location_5,close_location_10,close_location_15,normalized_momentum_10,normalized_momentum_15,realized_vol_5,realized_vol_15,realized_vol_30,realized_vol_60,vol_ratio_5_30,vol_ratio_5_60,variance_ratio_5_30,variance_ratio_5_60,direction_streak,up_streak,down_streak,state_probability_0,state_probability_1,state_probability_2,past_return_30_distance,directional_pressure_30_distance,close_location_30_distance,normalized_momentum_30_distance,target,pnl_R,pnl_points,entry_timestamp,exit_timestamp,holding_bars,exit_reason,window,xgb_probability,model
-0.006136483589618718,-0.3059049206196975,0.022082018927444796,-1.4398007810138849,-7.777216093870186e-05,-0.0029510982631694178,-0.004854701294985709,-0.018189889027452128,-0.37551882382186763,-0.4369273942011663,0.11764705882352941,0.07368421052631578,0.028397565922920892,-1.4996766011391376,-1.456062248892822,0.001967823103279598,0.0033341303221597735,0.00426203657515556,0.0053108184629598295,0.4617095767667772,0.3705310428146115,1.2790543996689392,1.6475190442714018,-1.0,0.0,1.0,2.3738380241831981e-32,0.008249901620961697,0.9917500983853659,-0.003999020867418733,-0.08935599662672278,-0.10754761070218483,-0.5330966235993438,1,1.3,26.0,2024-12-27 10:11:00-05:00,2024-12-27 10:13:00-05:00,2,target,1,0.6119964,xgboost
-0.0027505700913870047,-0.24536557596672393,0.02727272727272727,-1.0728676286112107,0.00010118555753437072,-0.0019542443633156124,-0.0032885720994544516,0.03831171100138685,-0.41610273792194125,-0.5452897753589466,0.05263157894736842,0.06569343065693431,0.030927835051546393,-1.4452141465377784,-1.7655687514847627,0.0013522178481281063,0.0018626134477566579,0.0025637553208195133,0.00424391298909489,0.5274363887798252,0.3186252525918297,1.6691348652546178,1.2182646190704876,-2.0,0.0,2.0,0.0002547049888033498,0.16631397414389068,0.8334313208688678,-0.0006131073691870194,-0.02881665197374922,-0.10235690235690235,-0.16616347119666963,0,-1.0,-20.0,2024-12-31 11:12:00-05:00,2024-12-31 11:18:00-05:00,6,stop,1,0.5887801,xgboost
-0.004046101713265416,-0.29393525244268764,0.12101910828025478,-1.3182603510553512,-0.0002032589186847658,-0.0007450808079981503,-0.0018616621552911394,-0.18752573636773587,-0.178317195447348,-0.25486327089527056,0.0,0.5816326530612245,0.4351145038167939,-1.251137278721407,-0.8280484544402614,0.0005955228260479791,0.0022482526780991012,0.003069273615053547,0.004082957633668625,0.19402728486869994,0.14585574465363457,0.22587952364111785,0.25528677898159496,-1.0,0.0,1.0,1.0386721345192149e-36,3.801530633261852e-12,1.0,-0.001908638991065431,-0.07738632844971294,-0.008610521349374844,-0.4115561936408102,0,-1.0,-20.0,2024-12-31 13:36:00-05:00,2024-12-31 13:44:00-05:00,8,stop,1,0.60746443,xgboost
-0.005326924861382715,-0.3713391285441315,0.030730897009966777,-1.000881891036869,0.0004214579088590529,-0.002593179574934842,-0.0023773379337005086,0.2387345126017168,-0.31508341169489895,-0.24577052230773408,0.6101694915254238,0.08872901678657075,0.08872901678657075,-2.9144378340357378,-0.6035907102161042,0.0008897700766339433,0.003938658918142308,0.005322231233361869,0.006157839309221982,0.16717989835851352,0.1444938771463918,0.16769471049097742,0.2505417663935588,1.0,1.0,-0.0,1.0706448106261381e-218,8.24313052059243e-38,1.0,-0.00318946213918273,-0.15479020455115677,-0.09889873261966284,-0.09417773362232806,0,-1.0,-20.0,2025-01-10 09:54:00-05:00,2025-01-10 09:58:00-05:00,4,stop,1,0.74514955,xgboost
-0.0030653626936574573,-0.2761867724524641,0.11910112359550562,-1.0985997155400113,0.00010234076070861678,0.0006028241926420893,-0.0021580862750441225,0.09475675344321761,0.2691201198199222,-0.43154023799708874,0.0,0.23255813953488372,0.43089430894308944,1.2047843579998117,-1.1262859614709253,0.000500358581715736,0.001916108651683512,0.0027902453007196465,0.0039040741974603783,0.17932422700853076,0.12816318451150904,0.19294307035324246,0.19710962236957336,-1.0,0.0,1.0,3.1800849975869405e-33,9.633662039084811e-12,0.9999999999854481,-0.000927899971457472,-0.059637848459489384,-0.010528506034124002,-0.19189555812547032,1,1.3,26.0,2025-01-10 14:20:00-05:00,2025-01-10 14:22:00-05:00,2,target,1,0.66713196,xgboost
-0.007490242118076569,-0.49487376775774927,0.11956521739130435,-2.234668361099649,-0.000529484225683176,0.0007140965255136031,-0.0001266413001997227,-0.3770467648174832,0.19877168710265514,-0.02186485222590421,0.0,0.6260162601626016,0.6260162601626016,1.0207246282552,-0.06809515929297948,0.0006995976248111706,0.0018597694977824841,0.0033518361151319677,0.003546914531805723,0.20872071329884404,0.197241184848908,0.2613860169598695,0.46684902000721323,-1.0,0.0,1.0,8.69578906201354e-52,5.235738839415112e-10,0.999999999476131,-0.0053527793958765835,-0.27832484376477457,-0.010064412238325271,-1.327964203685108,0,-1.0,-20.0,2025-01-14 15:21:00-05:00,2025-01-14 15:25:00-05:00,4,stop,1,0.7219449,xgboost
-0.004533747546938082,-0.21799184856996906,0.09198813056379822,-0.953395234740586,-7.434916397819347e-17,0.000689065010538017,-0.000388778739811053,-2.9687063814837315e-14,0.1846131347868834,-0.04800636483899839,0.2835820895522388,0.43478260869565216,0.4806201550387597,0.7812715234188439,-0.15419577646757326,0.0008819789149906152,0.0025213319632837778,0.004755370471483101,0.005755837491137156,0.1854700743674224,0.1532320737596722,0.2063948909151432,0.2817608211442754,1.0,1.0,-0.0,3.584312143602391e-137,2.2200558777162216e-31,1.0,-0.0023962848247380967,-0.0014429245769943533,-0.037641499065831405,-0.04669107732604494,1,1.3,26.0,2025-01-30 10:18:00-05:00,2025-01-30 10:20:00-05:00,2,target,1,0.7358996,xgboost
-0.005790738799234343,-0.32068255202036855,0.0,-1.3799137940891895,-0.003205166619043829,-0.002604979876268061,-0.0038383065141213884,-0.8182630301741537,-0.3753453816394796,-0.44309529487955857,0.0,0.0,0.0,-1.277509731502727,-1.4387033193048344,0.0020391076576801014,0.0026678929996324856,0.004196449679710981,0.006072795192585671,0.48591257212943384,0.3357774456430979,1.4166661665206535,1.3529579160312428,-2.0,0.0,2.0,8.822069215256571e-33,1.4168599695955675e-07,0.9999998583080114,-0.0036532760770343576,-0.10413362802739384,-0.12962962962962962,-0.47320963667464844,0,-1.0,-20.0,2025-01-30 10:31:00-05:00,2025-01-30 10:33:00-05:00,2,stop,1,0.66861147,xgboost
-0.004896905423215803,-0.23251840903312673,0.037300177619893425,-1.1065416446770484,-0.001316433668030575,-0.001957145892144122,-0.003035313112489453,-0.3836976954862059,-0.2432434588847585,-0.25205548912530173,0.11666666666666667,0.05865921787709497,0.056910569105691054,-1.1417698757948147,-0.8390523327435577,0.001714133411324855,0.0036175492207553943,0.004425414485547896,0.004572911296117191,0.3873385005907834,0.37484510420753336,0.9001866842394978,1.6861062257802788,1.0,1.0,-0.0,2.4862265792480053e-32,0.07888146740045579,0.9211185325990567,-0.0027594427010158174,-0.015969485040152026,-0.09232945200973619,-0.19983748726250739,1,1.3,26.0,2025-02-25 09:49:00-05:00,2025-02-25 09:52:00-05:00,3,target,1,0.5837068,xgboost
-0.007314315747271897,-0.32736099775074845,0.03229974160206718,-1.4588881181285038,-0.0007123675212914207,-0.004086384048889923,-0.0015823503459854744,-0.2750753379334873,-0.5096270429969179,-0.15037900679865304,0.30120481927710846,0.08143322475570032,0.06459948320413436,-3.038838248588077,-0.45956439679603023,0.0013447191704884466,0.0034431525962786307,0.005013623496128596,0.005929788473502417,0.268213034250938,0.22677354790940646,0.43162939045256915,0.6171149043770384,-1.0,0.0,1.0,7.216493735788551e-70,2.3793379658981596e-20,1.0,-0.005176853025071912,-0.11081207375777374,-0.09732988802756244,-0.5521839607139628,0,-1.0,-20.0,2025-02-25 10:08:00-05:00,2025-02-25 10:11:00-05:00,3,stop,1,0.62470716,xgboost
-0.004205377965070034,-0.3263334808812175,0.11136363636363636,-1.3850270197982972,-0.0005677947006962304,-0.001985872592268458,-0.0029829946183656674,-0.2474485943820582,-0.46901103400981836,-0.48064906368932075,0.6447368421052632,0.20416666666666666,0.196,-1.4749630743003264,-1.3469128830491939,0.0013463880058221052,0.0022146900931058347,0.0030363147469010874,0.004258354953836697,0.4434283393038389,0.3161756172084798,1.1797721525865632,1.1996042510059581,-2.0,0.0,2.0,4.300179261047561e-05,0.13038929497329843,0.869567703236885,-0.0020679152428700488,-0.10978455688824279,-0.018265993265993263,-0.4783228623837562,0,-1.0,-20.0,2025-02-26 14:01:00-05:00,2025-02-26 14:03:00-05:00,2,stop,1,0.5806598,xgboost
-0.004008795179670016,-0.23703105830365284,0.041666666666666664,-1.0502041766881474,-0.0026137863622290097,-0.0022051226867418677,-0.0012281940270675073,-0.9127559197305034,-0.44116056345803734,-0.16042277346113137,0.0,0.0,0.0,-1.5099804316671344,-0.5219717246656727,0.0014603650752660702,0.0023529895759280372,0.003817157909533249,0.0071947684607373205,0.3825791622659487,0.20297596555545191,0.8782008924006907,0.49439091111801614,-3.0,0.0,3.0,2.3943604266697442e-55,1.7109767591374074e-31,1.0,-0.0018713324574700305,-0.020482134310678135,-0.08796296296296297,-0.14350001927360634,1,1.3,26.0,2025-02-27 10:53:00-05:00,2025-02-27 10:57:00-05:00,4,target,1,0.5857614,xgboost
-0.006223460163062885,-0.3820089698762943,0.08275862068965517,-1.6611560743083027,-0.00036099612030104813,-0.003116571505768565,-0.001745546391801182,-0.116097240139211,-0.5313843475397735,-0.18209276482263934,0.45714285714285713,0.18532818532818532,0.1518987341772152,-1.8851802545944054,-0.6291750347123264,0.0016531954958541044,0.0027743414717643507,0.003746463236848051,0.004993297862268444,0.4412683086261804,0.3310828917991008,1.1683063211868596,1.3153905749046604,-1.0,0.0,1.0,1.7080370124785917e-15,4.644689186529619e-05,0.999953553111511,-0.0040859974408629,-0.16546004588331958,-0.04687100893997445,-0.7544519168937617,0,-1.0,-20.0,2025-02-28 13:04:00-05:00,2025-02-28 13:17:00-05:00,13,both_hit_conservative_stop,1,0.6280372,xgboost
-0.006429637347408212,-0.25535663530790503,0.09126984126984126,-1.2105624909336414,0.0007936736577657731,-0.001723207429527244,-0.0006551686718920839,0.18923234947245313,-0.21063131569961002,-0.056731439049560246,0.0,0.31797235023041476,0.3150684931506849,-0.7767955298854409,-0.19229122086857026,0.0022183539467347047,0.003407168922911396,0.005311280826526667,0.006806547540721312,0.4176683589493809,0.3259147068999416,1.0466811484048135,1.2746447540840982,-3.0,0.0,3.0,5.137468632940091e-41,3.8824442401064144e-10,0.9999999996070983,-0.0042921746252082265,-0.03880771131493033,-0.03835978835978836,-0.3038583335191004,0,-1.0,-20.0,2025-03-03 10:15:00-05:00,2025-03-03 10:21:00-05:00,6,stop,1,0.6325885,xgboost
-0.006300598200843076,-0.3189938229354738,0.029465930018416207,-1.4691352390004981,-0.0009628821448253988,-0.000164460159897081,-0.0018662086766500388,-0.5060571826785943,-0.026849092239243408,-0.19278130547254452,0.19753086419753085,0.06557377049180328,0.06557377049180328,-0.16527703531170665,-0.64953746362986,0.0009950575383138676,0.0028731347784328896,0.004288644117698507,0.006869762714259001,0.23202147602022605,0.14484598372641147,0.323003792007626,0.25176430802006233,1.0,1.0,-0.0,2.369218653175477e-94,6.229812077974501e-35,1.0,-0.0041631354786430905,-0.10244489894249909,-0.10016369961121341,-0.5624310815859571,1,1.3,26.0,2025-03-03 15:39:00-05:00,2025-03-03 15:43:00-05:00,4,target,1,0.6371726,xgboost
-0.008064225590419263,-0.3056980782131785,0.07049891540130152,-1.2567154634260915,0.0005589681831006948,-0.005265104835687568,-0.0037026969898888997,0.2848196953475606,-0.6761745116900653,-0.30967388711460125,0.9848484848484849,0.14942528735632185,0.12770137524557956,-4.673592386850557,-0.9562452940617346,0.0011265648349011498,0.003872120482979188,0.006416906471759609,0.009769139004968877,0.17556198455737027,0.1153187434765894,0.1849320625303339,0.15958095116423313,-1.0,0.0,1.0,0.0,4.081451372302111e-90,1.0,-0.005926762868219278,-0.08914915422020381,-0.05913071422832811,-0.3500113060115505,0,-1.0,-20.0,2025-03-04 10:24:00-05:00,2025-03-04 10:27:00-05:00,3,stop,1,0.62458,xgboost
-0.006114001994476105,-0.23515172025678324,0.05660377358490566,-1.043437331229173,-0.0010353185705602376,-0.0019050984770611526,-0.004064520966744631,-0.5364390628147298,-0.19949945246748194,-0.34713343246071904,0.38461538461538464,0.1517509727626459,0.10743801652892562,-1.870340516329603,-1.0103768914069349,0.0010185837607794325,0.004022777046182089,0.005859481745083615,0.010746123516927506,0.17383512827462477,0.09478615792708313,0.18131191093353144,0.1078129888149353,-1.0,0.0,1.0,0.0,2.315246823659223e-122,1.0,-0.0039765392722761195,-0.018602796263808535,-0.07302585604472396,-0.1367331738146319,0,-1.0,-20.0,2025-03-05 10:31:00-05:00,2025-03-05 10:32:00-05:00,1,stop,1,0.6084928,xgboost
-0.0036385299990180403,-0.23887570390896065,0.06514657980456026,-0.9421957202343109,-0.00014154949537649426,0.00047197640994148254,-0.003215304307604172,-0.10524920461630294,0.14711109803110184,-0.41911359093739686,0.6875,0.25287356321839083,0.11730205278592376,0.7426516349898267,-1.1513855418788455,0.0006355286754979648,0.0027925522691186464,0.0038617560246539742,0.006356954433718776,0.164569867034754,0.09997376607373049,0.16249944681501968,0.1199370468355798,-1.0,0.0,1.0,4.953236466913565e-150,1.0962387101062984e-37,1.0,-0.001501067276818055,-0.022326779915985945,-0.06448304982506936,-0.03549156281976984,0,-1.0,-20.0,2025-03-05 11:22:00-05:00,2025-03-05 11:25:00-05:00,3,stop,1,0.6308058,xgboost
-0.0038742204331997858,-0.24176848699359396,0.08607594936708861,-0.9911038297202603,0.0003952247601637184,-0.002344884700885441,-0.0035731725527350425,0.37785154530533116,-0.46751748854402214,-0.5149243818857573,0.14285714285714285,0.14847161572052403,0.1152542372881356,-4.2160946597768705,-1.3052157307207184,0.0005561745857502972,0.0027376107019197477,0.00390899552299509,0.006013797735358318,0.1422806914151065,0.09248308809593823,0.12146277089736456,0.1026374590051329,1.0,1.0,-0.0,1.3784323820577557e-153,2.906086025825746e-34,1.0,-0.0017367577109998005,-0.025219563000619255,-0.043553680262541014,-0.08439967230571932,0,-1.0,-20.0,2025-03-05 16:12:00-05:00,2025-03-05 16:18:00-05:00,6,stop,1,0.61599004,xgboost
-0.006257710699851961,-0.3019501897035888,0.0,-1.2824609435731804,-0.004070792738140197,-0.002489023756653786,-0.002852466146243187,-0.9665326856687694,-0.3140209070716179,-0.22046057130197746,0.0,0.0,0.0,-1.031780979506391,-0.6657996097992328,0.002412356697876469,0.004284271279617193,0.00487945518435578,0.006313356711174739,0.4943905839346212,0.3821036586775717,1.4665322968992944,1.7520384716974342,-1.0,0.0,1.0,4.826329992688154e-70,0.07969909687376768,0.9203009031313047,-0.0041202479776519755,-0.08540126571061407,-0.12962962962962962,-0.3757567861586394,1,1.3,26.0,2025-03-06 11:40:00-05:00,2025-03-06 11:44:00-05:00,4,target,1,0.6649308,xgboost
-0.0054341174288037985,-0.2423155342051235,0.04279279279279279,-1.0925656006997533,-0.00292881759013723,-0.0025483181800768874,-0.0020367940053545464,-0.8041803258102954,-0.40569983493791417,-0.22035601255140244,0.0,0.0,0.0,-1.4080562623653505,-0.7137910217494419,0.001809812752649561,0.0028534878462922316,0.004973721875668994,0.007128722123322899,0.3638749407165295,0.25387618164108716,0.7944298348887469,0.7734373872558995,-4.0,0.0,4.0,5.341509056542054e-20,8.799786227581866e-20,1.0,-0.003296654706603813,-0.025766610212148794,-0.08683683683683682,-0.18586144328521226,0,-1.0,-20.0,2025-03-06 15:24:00-05:00,2025-03-06 15:27:00-05:00,3,stop,1,0.62806594,xgboost
-0.008977330986734405,-0.40911211365981437,0.028888888888888888,-1.8036960437322018,-0.004516622367947835,-0.006303294274355598,-0.006291393691821905,-0.8511719665513259,-0.7043617216787325,-0.49448443870127295,0.06326034063260341,0.04180064308681672,0.04180064308681672,-2.1400019416394374,-1.5899483862098756,0.002945461941743239,0.003956979828017783,0.004977186160567576,0.008103932340529644,0.5917926006222262,0.36346082592672957,2.101310892907306,1.5852452638000851,1.0,1.0,-0.0,1.476071974875384e-129,9.13635280457185e-06,0.9999908636508644,-0.006839868264534419,-0.19256318966683966,-0.10074074074074074,-0.8969918863176608,1,1.3,26.0,2025-03-07 10:34:00-05:00,2025-03-07 10:36:00-05:00,2,target,1,0.5863127,xgboost
-0.0075522721973401655,-0.5010147801807725,0.0,-2.185361779279734,-0.003231680461736022,-0.0033516161763366523,-0.005615700279666312,-0.6640033350022774,-0.5824155441332041,-0.6571602020002079,0.0,0.0,0.0,-1.5026730863584041,-2.034960809318104,0.0022304360188276206,0.0027596110224589925,0.003455845283351342,0.006585322696273738,0.6454096858944541,0.3386980595635349,2.4993219758782685,1.3765965066252464,-1.0,0.0,1.0,6.192244432063867e-45,0.012346634251395669,0.9876533657507207,-0.00541480947514018,-0.2844658561877978,-0.12962962962962962,-1.278657621865193,0,-1.0,-20.0,2025-03-07 11:29:00-05:00,2025-03-07 11:34:00-05:00,5,stop,1,0.60119283,xgboost
-0.0042131397957351924,-0.25501896470448593,0.002577319587628866,-1.0949133568225,1.2167300380524593e-05,-0.0021027178985244263,-0.003097839458278162,0.0028520435680193146,-0.3221545569489021,-0.3497262994082869,0.0,0.005681818181818182,0.0048543689320388345,-1.0365717669526442,-1.1587060341964885,0.002028530937810589,0.0026735335510929457,0.003847920723117271,0.0060153908187806715,0.5271758655586956,0.33722346542760046,1.6674863593653586,1.3646359876200005,-3.0,0.0,3.0,5.293603517294736e-34,1.5114040886013682e-06,0.9999984885955708,-0.002075677073535207,-0.03847004071151122,-0.12705231004200077,-0.188209199407959,1,1.3,26.0,2025-03-10 10:42:00-04:00,2025-03-10 10:46:00-04:00,4,target,1,0.63358724,xgboost
-0.00467455536108064,-0.28787224024113184,0.0,-1.2824282713459731,-0.00028060244308232,-0.002279140763662152,-0.0034836450246786797,-0.09097864343789071,-0.3673353015893135,-0.4108071578497759,0.0,0.0,0.0,-1.4067143246884264,-1.2767302973514862,0.0016201873569226357,0.002728567679411485,0.00364508133946116,0.005153902136647162,0.44448592666032044,0.3143612963471282,1.1854064339945027,1.185876295692564,-2.0,0.0,2.0,1.7397518003538004e-13,3.9012241191485e-06,0.9999960987701043,-0.0025370926388806544,-0.07132331624815713,-0.12962962962962962,-0.3757241139314321,0,-1.0,-20.0,2025-03-10 12:04:00-04:00,2025-03-10 12:14:00-04:00,10,stop,1,0.6365388,xgboost
-0.008032664970132698,-0.3862975385356094,0.01637107776261937,-1.7932412700057752,-0.0018972999974960444,-0.0027708183015741883,-0.005987636918952257,-0.5202693087541211,-0.3942854332307089,-0.5141062720308557,0.08888888888888889,0.035398230088495575,0.02526315789473684,-1.5580883046738354,-1.746200215150293,0.0017783448430121048,0.003428952113854201,0.00447941116708006,0.0075018212582445235,0.39700415449277304,0.2370550805989544,0.9456737921071294,0.674341334853321,1.0,1.0,-0.0,2.9660751659529e-28,4.0334489236063286e-24,1.0,-0.005895202247932713,-0.16974861454263468,-0.11325855186701025,-0.8865371125912341,1,1.3,26.0,2025-03-11 12:12:00-04:00,2025-03-11 12:15:00-04:00,3,target,1,0.604913,xgboost
-0.005871992989623948,-0.338569368677238,0.0,-1.4262913495761982,-0.0014218158362228742,-0.0019529324905684545,-0.004284036503225763,-0.815521010934421,-0.3835071519642001,-0.4488203734610791,0.0,0.0,0.0,-2.3249794031760835,-1.2819495576519637,0.0008399784049272063,0.003341813628823635,0.004116965998124244,0.005298093304593693,0.20402850188947733,0.15854352814037947,0.24976577749958673,0.30163260378239154,-1.0,0.0,1.0,1.6630376798258567e-78,2.4816756530033242e-21,1.0,-0.003734530267423963,-0.12202044468426332,-0.12962962962962962,-0.5195871921616572,0,-1.0,-20.0,2025-03-11 13:05:00-04:00,2025-03-11 13:18:00-04:00,13,stop,1,0.5926671,xgboost
-0.005200940113678932,-0.2584459770870932,0.0,-1.1931035875133607,-0.0011810905150654626,-0.0024458666723805164,-0.003526954424729392,-0.37460008918716825,-0.42853127473565195,-0.3796396326057992,0.0,0.0,0.0,-1.4054068580864885,-1.2469633185986984,0.0017403264103255133,0.0028284347840262713,0.0043591689507183635,0.005230696919055068,0.3992335305193249,0.3327140603359419,0.9563244713455484,1.3283837513427457,-2.0,0.0,2.0,3.692509157218354e-23,2.282970526337498e-05,0.9999771702992206,-0.0030634773914789467,-0.04189705309411851,-0.12962962962962962,-0.28639943009881963,0,-1.0,-20.0,2025-03-12 13:08:00-04:00,2025-03-12 13:09:00-04:00,1,stop,1,0.6084651,xgboost
-0.004148212278720721,-0.22473069731717185,0.0,-0.9287496148810467,-0.0006147264046442288,-0.0015606666106829207,-0.0033518144052803183,-0.28104039997343777,-0.3860182547629446,-0.4813539806164905,0.0,0.0,0.0,-1.2847675558388783,-1.4368861923444751,0.0012147462812165245,0.00233269302964863,0.004466448450966001,0.006921374262463579,0.27197140962273947,0.17550651578031418,0.44381068591307976,0.36963044497614805,-3.0,0.0,3.0,8.41778666141212e-61,6.041369556054937e-32,1.0,-0.002010749556520736,-0.008181773324197145,-0.12962962962962962,-0.022045457466505658,0,-1.0,-20.0,2025-03-13 10:49:00-04:00,2025-03-13 10:51:00-04:00,2,stop,1,0.68159914,xgboost
-0.002962014359224891,-0.21819644523739457,0.055384615384615386,-0.9349423611772362,6.180202341797835e-05,0.00017305529159749683,-0.0029250432767688062,0.060256356961776635,0.10450027673556346,-0.6152641879430492,0.0,0.3157894736842105,0.11538461538461539,0.3327724421286525,-1.7007010025089142,0.0005200409339502707,0.0017199044820069569,0.0031681250975677897,0.0041874019922911844,0.16414785336270743,0.12419178643646878,0.1616671065815094,0.1850831978193777,-2.0,0.0,2.0,2.4352564606644176e-55,2.6680995485738477e-15,1.0,-0.0008245516370249057,-0.0016475212444198584,-0.07424501424501423,-0.028238203762695147,1,1.3,26.0,2025-03-13 15:19:00-04:00,2025-03-13 15:26:00-04:00,7,target,1,0.6394567,xgboost
-0.005109910632249344,-0.22355974943766058,0.07308377896613191,-1.002704086978426,-0.00154305899138871,-0.002876009349864978,-0.0002083295045003223,-0.36188001927385494,-0.3145376506146272,-0.017565276409463485,0.35964912280701755,0.11884057971014493,0.11884057971014493,-1.3959670540127291,-0.06280439652373747,0.0020602272393161745,0.0033171165719518116,0.005096130252792404,0.006164797297423172,0.4042728770889012,0.3341922110200331,0.9806193548984269,1.3402132068775003,1.0,1.0,-0.0,2.6723446689060236e-40,1.392937900343233e-09,0.9999999986030161,-0.0029724479100493584,-0.00701082544468587,-0.05654585066349771,-0.09599992956388503,1,1.3,26.0,2025-03-14 10:16:00-04:00,2025-03-14 10:21:00-04:00,5,target,1,0.6891778,xgboost
-0.0029356483750461702,-0.22550350006578998,0.08762886597938144,-0.9726421152057468,0.0004131377873265061,-0.0007529297823666982,-0.0033231889505499178,0.45953791336542454,-0.15743474498114937,-0.4519656209961455,0.05,0.16346153846153846,0.16346153846153846,-1.2654918927696805,-1.3807677783774583,0.0005949700560458125,0.002406768902483371,0.0030182205038748306,0.004566469038743411,0.19712610635372144,0.13029105223267534,0.2331522108370721,0.2037090995027728,1.0,1.0,-0.0,2.1581153011624434e-43,2.030242302849202e-16,1.0,-0.000798185652846185,-0.008954576072815273,-0.042000763650248185,-0.06593795779120581,0,-1.0,-20.0,2025-03-17 11:09:00-04:00,2025-03-17 11:11:00-04:00,2,stop,1,0.5974086,xgboost
-0.006500899384109998,-0.443584902400415,0.0,-1.9651458487167905,-0.0021914945467611598,-0.0030952774150016576,-0.0034636912786603583,-0.9109746661553264,-0.599267095874839,-0.5027996682343296,0.0,0.0,0.0,-2.3221287126009558,-1.578754080665395,0.0013329482548513508,0.002193939715551216,0.003308100204549695,0.004027091285461818,0.4029346671597556,0.33099529172914965,0.9741380759948584,1.3146945977623785,-3.0,0.0,3.0,3.529660701329782e-06,0.1899497408448624,0.8100467295013924,-0.004363436661910013,-0.22703597840744028,-0.12962962962962962,-1.0584416913022494,1,1.3,26.0,2025-03-26 10:21:00-04:00,2025-03-26 10:24:00-04:00,3,target,1,0.7109608,xgboost
-0.00519807479261695,-0.34694990010474075,0.0,-1.6329327208599633,-0.0039823862442935395,-0.0024275227650256024,-0.0036571496920660296,-0.7079601002834118,-0.38442480655303246,-0.43505519387335595,0.0,0.0,0.0,-0.8458926328423341,-1.183183326601501,0.0028697764595356965,0.0030909408625378358,0.0031832755423502382,0.003450949597310566,0.901516824841659,0.8315903720449015,4.8763955128355185,8.298510562533332,-2.0,0.0,2.0,7.436076610059651e-99,0.0,1.0,-0.0038187207158440033,-0.1131969227840347,-0.04838709677419355,-0.6665531842215855,1,1.3,26.0,2025-03-27 09:37:00-04:00,2025-03-27 09:41:00-04:00,4,target,2,0.6053118,xgboost
-0.002628708983218548,-0.2836514998664846,0.0,-1.245466114635063,-0.0015879714524680742,-0.0023190788648815024,-0.0027030059482218566,-0.8312915048209508,-0.7825123228720251,-0.6056869370084068,0.0,0.0,0.0,-2.364173051789507,-1.8532716017337159,0.0009809260210990598,0.0014585050273760323,0.002110622643466131,0.0026901443811028435,0.4647567030211294,0.3646369421617892,1.2959927580184218,1.5955211950692,-4.0,0.0,4.0,0.00012152491370906811,0.08814617363145441,0.9117323014645178,-0.001249354906445601,-0.049898522545778534,-0.04838709677419355,-0.2790865779966851,0,-1.0,-20.0,2025-03-28 15:35:00-04:00,2025-03-28 15:39:00-04:00,4,stop,2,0.6993714,xgboost
-0.004275069065219146,-0.5100690550472607,0.0,-1.8102479450095046,-0.0025672339584678024,-0.003145210553941416,-0.0038483836513866785,-0.8179654597309036,-0.8216741366173665,-0.7947965144682796,0.0,0.0,0.0,-1.5801825934382148,-1.868164552196234,0.0019904095684904113,0.0020599810904571966,0.0023615931049692203,0.002823821678415852,0.8428249406310632,0.7048637609464844,4.26212328329853,5.961995057947472,-1.0,0.0,1.0,1.3028263757019282e-60,7.563433595672034e-304,1.0,-0.0028957149884461996,-0.2763160777265547,-0.04838709677419355,-0.8438684083711268,1,1.3,26.0,2025-03-31 09:32:00-04:00,2025-03-31 09:33:00-04:00,1,target,2,0.66550237,xgboost
-0.00600034624857915,-0.5842036275718067,0.00998003992015968,-2.5776015139253747,-0.0014738784086716092,-0.003943015465592807,-0.004729756301305703,-0.7568266556001839,-0.8927752887730416,-0.873742687750688,0.038461538461538464,0.019762845849802372,0.014326647564469915,-3.861648727221547,-2.7166013751564013,0.0010210704660415352,0.0017410564334391534,0.0023278797037333166,0.0029979350797566954,0.4386268175301337,0.3405912532717028,1.1543609103396795,1.3920288216622707,1.0,1.0,-0.0,0.0003770112334095542,0.06581773359559064,0.9338052551502106,-0.004620992171806203,-0.3504506502511006,-0.038407056854033866,-1.611221977286997,0,-1.0,-20.0,2025-04-22 15:24:00-04:00,2025-04-22 15:26:00-04:00,2,stop,2,0.6885439,xgboost
-0.005855417220815144,-0.5091164683380461,0.035940803382663845,-2.2406495651149174,-0.00019748925393479368,-0.0025643231420957808,-0.003680050416606155,-0.06978922116083928,-0.46299966441615426,-0.536128718019074,0.17,0.08900523560209424,0.05573770491803279,-1.745291251490223,-1.7022851887905854,0.00146928092368894,0.002161829545859295,0.0026132677380609646,0.0032847315282821506,0.562238955576416,0.44730624437283756,1.8966758590059547,2.400994515059192,-1.0,0.0,1.0,1.0589193534537714e-07,7.625134415130937e-14,0.9999998941202703,-0.004476063144042197,-0.2753634910173401,-0.012446293391529702,-1.2742700284765396,1,1.3,26.0,2025-04-22 15:27:00-04:00,2025-04-22 15:38:00-04:00,11,target,2,0.58561665,xgboost
-0.0022513799205844585,-0.2780567441334879,0.0,-1.1999389548203485,-0.001826507375954728,-0.0028508928343129875,-0.0027509989714591693,-0.8488396525006905,-0.8975924552039388,-0.5732434671067265,0.0,0.0,0.0,-2.433609037283639,-1.8066445397339226,0.0011714670641982472,0.0015227118068639714,0.0018762453802673058,0.002768182273731563,0.6243677274405068,0.42319000280970914,2.3390103544153384,2.14907734173698,-2.0,0.0,2.0,6.419509696091054e-12,8.5666581104204e-07,0.9999991433000136,-0.0008720258438115116,-0.044303766812781864,-0.04838709677419355,-0.23355941818197068,1,1.3,26.0,2025-04-24 15:05:00-04:00,2025-04-24 15:12:00-04:00,7,target,2,0.6018944,xgboost
-0.005631100401161001,-0.5478712323841791,0.0,-2.2173266499736384,-0.0026687775094690323,-0.0033921048466118847,-0.004307569026763213,-1.0,-0.9154468542810622,-0.7989032657134579,0.0,0.0,0.0,-2.048554149212469,-2.2238626941438624,0.001655853152778959,0.0019369761622902405,0.0025395899161848564,0.0031908106594127107,0.6520159582561635,0.518944346601791,2.550748858924219,3.2316388184395173,-9.0,0.0,9.0,6.701907708699166e-13,2.2557088651695303e-31,1.0,-0.0042517463243880544,-0.3141182550634731,-0.04838709677419355,-1.2509471133352605,1,1.3,26.0,2025-05-01 11:56:00-04:00,2025-05-01 11:57:00-04:00,1,target,2,0.5856376,xgboost
-0.0065747249570257725,-0.5935214059575431,0.0,-2.4968376543184,-0.0030936954426068622,-0.0043598313053231745,-0.0048417474130570855,-1.0,-1.0,-0.8663090336409063,0.0,0.0,0.0,-2.516114820221095,-2.456715496004841,0.0017327632547945763,0.0019708213755035247,0.0026332208446370035,0.00324868891516091,0.6580394722013688,0.5333730929754938,2.598095681850336,3.413842275722937,-11.0,0.0,11.0,4.049637928166593e-14,4.0225832186749327e-41,1.0,-0.005195370880252826,-0.35976842863683706,-0.04838709677419355,-1.5304581176800223,0,-1.0,-20.0,2025-05-01 11:58:00-04:00,2025-05-01 11:59:00-04:00,1,stop,2,0.5887863,xgboost
-0.005871451851180787,-0.6165163363129672,0.0,-2.5262861654461832,-0.003316027453278917,-0.00577468273013184,-0.005423816146574082,-1.0,-1.0,-0.8206265515211333,0.0,0.0,0.0,-3.5712787103546226,-2.555662340225277,0.001616979014656188,0.0021222741600895453,0.0023241436110797023,0.0034903069393276507,0.6957311101378135,0.4632770248474686,2.9042506656815665,2.575507221018264,-14.0,0.0,14.0,1.7682804170753976e-14,1.2671885925778765e-08,0.9999999873107299,-0.00449209777440784,-0.38276335899226116,-0.04838709677419355,-1.5599066288078054,0,-1.0,-20.0,2025-05-07 10:56:00-04:00,2025-05-07 10:59:00-04:00,3,stop,2,0.7013828,xgboost
-0.006339629152496996,-0.4274932578495391,0.0,-1.607828851749522,-0.005379078525109455,-0.004502835603730301,-0.004989732013967681,-1.0,-0.5622936847665816,-0.4951149526490728,0.0,0.0,0.0,-1.40535282092253,-1.3853126815935592,0.0032040606007923754,0.003601881423786484,0.003942975115540858,0.004301662918628607,0.8125997519395641,0.7448423229344635,3.9619101411134467,6.657481032412891,-6.0,0.0,6.0,1.4690675703133747e-36,1.70614593e-316,1.0,-0.0049602750757240495,-0.19374028052883308,-0.04838709677419355,-0.6414493151111442,1,1.3,26.0,2025-05-07 14:08:00-04:00,2025-05-07 14:09:00-04:00,1,target,2,0.72968256,xgboost
-0.003899246621597085,-0.3459039986574186,0.0,-1.4435499859291927,-0.0026211079905600083,-0.00438856808571958,-0.004495948073772322,-1.0,-0.8360197934596428,-0.6765599088731066,0.0,0.0,0.0,-2.9543321547005297,-2.1086148563221,0.0014854687475601177,0.0021321807822288937,0.002701151092518071,0.0037877314036473615,0.5499391543385793,0.39217900882034534,1.814598440847791,1.8456524995117023,-5.0,0.0,5.0,0.0004649979172265101,2.162409367580768e-05,0.9995133780039005,-0.002519892544824138,-0.11215102133671256,-0.04838709677419355,-0.47717044929081487,1,1.3,26.0,2025-05-09 10:27:00-04:00,2025-05-09 10:28:00-04:00,1,target,2,0.66358054,xgboost
-0.006304187969083478,-0.546766042672517,0.0,-2.296841609351491,-0.0030553765404255024,-0.0048602477908778734,-0.005934451491561172,-1.0,-0.8495393899016388,-0.7564424550223088,0.0,0.0,0.0,-2.971658085265777,-2.549438742502363,0.001635533985210545,0.002327748218706483,0.0027447203775028497,0.003887497958704301,0.5958836457863719,0.4207163585895919,2.1304639158939502,2.1240270526186324,-7.0,0.0,7.0,1.5903491396416377e-06,8.164130746410191e-10,0.9999984088366471,-0.004924833892310531,-0.313013065351811,-0.04838709677419355,-1.3304620727131133,0,-1.0,-20.0,2025-05-09 10:29:00-04:00,2025-05-09 10:31:00-04:00,2,stop,2,0.6914264,xgboost
-0.0016012268134592503,-0.26378757867041935,0.0,-1.1396193591556067,-0.0011131810863728223,-0.0024405621998857393,-0.001941582829133661,-0.9607860294675892,-0.9071526087329409,-0.6044752155388704,0.0,0.0,0.0,-3.763256276957096,-1.7598570197428498,0.0006485240494594048,0.0011032616896441763,0.0014050540652851568,0.001937503717476088,0.46156519203251184,0.33472144781441365,1.2782545589760572,1.3444613715237268,-2.0,0.0,2.0,2.6859558914309733e-06,0.014244195038151304,0.9857531189920468,-0.00022187273668630345,-0.030034601349713308,-0.04838709677419355,-0.17323982251722891,0,-1.0,-20.0,2025-05-13 14:01:00-04:00,2025-05-13 14:07:00-04:00,6,stop,2,0.71566236,xgboost
-0.0036879121405194028,-0.41924785688483546,0.016260162601626018,-1.599015853361506,-0.00178909155101181,-0.003236138922986936,-0.0038121140025779822,-0.6640405029620347,-0.5836843534429058,-0.5664038139308524,0.030303030303030304,0.024390243902439025,0.017595307917888565,-2.3595717934449696,-1.722129263811217,0.0013714941549891051,0.002213605031100542,0.002306363712884114,0.002738286937995703,0.5946564920907674,0.5008584513034905,2.1216980615141825,3.0103102589055726,1.0,1.0,-0.0,3.9110877288342434e-12,2.72088798162196e-43,1.0,-0.0023085580637464556,-0.1854948795641294,-0.032126934172567526,-0.6326363167231281,0,-1.0,-20.0,2025-05-20 14:30:00-04:00,2025-05-20 14:36:00-04:00,6,stop,2,0.5888972,xgboost
-0.0070345024370118405,-0.5969224677089798,0.0,-2.496123982090939,-0.003669977525965318,-0.005370533713450464,-0.004593817159044811,-1.0,-0.7829986444181753,-0.6016277070006427,0.0,0.0,0.0,-2.9382392567209696,-1.8875397301226364,0.00182780680680303,0.002433759187016606,0.0028181702862047813,0.0030197442400074297,0.6485792628466501,0.6052853028369491,2.5239303611682242,4.396443573965007,-5.0,0.0,5.0,3.100746632916126e-25,1.4849320704263697e-150,1.0,-0.005655148360238894,-0.3631694903882738,-0.04838709677419355,-1.5297444454525613,1,1.3,26.0,2025-05-21 13:18:00-04:00,2025-05-21 13:19:00-04:00,1,target,2,0.8647293,xgboost
-0.006012384456037918,-0.5780561026781973,0.0,-2.284633692304051,-0.00301071081706903,-0.0029082220480401684,-0.004433080952698618,-1.0,-0.6061008517727023,-0.6628995143594788,0.0,0.0,0.0,-1.6494970814967835,-1.9234463257673802,0.0017630962071185933,0.0023047593755599035,0.0026316623431979743,0.00288656780047187,0.6699553275425499,0.6107932773414775,2.6930408454158727,4.476821131746517,-7.0,0.0,7.0,6.234385484264939e-28,1.4746660978019687e-160,1.0,-0.004633030379264972,-0.34430312535749125,-0.04838709677419355,-1.318254155665673,0,-1.0,-20.0,2025-05-22 15:57:00-04:00,2025-05-22 16:05:00-04:00,8,stop,2,0.6079912,xgboost
-0.005815447041934851,-0.4333125559828314,0.0,-1.550072762151108,-0.003989765285257295,-0.0034707536522592336,-0.003583605184902788,-1.0,-0.5495769354888382,-0.4462190736302133,0.0,0.0,0.0,-1.1954725817973382,-1.0846266481992126,0.0029032482259368215,0.003303998837620842,0.0037517251989283946,0.004363688679281779,0.7738435178477562,0.6653197419240888,3.5930027406899425,5.311804307927234,-5.0,0.0,5.0,2.3368721139935172e-17,1.810537083510031e-142,1.0,-0.004436092965161904,-0.19955957866212537,-0.04838709677419355,-0.5836932255127301,1,1.3,26.0,2025-05-29 11:58:00-04:00,2025-05-29 11:59:00-04:00,1,target,2,0.6685002,xgboost
-0.007074816041215408,-0.5587494673324557,0.0,-2.3434865352124485,-0.004323751395460073,-0.005666125095398076,-0.007324537943123746,-1.0,-0.9688579482906716,-0.8632756842746407,0.0,0.0,0.0,-2.6944167369654513,-2.680659136539259,0.002102913412636929,0.0027323645305310064,0.0030189275401891914,0.004009244255892909,0.6965763121645321,0.5245161627521204,2.911311352012438,3.301406459858508,-6.0,0.0,6.0,6.737088786632961e-11,4.8229212702777844e-26,0.9999999999417923,-0.005695461964442461,-0.32499649001174963,-0.04838709677419355,-1.3771069985740707,1,1.3,26.0,2025-05-30 12:31:00-04:00,2025-05-30 12:32:00-04:00,1,target,2,0.5932131,xgboost
-0.008327107638336145,-0.598462541142586,0.0,-2.5268318633244875,-0.00492479556550509,-0.0062802800739174625,-0.007247359626155495,-1.0,-0.9718175339676351,-0.8620205826677866,0.0,0.0,0.0,-2.74903558350811,-2.6569760374676132,0.0022845393895931485,0.00272767218219364,0.0032954735766947247,0.0038962318109754027,0.6932355354778729,0.5863458593910574,2.883453045895759,4.125617601900452,-8.0,0.0,8.0,9.145229942229499e-15,1.0952013520549452e-72,1.0,-0.006947753561563198,-0.36470956382187997,-0.04838709677419355,-1.5604523266861097,1,1.3,26.0,2025-05-30 12:33:00-04:00,2025-05-30 12:34:00-04:00,1,target,2,0.6039645,xgboost
-0.0014567616879179765,-0.2984772342606061,0.0,-1.3871542839783322,-0.0012122629091937146,-0.000823164334499798,-0.001012173980113568,-0.9478348913131415,-0.35590210699492525,-0.33100703099463014,0.0,0.0,0.0,-1.258357472584148,-1.1278256125097246,0.0006541577830100675,0.0008974561039283373,0.0010501800014198937,0.0016269176049351502,0.6229006285833046,0.40208415043621254,2.328031158536856,1.9400599683841295,-2.0,0.0,2.0,2.5364721603703944e-17,3.0343359177963705e-30,1.0,-7.740761114502959e-05,-0.06472425693990003,-0.04838709677419355,-0.42077474733995435,0,-1.0,-20.0,2025-06-04 15:52:00-04:00,2025-06-04 16:00:00-04:00,8,stop,2,0.66054296,xgboost
-0.003917765339618052,-0.3810718376533495,0.0,-1.5992027386616376,-0.001699953188472251,-0.003264022082300383,-0.0037515999381953023,-0.6298860120476761,-0.7656819194834598,-0.7511830035406409,0.0,0.0,0.0,-2.1928720633225978,-2.194616542760459,0.0014884689977557558,0.0017094557819547006,0.002449824056014814,0.0028613360681965503,0.607581999246543,0.5202006902649193,2.2149353148505573,3.247305097825183,-4.0,0.0,4.0,3.524878950679097e-10,4.0301853263910657e-50,0.999999999650754,-0.002538411262845105,-0.14731886033264346,-0.04838709677419355,-0.6328232020232598,1,1.3,26.0,2025-06-05 12:46:00-04:00,2025-06-05 12:48:00-04:00,2,target,2,0.6250465,xgboost
-0.006222657143813983,-0.5513464814204224,0.0,-2.349478336883947,-0.0017150943607919585,-0.004559667148700921,-0.00553562321942362,-0.49989561501392554,-0.7265848607806461,-0.6709596352559091,0.0,0.0,0.0,-2.7611375397354707,-2.2721329738941654,0.0016513726980575396,0.0024363112912076713,0.0026485271415896236,0.0033263418546357585,0.6235060506370343,0.49645309178192343,2.332558771085952,2.9575880680779707,-1.0,0.0,1.0,2.3381895080990696e-10,5.451463073224195e-25,0.9999999997671694,-0.004843303067041036,-0.3175935040997164,-0.04838709677419355,-1.383098800245569,1,1.3,26.0,2025-06-05 12:52:00-04:00,2025-06-05 12:53:00-04:00,1,target,2,0.6551444,xgboost
-0.00672250760188302,-0.7202301086907841,0.0,-2.6247549962297714,-0.004222227250361207,-0.004557449002687611,-0.005618243804888384,-1.0,-0.8869523027164391,-0.8902554552087864,0.0,0.0,0.0,-2.1091756091851495,-2.375318178732652,0.002160772665320323,0.002365259465107109,0.002561194325390106,0.003469100056166032,0.8436582276868847,0.6228625955828897,4.270555230862653,4.655493755715055,-6.0,0.0,6.0,1.341696265834048e-35,8.041604300492322e-65,1.0,-0.005343153525110073,-0.48647713137007803,-0.04838709677419355,-1.6583754595913935,1,1.3,26.0,2025-06-05 15:17:00-04:00,2025-06-05 15:18:00-04:00,1,target,2,0.61429113,xgboost
-0.007959784314128958,-0.7529752772345913,0.0,-2.8830184353107113,-0.004250863021534743,-0.0061852401796169435,-0.006185240179616837,-1.0,-0.955152055821024,-0.8993026202707597,0.0,0.0,0.0,-2.9933648972202898,-2.480370093884835,0.0020663168013230547,0.00249367632470093,0.0027609203661825036,0.003560489764535826,0.7484159364509777,0.5803462270568938,3.3607584836027637,4.041620919110061,-8.0,0.0,8.0,1.886245756200695e-20,3.3011861435062815e-49,1.0,-0.0065804302373560115,-0.5192222999138854,-0.04838709677419355,-1.9166388986723335,1,1.3,26.0,2025-06-05 15:19:00-04:00,2025-06-05 15:20:00-04:00,1,target,2,0.69062155,xgboost
-0.0028950001085598876,-0.38139982859860033,0.0,-1.3784604172686272,-0.002795311911006306,-0.003138640540787343,-0.0033600803432821155,-1.0,-0.7589769372633128,-0.7000758846496998,0.0,0.0,0.0,-1.7644382280963786,-1.7521691419808771,0.0017788327700049705,0.0019176689411864935,0.002100169197673614,0.002549704683177389,0.8469949811545698,0.697662275063254,4.30440298860618,5.840791800557226,-7.0,0.0,7.0,2.1150057968020331e-66,0.0,1.0,-0.0015156460317869408,-0.1476468512778943,-0.04838709677419355,-0.4120808806302494,1,1.3,26.0,2025-06-10 11:33:00-04:00,2025-06-10 11:34:00-04:00,1,target,2,0.6865282,xgboost
-0.002035286361558214,-0.4145583337097663,0.0,-1.7831478960120097,-0.0008632902962221554,-0.0007637179042450286,-0.0018032075421290578,-0.7359057581924466,-0.43958580838256933,-0.6014645799340814,0.0,0.0,0.0,-1.146211864743112,-1.8480188088561693,0.0006662973292604961,0.0009757517258415527,0.001141400758798588,0.0013884822782244137,0.5837540619491309,0.4798745649908869,2.0446128290526597,2.7633551775023157,-1.0,0.0,1.0,1.191896244236888e-18,5.322211441644705e-87,1.0,-0.0006559322847852669,-0.18080535638906026,-0.04838709677419355,-0.8167683593736319,0,-1.0,-20.0,2025-06-10 13:41:00-04:00,2025-06-10 13:54:00-04:00,13,stop,2,0.6709418,xgboost
-0.005979557972096981,-0.5494742995229952,0.0,-2.4558617790766317,-0.002112546962683517,-0.003964337369477791,-0.0038528807427086844,-1.0,-0.8988169959557706,-0.6067486918505113,0.0,0.0,0.0,-3.094347532535685,-1.8835785277813641,0.0012811545334822773,0.0020455110768580107,0.002434810469807958,0.0032185548141584913,0.5261824480257498,0.3980527309482042,1.6612078116622255,1.9013517193838816,-5.0,0.0,5.0,0.00021350275065019393,8.375714699724948e-06,0.9997781215320289,-0.004600203895324034,-0.31572132220228916,-0.04838709677419355,-1.489482242438254,0,-1.0,-20.0,2025-06-13 14:34:00-04:00,2025-06-13 14:35:00-04:00,1,stop,2,0.8091094,xgboost
-0.004490595880825546,-0.5204757381186687,0.03622047244094488,-1.769748306839392,-0.0017919031081582125,-0.0026360272107521284,-0.0033445412166729534,-0.43303907976494577,-0.48728198207041074,-0.4780905393048822,0.4423076923076923,0.16487455197132617,0.13813813813813813,-1.2676044545262029,-1.4295107335809305,0.0020795345119999646,0.002339640506437376,0.0025374206396870853,0.002857764318954073,0.8195466212714392,0.7276788005950973,4.029939986624591,6.354197242026231,-1.0,0.0,1.0,9.323722640109204e-66,0.0,1.0,-0.0031112418040525995,-0.2867227607979626,-0.012166624333248666,-0.8033687702010142,0,-1.0,-20.0,2025-06-19 09:52:00-04:00,2025-06-19 09:56:00-04:00,4,stop,2,0.74263924,xgboost
-0.004209495479521942,-0.6829709638915431,0.0,-1.8456799658548024,-0.0036172074985045214,-0.004276524849582742,-0.004220667353212955,-1.0,-0.9826934486726437,-0.9010083392839245,0.0,0.0,0.0,-2.2725521822039605,-2.0560066090564617,0.0018818159085945804,0.0020528471720963463,0.002280728813986107,0.0024066541934894907,0.8250941089772383,0.7819220200747125,4.084681732013657,7.336824545732629,-8.0,0.0,8.0,3.265778180945202e-102,0.0,1.0,-0.002830141402748995,-0.44921798657083706,-0.04838709677419355,-0.8793004292164246,1,1.3,26.0,2025-06-23 09:34:00-04:00,2025-06-23 09:35:00-04:00,1,target,2,0.6339092,xgboost
-0.003228754280143943,-0.3388530154120346,0.0,-1.381722438872686,-0.0014152548984846553,-0.001560010567870532,-0.0019273731867334382,-0.5452704658872513,-0.34162140958723086,-0.3041425896228573,0.0,0.0,0.0,-1.0390983542929675,-0.9385074470271819,0.0015013117491962616,0.0020536578509191264,0.002336760400864739,0.0029519888638315493,0.6424756892665109,0.5085763593456197,2.47665006779087,3.103798959422939,-1.0,0.0,1.0,1.0186397404784939e-13,5.785623243977681e-32,1.0,-0.0018494002033709962,-0.10510003809132856,-0.04838709677419355,-0.41534290223430825,0,-1.0,-20.0,2025-06-23 11:42:00-04:00,2025-06-23 11:44:00-04:00,2,stop,2,0.6571628,xgboost
-0.0024310236250487086,-0.27342591531045773,0.1383399209486166,-1.1859293768121568,-0.0005383464281531394,-0.0006136918060188697,-0.00018307030489240925,-0.5556166976729019,-0.31849937904387654,-0.058443087883035934,0.0,0.0,0.0,-1.2059610742441693,-0.19707381469230123,0.0005088819358481353,0.0009289428185994359,0.0020498890343566946,0.0022600677018702166,0.24824852824671795,0.2251622530719027,0.36976399065996907,0.6083764825009865,-2.0,0.0,2.0,5.6874713774463584e-05,4.081263933769052e-12,0.999943125282135,-0.0007746863429554281,-0.07532879836600723,-0.0009005853804973096,-0.34740142628543946,1,1.3,26.0,2025-06-27 14:13:00-04:00,2025-06-27 14:20:00-04:00,7,target,3,0.65193987,xgboost
-0.005198303087110151,-0.47660287873928686,0.0,-1.9245334390040736,-0.0004591343796121134,-0.0024320790253036695,-0.003996999581648454,-0.24582211936276965,-0.45967496276971526,-0.572344035568077,0.0,0.0,0.0,-2.489560688841215,-1.7328736488711813,0.0009769109209527642,0.002306573006203976,0.0027010718451326156,0.0030679257665979774,0.36167528187492565,0.318427170431852,0.7848540571158416,1.2167503544308282,-4.0,0.0,4.0,0.3562118965564415,1.3341110138513998e-07,0.643787970032857,-0.0035419658050168707,-0.2785057617948363,-0.13924050632911392,-1.0860054884773562,0,-1.0,-20.0,2025-07-10 10:07:00-04:00,2025-07-10 10:11:00-04:00,4,stop,3,0.58763736,xgboost
-0.0021248458628486625,-0.28969320757424133,0.096,-1.1774828886417517,-0.0002710648695679419,-0.0005524775631373842,-0.000573319797842811,-0.37137014915976235,-0.31739277142360955,-0.16717009311103934,0.7096774193548387,0.20754716981132076,0.2222222222222222,-1.5664938944671876,-0.44000614785394504,0.000352684147119066,0.0013029813347815264,0.0018045662347583767,0.0023499588536367907,0.19543984605601844,0.15008098825783814,0.2291804005584012,0.2702916364373923,2.0,2.0,-0.0,1.7876763083003203e-06,1.0264098307047509e-09,0.9999982112965508,-0.000468508580755382,-0.09159609062979082,-0.043240506329113915,-0.3389549381150343,1,1.3,26.0,2025-08-19 13:00:00-04:00,2025-08-19 13:06:00-04:00,6,target,3,0.5817159,xgboost
-0.004093619362013383,-0.22473151948759598,0.11923076923076924,-1.023794564727131,-0.0023926242397519786,-0.0013981572026616098,-0.0004980528356855962,-1.0,-0.35898573450114796,-0.056451358920792144,0.0,0.0,0.2152777777777778,-1.1551059150391292,-0.18203195894417232,0.0012104147199473456,0.0027360735915518265,0.003998477334273057,0.005804637882566146,0.30271891491599634,0.20852544886266686,0.5498324486875096,0.5217943538805203,-5.0,0.0,5.0,0.00031913839610188925,8.597810394619058e-55,0.9996808616034918,-0.002437282079920103,-0.026634402543145475,-0.02000973709834468,-0.18526661420041357,1,1.3,26.0,2025-08-20 10:31:00-04:00,2025-08-20 10:42:00-04:00,11,target,3,0.60932374,xgboost
-0.005734551462227795,-0.3772897955835543,0.036308623298033284,-1.7201693712346977,-0.0009702104448376868,-0.0025018516317819282,-0.003760832439947799,-0.36751156550531944,-0.39616498946091194,-0.4484596391560714,0.3076923076923077,0.0653950953678474,0.0653950953678474,-1.9794146515038573,-1.551018839952692,0.001263935088022689,0.002424749682642481,0.00333371327156678,0.0036980719495248162,0.37913731177866544,0.34178217873373135,0.8624706070965179,1.4017806923997156,1.0,1.0,-0.0,0.3998135342245213,8.097946471464255e-11,0.6001864656940891,-0.004078214180134515,-0.1791926786391038,-0.10293188303108064,-0.8816414207079804,1,1.3,26.0,2025-08-29 10:10:00-04:00,2025-08-29 10:14:00-04:00,4,target,3,0.6067881,xgboost
-0.006727431297235567,-0.3669112474652127,0.0996309963099631,-1.683375867048663,0.0008389392571842965,-0.0010450997676255108,-0.0020374504796172557,0.41119886278209733,-0.17316683782503567,-0.21066329039712442,0.9827586206896551,0.5159235668789809,0.2154255319148936,-0.8949788996043899,-0.6816332952152514,0.001167736767970149,0.002989071240972544,0.003996392860870858,0.005389166333216255,0.2921976914240825,0.21668226507925273,0.51227694524138,0.5634144479985066,1.0,1.0,-0.0,0.14973265744238848,1.1198929753794202e-51,0.8502673425578252,-0.005071094015142287,-0.1688141305207622,-0.03960951001915082,-0.8448479165219456,1,1.3,26.0,2025-09-05 10:34:00-04:00,2025-09-05 10:36:00-04:00,2,target,3,0.5943278,xgboost
-0.0018910062164044948,-0.21180539649827873,0.07342657342657342,-0.9396025335383126,-0.0008654785327949528,0.00013089334728061695,-0.0022627515650776044,-0.8958753001929758,0.056301584701269745,-0.4795483364339347,0.0,0.1891891891891892,0.1111111111111111,0.1969460744963072,-1.4524380617593977,0.000664615162375685,0.0015578988355184253,0.0020125597248907253,0.0026724152699426434,0.3302337586089631,0.24869456848671173,0.6543260119500174,0.742187860737501,-2.0,0.0,2.0,3.132472556421559e-07,2.611879457918861e-05,0.9999735679576545,-0.00023466893431121428,-0.013708279553828223,-0.06581393290254049,-0.10107458301159522,1,1.3,26.0,2025-09-25 13:33:00-04:00,2025-09-25 13:43:00-04:00,10,target,3,0.64134175,xgboost
-0.006704654526649753,-0.4387288731288613,0.0,-2.071871479206515,-0.002488077154746136,-0.0028200240261775722,-0.0028803661661292233,-0.7793288504193737,-0.5094117332152178,-0.3320887526588233,0.0,0.0,0.0,-1.8854593379209645,-1.2029202724245458,0.0014956695005086252,0.002394478031635215,0.003236037849807895,0.00509823810852862,0.4621915966147969,0.2933698796858046,1.2817264318880108,1.0327906356823617,-3.0,0.0,3.0,0.0002077000909942761,3.1029733731189277e-07,0.9997919896125589,-0.005048317244556472,-0.24063175618441077,-0.13924050632911392,-1.2333435286797978,0,-1.0,-20.0,2025-09-26 10:27:00-04:00,2025-09-26 10:30:00-04:00,3,stop,3,0.5841222,xgboost
-0.0025851542781476174,-0.2265301253363206,0.09025270758122744,-1.2458691040802292,-0.0013083843322287516,-0.0007792441726218952,0.00024988630303279677,-0.7080296695514092,-0.22297652064498213,0.05116883150494696,0.0,0.0,0.12041884816753927,-0.922259969318675,0.1654978378978434,0.0008449289772357423,0.0015099067529029818,0.0020749806457847145,0.002189291453729247,0.4071984859001939,0.3859371833734093,0.9948636415164623,1.7873701141224065,-1.0,0.0,1.0,1.6841120778538016e-23,0.0024257707386409486,0.9975742292610436,-0.001659062171253509,-0.048375971991223815,-0.02314935427444266,-0.47393746901563105,1,1.3,26.0,2025-09-30 09:54:00-04:00,2025-09-30 09:55:00-04:00,1,target,4,0.616616,xgboost
-0.0014983476912656067,-0.28704541771456243,0.0,-1.296353350751659,-0.00029397066384499477,-0.0004605156877176907,-0.0007837298100914032,-0.23444444713942178,-0.23863520688187018,-0.3030634584340319,0.0,0.0,0.0,-0.7839341738877492,-0.9945230214004156,0.0005874417815387029,0.0007880459207347572,0.0011558173474823252,0.0024353655674416584,0.5082479362490153,0.24121297820425705,1.549895788208299,0.6982044102500087,-3.0,0.0,3.0,1.3275898441166846e-15,8.611627362472003e-07,0.999999138837127,-0.0005722555843714984,-0.10889126436946564,-0.1134020618556701,-0.5244217156870608,1,1.3,26.0,2025-10-09 10:28:00-04:00,2025-10-09 10:32:00-04:00,4,target,4,0.60008556,xgboost
-0.0015294672049293676,-0.19602156649185035,0.0,-0.8139826951681195,-0.0002962085329714083,-0.0013914178422024118,-0.0018350801337489488,-0.1923590615753603,-0.39501141788771255,-0.3735156668266817,0.0,0.0,0.0,-1.568725142194737,-1.127110558206197,0.000886973635327689,0.0016281278889530492,0.0018789922857186446,0.002496259869444557,0.47204751295104685,0.3553210329520098,1.3369731268996123,1.5150364374969985,-1.0,0.0,1.0,6.171400338121176e-12,5.380622906552504e-07,0.9999994619312558,-0.0006033750980352592,-0.017867413146753552,-0.1134020618556701,-0.04205106010352133,0,-1.0,-20.0,2025-10-15 11:17:00-04:00,2025-10-15 11:28:00-04:00,11,stop,4,0.6492305,xgboost
-0.0011328679369704939,-0.27619054357963135,0.0,-1.1693141986655393,-0.0004591615010257946,-0.00023449178897662668,-0.0006935456577298579,-0.48459385902139945,-0.13485433461360224,-0.2946009415139354,0.0,0.0,0.0,-0.3863153069067534,-0.8624410955298301,0.0006069958523109388,0.0008041658280485657,0.0009688310791602129,0.0013427215340392539,0.6265239269957004,0.45206383968903674,2.355193386588682,2.4523405818527415,-1.0,0.0,1.0,5.310121842406865e-101,0.02199499234808833,0.9780050076521203,-0.00020677583007638553,-0.09803639023453456,-0.1134020618556701,-0.39738256360094115,1,1.3,26.0,2025-11-26 15:48:00-05:00,2025-11-26 15:55:00-05:00,7,target,4,0.7033596,xgboost
-0.0019157468472752624,-0.3590095863521904,0.0,-1.3896055494306956,-0.0004108262556193801,-0.0009876544012724943,-0.001573918256333657,-0.4566030304965749,-0.38115253839498076,-0.43632083313871406,0.0,0.0,0.0,-1.6190774842735516,-1.2470624758930198,0.0006100105837217763,0.0012621005657367538,0.0013786263649134968,0.0016607570448372723,0.4424770911443087,0.36730874369498623,1.1747158571251735,1.618988558337469,-2.0,0.0,2.0,3.80151365734494e-25,5.361024350604425e-07,0.9999994638975822,-0.000989654740381154,-0.18085543300709359,-0.1134020618556701,-0.6176739143660974,0,-1.0,-20.0,2025-11-26 16:00:00-05:00,2025-11-26 16:01:00-05:00,1,stop,4,0.6485393,xgboost
-0.0014303388861952866,-0.281484795949083,0.0,-1.2315641864326823,-0.001198530976644095,-0.001072945919168627,-0.0008120650098235556,-1.0,-0.6982499092909383,-0.29799538521417757,0.0,0.0,0.0,-1.6898748315500298,-0.919309142184332,0.0006349262673996229,0.0008833426891568183,0.0011614001949328927,0.0014487210975155781,0.5466903399618508,0.4382667364259845,1.7932219668456237,2.304932787089801,-6.0,0.0,6.0,3.379997333580106e-72,0.013541961683038901,0.9864580383168821,-0.0005042467793011782,-0.1033306426039862,-0.1134020618556701,-0.4596325513680841,0,-1.0,-20.0,2025-12-02 15:55:00-05:00,2025-12-02 15:58:00-05:00,3,stop,4,0.6241055,xgboost
-0.00256975882138022,-0.28953319574960323,0.0,-1.2583324724334712,-0.0011418648179001801,-0.0015062194348522203,-0.0024548361067789496,-0.43295920491741485,-0.33344747714458506,-0.4038241943530492,0.0,0.0,0.0,-1.1772542427239707,-1.341374394147148,0.0012794342803701252,0.001830090180258544,0.0020421938380169114,0.00296677860124971,0.6264999220703408,0.43125371061769935,2.3550129141248584,2.2317571550584123,-3.0,0.0,3.0,5.244848607803085e-29,0.06104246391372678,0.9389575360863177,-0.0016436667144861116,-0.11137904240450644,-0.1134020618556701,-0.4864008373688731,1,1.3,26.0,2025-12-05 10:52:00-05:00,2025-12-05 10:53:00-05:00,1,target,4,0.62760526,xgboost
